ACCNUM,X,Y,Index_,YEAR,DATE,TIME,HOUR,STREET1,STREET2,OFFSET,ROAD_CLASS,District,WardNum,Division,LATITUDE,LONGITUDE,LOCCOORD,ACCLOC,TRAFFCTL,VISIBILITY,LIGHT,RDSFCOND,ACCLASS,IMPACTYPE,INVAGE,INJURY,FATAL_NO,PEDESTRIAN,CYCLIST,AUTOMOBILE,MOTORCYCLE,TRUCK,TRSN_CITY_VEH,EMERG_VEH,PASSENGER,SPEEDING,AG_DRIV,REDLIGHT,ALCOHOL,DISABILITY,Hood_ID,Neighbourhood,ObjectId
907009,-8838699.663999999,5412413.887999999,3425973,2006,2006/06/06 04:00:00+00,1515,15,SPADINA AVE,CECIL ST,,Major Arterial,Toronto and East York,11.0,52,43.656345,-79.39939,Mid-Block,,No Control,Clear,Daylight,Dry,Non-Fatal Injury,Pedestrian Collisions,unknown,2,,1,0,0,0,0,1,0,0,0,0,0,0,0,78,Kensington-Chinatown (78),519
907251,-8858236.235,5429046.159,3426598,2006,2006/06/07 04:00:00+00,2141,21,ISLINGTON AVE,STEELES AVE W,,Major Arterial,Etobicoke York,7.0,31,43.764345,-79.57489,Intersection,At Intersection,Traffic Signal,Clear,Dark,Dry,Non-Fatal Injury,Sideswipe,45 to 49,2,,0,0,1,0,0,0,0,0,1,1,0,0,0,21,Humber Summit (21),528
907409,-8847805.598,5407276.262999999,3603161,2006,2006/06/08 04:00:00+00,1543,15,LAKE SHORE BLVD W,PARK LAWN RD,,Major Arterial,Etobicoke York,3.0,22,43.622945,-79.48119,Intersection,At Intersection,Traffic Signal,Clear,Daylight,Dry,Non-Fatal Injury,Turning Movement,60 to 64,2,,0,0,1,0,0,0,0,1,0,0,0,0,0,17,Mimico (includes Humber Bay Shores) (17),533
907646,-8823560.213,5426379.897999999,3427627,2006,2006/06/10 04:00:00+00,934,9,MIDLAND AVE,ROMULUS DR,,Major Arterial,Scarborough,21.0,41,43.747045,-79.26339,Mid-Block,,No Control,Clear,Daylight,Dry,Fatal,SMV Other,85 to 89,3,,0,0,1,0,0,0,0,1,0,1,0,0,0,127,Bendale (127),539
907762,-8856544.178,5421188.296,3427931,2006,2006/05/21 04:00:00+00,1024,10,REXDALE BLVD,BERGAMOT AVE,,Major Arterial,Etobicoke York,1.0,23,43.713345000000004,-79.55969,Intersection,At Intersection,Traffic Signal,Rain,Daylight,Wet,Non-Fatal Injury,Turning Movement,unknown,2,,0,0,1,0,0,0,0,0,0,0,0,0,0,4,Rexdale-Kipling (4),355
907900,-8860284.513,5414845.257999999,3428301,2006,2006/05/24 04:00:00+00,622,6,RENFORTH DR,CONVAIR DR,,Major Arterial,Etobicoke York,1.0,23,43.672145,-79.59329,Intersection,At Intersection,Traffic Signal,Clear,Daylight,Dry,Non-Fatal Injury,Turning Movement,45 to 49,2,,0,0,1,0,0,0,0,0,0,1,1,0,0,1,West Humber-Clairville (1),359
908179,-8848417.856,5431975.31,3429050,2006,2006/03/18 05:00:00+00,2120,21,STEELES AVE W,SHALE GT,,Major Arterial,North York,6.0,31,43.783345000000004,-79.48669,Mid-Block,,No Control,Clear,Dark,Dry,Non-Fatal Injury,Approaching,25 to 29,2,,0,0,1,0,0,0,0,0,1,1,0,1,0,27,York University Heights (27),836
908396,-8836072.524,5410521.556,3429668,2006,2006/06/14 04:00:00+00,556,5,LAKE SHORE BLVD W,YONGE ST,,Major Arterial,Toronto and East York,10.0,51,43.644045,-79.37579000000001,Intersection,At Intersection,Traffic Signal,Clear,Daylight,Dry,Non-Fatal Injury,Angle,unknown,2,,0,0,1,0,0,0,0,0,0,1,1,0,0,77,Waterfront Communities-The Island (77),555
908674,-8837964.955,5420341.279,3430417,2006,2006/06/15 04:00:00+00,941,9,EGLINTON AVE E,REDPATH AVE,,Major Arterial,Toronto and East York,12.0,53,43.707845,-79.39279,Intersection,At Intersection,Traffic Signal,Clear,Daylight,Dry,Non-Fatal Injury,Pedestrian Collisions,80 to 84,2,,1,0,1,0,0,0,0,0,0,1,0,0,0,104,Mount Pleasant West (104),559
908702,-8852258.377999999,5428892.017999999,3430516,2006,2006/05/27 04:00:00+00,2358,23,GOSFORD BLVD,ARTECH CRT,,Collector,Etobicoke York,7.0,31,43.763345,-79.52119,Mid-Block,,No Control,Clear,Dark,Dry,Non-Fatal Injury,SMV Other,unknown,2,,0,0,1,0,0,0,0,1,1,1,0,1,0,24,Black Creek (24),370
908832,-8839668.144,5427212.058999999,3430856,2006,2006/05/29 04:00:00+00,2149,21,YONGE ST,LORD SEATON RD,,Major Arterial,North York,,32,43.752445,-79.40809,Intersection,,Traffic Signal,Clear,Dark,Dry,Non-Fatal Injury,Turning Movement,unknown,2,,0,0,1,0,0,0,0,1,0,0,0,0,0,40,St.Andrew-Windfields (40),386
909071,-8861286.389,5422035.391,3532845,2006,2006/06/18 04:00:00+00,2308,23,REXDALE BLVD,QUEENS PLATE DR,,Major Arterial,Etobicoke York,1.0,23,43.718845,-79.60229,Mid-Block,,No Control,Clear,Dark,Dry,Non-Fatal Injury,SMV Other,unknown,2,,0,0,1,0,0,0,0,0,0,0,0,0,0,1,West Humber-Clairville (1),578
909261,-8850232.363,5403939.875,3603197,2006,2006/06/19 04:00:00+00,1208,12,LAKE SHORE BLVD W,FIFTH ST,,Major Arterial,Etobicoke York,3.0,22,43.601245,-79.50299,Intersection,At Intersection,Traffic Signal,Clear,Daylight,Dry,Fatal,Pedestrian Collisions,unknown,3,,1,0,0,0,0,1,0,0,0,0,0,0,0,18,New Toronto (18),581
909380,-8821278.163999999,5436278.226,3532852,2006,2006/06/07 04:00:00+00,831,8,2275 MARKHAM RD,FINCH Aven E,,Major Arterial,Scarborough,23.0,42,43.811245,-79.24289,Mid-Block,,No Control,Clear,Daylight,Dry,Non-Fatal Injury,Approaching,unknown,2,,0,0,1,0,1,0,0,1,0,0,0,0,1,132,Malvern (132),525
909409,-8828424.875,5422559.0879999995,3603212,2006,2006/06/20 04:00:00+00,2055,20,BARTLEY DR,TISDALE AVE,,Collector,North York,16.0,54,43.722245,-79.30709,Intersection,At Intersection,Stop Sign,Clear,Dark,Dry,Fatal,SMV Unattended Vehicle,unknown,3,,0,0,1,1,0,0,0,1,1,1,0,0,0,43,Victoria Village (43),593
909606,-8820777.226,5425116.391,3432932,2006,2006/06/01 04:00:00+00,1203,12,MCCOWAN RD,EGLINTON AVE E,,Major Arterial,Scarborough,,43,43.738845,-79.23839,Intersection,At Intersection,Traffic Signal,Clear,Daylight,Dry,Non-Fatal Injury,Turning Movement,25 to 29,2,,0,0,1,0,0,0,0,1,0,1,0,1,0,138,Eglinton East (138),392
909646,-8829437.66,5416804.5139999995,3433027,2006,2006/01/01 05:00:00+00,315,3,DANFORTH AVE,WEST LYNN AVE,,Major Arterial,Toronto and East York,19.0,54,43.684874,-79.316188,Intersection,Intersection Related,No Control,Snow,"Dark, artificial",Slush,Non-Fatal Injury,SMV Other,unknown,2,,0,0,1,0,0,0,0,1,0,0,0,0,0,64,Woodbine Corridor (64),13
909657,-8849898.405,5428537.506,3433061,2006,2006/05/14 04:00:00+00,510,5,FINCH AVE W,SENTINEL RD,,Major Arterial,Etobicoke York,7.0,31,43.761045,-79.49999,Intersection,,Traffic Signal,Clear,"Dawn, artificial",Dry,Non-Fatal Injury,Pedestrian Collisions,unknown,2,,1,0,1,0,0,0,0,0,1,1,0,0,0,27,York University Heights (27),336
909745,-8837486.282,5412229.253,3551217,2006,2006/06/22 04:00:00+00,2210,22,UNIVERSITY AVE,DUNDAS ST W,,Major Arterial,Toronto and East York,11.0,52,43.655145000000005,-79.38849,Mid-Block,At Intersection,No Control,Clear,Dark,Dry,Non-Fatal Injury,Pedestrian Collisions,30 to 34,2,,1,0,1,0,0,0,0,0,0,0,0,0,0,76,Bay Street Corridor (76),600
910258,-8834035.377,5412383.116,3434759,2006,2006/06/08 04:00:00+00,2340,23,KING ST E,ST LAWRENCE ST,,Major Arterial,Toronto and East York,13.0,51,43.656145,-79.35749,Mid-Block,,No Control,Rain,Dark,Wet,Non-Fatal Injury,SMV Other,50 to 54,2,,0,0,0,1,0,0,0,0,0,0,0,0,0,73,Moss Park (73),534
910277,-8818728.947,5432468.732000001,3434809,2006,2006/06/09 04:00:00+00,1704,17,CREEKWOOD DR,SILVERSAND PL,,Local,Scarborough,24.0,43,43.786545000000004,-79.21999,Mid-Block,,No Control,Clear,Dark,Dry,Non-Fatal Injury,Pedestrian Collisions,unknown,2,,1,0,1,0,0,0,0,0,0,1,0,0,0,135,Morningside (135),537
910569,-8849798.217,5419478.942000001,3435597,2006,2006/06/11 04:00:00+00,1916,19,THURODALE AVE,RENFIELD ST,,Local,Etobicoke York,5.0,12,43.702245,-79.49909,Mid-Block,,No Control,Clear,Daylight,Dry,Non-Fatal Injury,SMV Other,unknown,2,,0,0,0,1,0,0,0,0,0,0,0,0,0,30,Brookhaven-Amesbury (30),544
910787,-8843196.972000001,5411506.136,3436141,2006,2006/02/26 05:00:00+00,117,1,LANSDOWNE AVE,DUNDAS ST W,,Minor Arterial,Toronto and East York,9.0,11,43.650445,-79.43979,Mid-Block,,No Control,Snow,Dark,Wet,Non-Fatal Injury,SMV Other,unknown,2,,0,0,1,0,0,0,0,1,1,1,0,0,0,83,Dufferin Grove (83),264
910951,-8861041.486,5425748.123,3436609,2006,2006/06/13 04:00:00+00,2124,21,SILVERSTONE DR,ALBION RD,,Major Arterial,Etobicoke York,1.0,23,43.742945,-79.60009000000001,Intersection,At Intersection,Traffic Signal,Clear,Dark,Dry,Non-Fatal Injury,Pedestrian Collisions,55 to 59,2,,1,0,1,0,0,0,0,0,1,1,0,0,0,1,West Humber-Clairville (1),552
911012,-8857189.832,5420541.476,3436765,2006,2006/06/14 04:00:00+00,1440,14,KIPLING AVE,BETHRIDGE RD,,Major Arterial,Etobicoke York,1.0,23,43.709145,-79.56549,Intersection,At Intersection,Traffic Signal,Clear,Daylight,Dry,Non-Fatal Injury,Pedestrian Collisions,40 to 44,2,,1,0,1,0,0,0,0,0,0,0,0,0,0,1,West Humber-Clairville (1),557
911228,-8833735.149,5411152.444,3437382,2006,2006/06/25 04:00:00+00,1729,17,LAKE SHORE BLVD E,CHERRY ST,,Major Arterial,Toronto and East York,10.0,51,43.648146000000004,-79.354793,Intersection,At Intersection,Traffic Signal,Clear,Daylight,Dry,Non-Fatal Injury,SMV Other,40 to 44,2,,0,0,0,1,0,0,0,1,1,1,0,0,0,77,Waterfront Communities-The Island (77),608
911336,-8825797.735,5425917.619,3437677,2006,2006/06/28 04:00:00+00,1000,10,BIRCHMOUNT RD,MODERN RD,,Major Arterial,Scarborough,21.0,41,43.744045,-79.28349,Intersection,,Stop Sign,Clear,Daylight,Dry,Non-Fatal Injury,Cyclist Collisions,unknown,2,,0,1,1,0,0,0,0,0,0,0,0,0,0,126,Dorset Park (126),512
911355,-8835014.989,5412460.0479999995,3437739,2006,2006/06/17 04:00:00+00,1325,13,SHUTER ST,BERKELEY ST,,Minor Arterial,Toronto and East York,13.0,51,43.656645000000005,-79.36629,Intersection,At Intersection,No Control,Clear,Daylight,Dry,Non-Fatal Injury,Cyclist Collisions,50 to 54,2,,0,1,1,0,0,0,0,0,0,0,0,0,0,73,Moss Park (73),564
911449,-8841415.86,5419340.359,3437995,2006,2006/06/20 04:00:00+00,2048,20,EGLINTON Aven W,OLD FOREST HILL Road,,Major Arterial,North York,,53,43.701345,-79.42379,Mid-Block,,Traffic Signal,Clear,Dark,Dry,Non-Fatal Injury,Approaching,unknown,2,,0,0,1,0,0,0,0,0,1,1,0,1,0,101,Forest Hill South (101),587
911521,-8847950.314,5416630.721,3438194,2006,2006/06/29 04:00:00+00,954,9,WESTON RD,JASPER AVE,,Minor Arterial,Etobicoke York,5.0,12,43.683745,-79.48249,Intersection,,No Control,Clear,Daylight,Dry,Non-Fatal Injury,Cyclist Collisions,unknown,2,,0,1,1,0,0,0,0,0,0,0,0,0,0,111,Rockcliffe-Smythe (111),715
911524,-8826844.138,5420572.276000001,3438203,2006,2006/06/18 04:00:00+00,2210,22,ST CLAIR AVE E,WESTBOURNE AVE,,Major Arterial,Scarborough,20.0,41,43.709345,-79.29289,Intersection,At Intersection,Traffic Signal,Clear,Dark,Dry,Non-Fatal Injury,Cyclist Collisions,unknown,2,,0,1,1,0,0,0,0,0,0,1,1,0,0,120,Clairlea-Birchmount (120),575
911540,-8827445.264,5425994.664,3532901,2006,2006/06/30 04:00:00+00,50,5,LAWRENCE AVE E,TOWER DR,,Major Arterial,Scarborough,21.0,41,43.744545,-79.29829000000001,Intersection,,Stop Sign,Clear,Dark,Dry,Non-Fatal Injury,SMV Other,unknown,2,,0,0,1,0,0,0,0,1,1,1,0,0,0,119,Wexford/Maryvale (119),720
911757,-8838165.331,5417462.003,3438822,2006,2006/05/11 04:00:00+00,700,7,YONGE ST,DELISLE AVE,,Major Arterial,Toronto and East York,12.0,53,43.689145,-79.39459000000001,Intersection,At Intersection,Stop Sign,Rain,Daylight,Wet,Non-Fatal Injury,Turning Movement,25 to 29,2,,0,0,1,1,0,0,0,0,0,1,0,0,0,98,Rosedale-Moore Park (98),323
911791,-8837441.754,5415029.945,3438905,2006,2006/06/06 04:00:00+00,1530,15,YONGE ST,DAVENPORT RD,,Major Arterial,Toronto and East York,11.0,53,43.673345,-79.38809,Mid-Block,At Intersection,No Control,Clear,Daylight,Dry,Non-Fatal Injury,Cyclist Collisions,unknown,2,,0,1,1,0,0,0,0,0,0,0,0,0,0,98,Rosedale-Moore Park (98),521
911839,-8829059.396,5416923.2,3439046,2006,2006/06/18 04:00:00+00,215,2,WOODBINE AVE,DANFORTH AVE,,Major Arterial,Toronto and East York,19.0,54,43.685645,-79.31279,Intersection,At Intersection,Traffic Signal,Clear,Dark,Dry,Non-Fatal Injury,Cyclist Collisions,20 to 24,2,,0,1,1,0,0,0,0,0,0,1,0,1,0,62,East End-Danforth (62),569
911913,-8833534.44,5432592.092,3439252,2006,2006/07/04 04:00:00+00,1624,16,DON MILLS RD,VAN HORNE AVE,,Major Arterial,North York,17.0,33,43.787345,-79.35299,Intersection,At Intersection,Traffic Signal,Clear,Daylight,Dry,Non-Fatal Injury,Angle,unknown,2,,0,0,1,0,1,0,0,0,0,1,1,0,0,47,Don Valley Village (47),731
911915,-8849798.217,5404062.853999999,3439257,2006,2006/07/04 04:00:00+00,1827,18,LAKE SHORE BLVD W,SECOND ST,,Major Arterial,Etobicoke York,3.0,22,43.602045000000004,-79.49909,Mid-Block,,No Control,Clear,Daylight,Dry,Non-Fatal Injury,Pedestrian Collisions,unknown,2,,1,0,1,0,0,0,0,0,0,0,0,0,0,18,New Toronto (18),733
911964,-8840324.929,5431466.496,3439402,2006,2006/06/17 04:00:00+00,1755,17,FINCH AVE E,YONGE ST,,Major Arterial,North York,18.0,32,43.780045,-79.41399,Mid-Block,,No Control,Clear,Daylight,Dry,Non-Fatal Injury,Pedestrian Collisions,unknown,2,,1,0,1,0,0,0,0,0,0,0,0,0,0,51,Willowdale East (51),567
911972,-8838065.143,5414337.387,3439425,2006,2006/06/18 04:00:00+00,2105,21,BLOOR ST W,AVENUE RD,,Major Arterial,Toronto and East York,11.0,53,43.668845000000005,-79.39369,Mid-Block,,No Control,Clear,"Dusk, artificial",Dry,Non-Fatal Injury,Cyclist Collisions,unknown,2,,0,1,1,0,0,0,0,0,0,1,0,0,0,95,Annex (95),572
911973,-8844543.937,5427242.881,3439427,2006,2006/06/19 04:00:00+00,1700,17,SHEPPARD AVE W,FAYWOOD BLVD,,Major Arterial,North York,6.0,32,43.752645,-79.45189,Intersection,,Traffic Signal,Clear,Daylight,Dry,Non-Fatal Injury,Pedestrian Collisions,50 to 54,2,,1,0,1,0,0,0,0,0,0,0,0,0,0,33,Clanton Park (33),583
912231,-8836740.441,5413183.24,3440128,2006,2006/05/24 04:00:00+00,1915,19,30 CARLTON ST,,,Major Arterial,Toronto and East York,13.0,51,43.661345000000004,-79.38179000000001,Mid-Block,,No Control,Clear,Daylight,Dry,Non-Fatal Injury,Cyclist Collisions,unknown,2,,0,1,1,0,0,0,0,0,0,0,0,0,0,75,Church-Yonge Corridor (75),362
912714,-8836617.99,5410044.687999999,3441436,2006,2006/07/07 04:00:00+00,127,1,HARBOUR ST,YORK ST,,Major Arterial,Toronto and East York,10.0,52,43.640945,-79.38069,Intersection,At Intersection,Traffic Signal,Clear,Dark,Dry,Non-Fatal Injury,Angle,25 to 29,2,,0,0,1,0,0,0,0,1,0,1,1,0,0,77,Waterfront Communities-The Island (77),743
912782,-8837297.038999999,5409813.955,3441607,2006,2006/07/08 04:00:00+00,1650,16,REES ST,LAKE SHORE BLVD W,,Major Arterial,Toronto and East York,10.0,52,43.639445,-79.38679,Intersection,At Intersection,Traffic Signal,Clear,Daylight,Dry,Non-Fatal Injury,Angle,5 to 9,2,,0,0,1,0,0,0,0,1,0,1,0,0,0,77,Waterfront Communities-The Island (77),752
912859,-8838721.928,5409352.504,3441815,2006,2006/07/09 04:00:00+00,1823,18,LAKE SHORE BLVD W,BATHURST ST,,Major Arterial,Toronto and East York,10.0,14,43.636445,-79.39959,Intersection,At Intersection,Traffic Signal,Clear,Daylight,Dry,Non-Fatal Injury,Turning Movement,unknown,2,,0,0,1,0,0,0,0,1,0,1,1,0,0,77,Waterfront Communities-The Island (77),757
912860,-8815478.418,5434550.649,3551268,2006,2006/04/25 04:00:00+00,119,1,MILNER AVE,AUTO MALL DR,,Minor Arterial,Scarborough,25.0,42,43.800045000000004,-79.19079,Mid-Block,,No Control,Clear,Dark,Dry,Non-Fatal Injury,SMV Other,unknown,2,,0,0,1,0,0,0,0,1,1,1,0,1,0,131,Rouge (131),935
913040,-8825619.624,5415106.899,3603284,2006,2006/07/10 04:00:00+00,1758,17,QUEEN ST E,NEVILLE BLVD,,Minor Arterial,Toronto and East York,19.0,55,43.673845,-79.28189,Intersection,,Stop Sign,Clear,Daylight,Dry,Non-Fatal Injury,Pedestrian Collisions,85 to 89,2,,1,0,1,0,0,0,0,0,0,0,0,0,0,63,The Beaches (63),768
913254,-8843208.103,5409890.865,3442861,2006,2006/06/24 04:00:00+00,310,3,QUEEN ST W,DOWLING AVE,,Major Arterial,Toronto and East York,4.0,11,43.639945000000004,-79.43989,Intersection,At Intersection,Stop Sign,Clear,Dark,Dry,Non-Fatal Injury,Cyclist Collisions,unknown,2,,0,1,1,0,0,0,0,0,0,0,0,0,0,86,Roncesvalles (86),603
913263,-8852080.267,5404447.174,3442882,2006,2006/06/24 04:00:00+00,1820,18,KIPLING Aven,NEW TORONTO Stre,,Major Arterial,Etobicoke York,3.0,22,43.604545,-79.51959000000001,Mid-Block,,No Control,Clear,Daylight,Dry,Non-Fatal Injury,SMV Other,20 to 24,2,,0,0,1,0,0,0,0,0,0,0,0,0,0,18,New Toronto (18),604
913288,-8832955.578,5417077.141,3442966,2006,2006/06/25 04:00:00+00,1226,12,PAPE AVE,WESTWOOD AVE,,Major Arterial,Toronto and East York,14.0,54,43.686645,-79.34779,Intersection,At Intersection,No Control,Clear,Daylight,Dry,Non-Fatal Injury,Cyclist Collisions,70 to 74,2,,0,1,1,0,0,0,0,0,0,0,0,0,0,59,Danforth East York (59),606
913296,-8854874.386,5414091.157000001,3442993,2006,2006/06/25 04:00:00+00,2040,20,29 BLAIR ATHOL Cres,,,Local,Etobicoke York,2.0,22,43.667245,-79.54469,Mid-Block,,No Control,Clear,Dusk,Dry,Non-Fatal Injury,Other,15 to 19,2,,0,0,1,0,0,0,0,1,0,0,0,0,0,10,Princess-Rosethorn (10),609
913927,-8836217.239,5420787.878,3603326,2006,2006/07/16 04:00:00+00,1255,12,BAYVIEW AVE,SOUDAN AVE,,Major Arterial,North York,15.0,53,43.710745,-79.37709,Mid-Block,,No Control,Clear,Daylight,Dry,Non-Fatal Injury,Rear End,unknown,2,,0,0,1,0,0,0,0,1,0,0,0,0,1,56,Leaside-Bennington (56),794
914314,-8843519.798,5412721.621,3445696,2006,2006/07/19 04:00:00+00,2230,22,BLOOR ST W,LANSDOWNE AVE,,Major Arterial,Toronto and East York,9.0,11,43.658345000000004,-79.44269,Intersection,At Intersection,Traffic Signal,Clear,Dark,Dry,Fatal,Pedestrian Collisions,45 to 49,3,,1,0,1,0,0,0,0,0,0,1,0,0,0,93,Dovercourt-Wallace Emerson-Junction (93),104
914846,-8828135.444,5423621.977000001,3447077,2006,2006/07/23 04:00:00+00,1357,13,VICTORIA PARK AVE,BISCAYNE BLVD,,Major Arterial,North York,,41,43.729145,-79.30449,Intersection,,No Control,Rain,Daylight,Wet,Fatal,Pedestrian Collisions,70 to 74,3,,1,0,1,0,0,0,0,0,0,0,0,0,0,119,Wexford/Maryvale (119),119
914977,-8842618.11,5408875.697000001,3447396,2006,2006/06/13 04:00:00+00,858,8,LAKE SHORE BLVD W,JAMESON AVE,,Major Arterial,Toronto and East York,4.0,14,43.633345,-79.43459,Intersection,At Intersection,Traffic Signal,Clear,Daylight,Dry,Non-Fatal Injury,Angle,unknown,2,,0,0,1,0,0,0,0,1,0,1,0,0,0,85,South Parkdale (85),550
915000,-8839189.47,5410890.761,3447457,2006,2006/06/17 04:00:00+00,133,1,BATHURST ST,RICHMOND ST W,,Major Arterial,Toronto and East York,10.0,14,43.646445,-79.40379,Intersection,At Intersection,Traffic Signal,Clear,Dark,Dry,Non-Fatal Injury,Turning Movement,25 to 29,2,,0,0,1,0,0,0,0,1,0,1,1,0,0,77,Waterfront Communities-The Island (77),562
915101,-8842395.471,5408629.612000001,3447715,2006,2006/07/24 04:00:00+00,1302,13,LAKE SHORE BLVD W,JAMESON LAKESHORE RAMP,,Major Arterial,Toronto and East York,4.0,14,43.631745,-79.43259,Mid-Block,,No Control,Clear,Daylight,Dry,Non-Fatal Injury,Cyclist Collisions,30 to 34,2,,0,1,0,0,0,0,0,0,0,0,0,0,0,85,South Parkdale (85),120
915114,-8858670.381000001,5415953.436000001,3447745,2006,2006/07/23 04:00:00+00,515,5,HIGHWAY 27 S  S,401 X W 427 X RAMP,,Major Arterial,Etobicoke York,1.0,23,43.679345,-79.57879,Mid-Block,,No Control,Clear,Dark,Dry,Non-Fatal Injury,SMV Other,unknown,2,,0,0,1,0,0,0,0,0,0,0,0,1,0,1,West Humber-Clairville (1),117
915300,-8846525.424,5417800.694,3448253,2006,2006/06/28 04:00:00+00,1730,17,EGLINTON AVE W,GLENHAVEN ST,,Major Arterial,Etobicoke York,5.0,12,43.691345,-79.46969,Intersection,At Intersection,Stop Sign,Rain,Daylight,Wet,Non-Fatal Injury,Angle,unknown,2,,0,0,1,0,1,0,0,1,0,1,0,0,0,110,Keelesdale-Eglinton West (110),620
915319,-8836640.254,5411213.828,3448307,2006,2006/06/28 04:00:00+00,1357,13,KING ST W,YORK ST,,Major Arterial,Toronto and East York,10.0,52,43.648545,-79.38089000000001,Mid-Block,,No Control,Clear,Daylight,Dry,Non-Fatal Injury,Pedestrian Collisions,unknown,2,,1,0,0,0,0,1,0,0,0,0,0,0,0,76,Bay Street Corridor (76),612
915543,-8822168.72,5433980.003,3448894,2006,2006/07/26 04:00:00+00,544,5,NUGGET AVE,SHORTING RD,,Minor Arterial,Scarborough,23.0,42,43.796345,-79.25089,Intersection,,Stop Sign,Clear,Daylight,Other,Non-Fatal Injury,Approaching,60 to 64,2,,0,0,1,0,1,0,0,0,0,1,0,0,0,128,Agincourt South-Malvern West (128),132
915777,-8829181.848,5428090.532000001,3449530,2006,2006/06/30 04:00:00+00,926,9,57 ELLESMERE RD,VICTORIA PARK Aven,,Major Arterial,Scarborough,21.0,41,43.758145,-79.31389,Mid-Block,,No Control,Clear,Daylight,Dry,Non-Fatal Injury,Turning Movement,45 to 49,2,,0,0,1,0,0,0,0,1,0,0,0,0,0,119,Wexford/Maryvale (119),723
915991,-8854963.442,5418277.9629999995,3603374,2006,2006/07/28 04:00:00+00,1626,16,ISLINGTON AVE,DIXON RD,,Major Arterial,Etobicoke York,2.0,23,43.694445,-79.54549,Mid-Block,,No Control,Clear,Daylight,Dry,Fatal,Pedestrian Collisions,unknown,3,,1,0,1,0,0,0,0,1,0,0,0,0,0,6,Kingsview Village-The Westway (6),143
916024,-8846736.931,5409075.645,3450204,2006,2006/07/30 04:00:00+00,2155,21,F G GARDINER XY Ramp W,GARDINER W S KINGSWAY RAMP,,,Toronto and East York,4.0,11,43.634645,-79.47159,Exit Ramp Westbound,,No Control,Clear,Dark,Dry,Fatal,SMV Other,20 to 24,3,,0,0,0,1,0,0,0,0,0,0,0,0,0,85,South Parkdale (85),151
916031,-8848952.189,5412952.427999999,3450221,2006,2006/07/20 04:00:00+00,1715,17,ST MARKS RD,BROOKSIDE AVE,,Collector,Toronto and East York,4.0,11,43.659845000000004,-79.49149,Intersection,At Intersection,Stop Sign,Rain,Daylight,Wet,Non-Fatal Injury,Turning Movement,unknown,2,,0,0,1,0,0,0,0,0,0,0,0,0,0,114,Lambton Baby Point (114),112
916168,-8829660.521,5429076.987000001,3551308,2006,2006/07/05 04:00:00+00,2130,21,VICTORIA PARK AVE,TERRAVIEW BLVD,,Major Arterial,North York,,41,43.764545,-79.31819,Intersection,At Intersection,Stop Sign,Clear,Dark,Dry,Non-Fatal Injury,Turning Movement,unknown,2,,0,0,1,1,0,0,0,0,0,1,0,0,0,119,Wexford/Maryvale (119),739
916243,-8816446.898,5429215.716,3450774,2006,2006/07/04 04:00:00+00,2015,20,LAWRENCE AVE E,OVERTURE RD,,Major Arterial,Scarborough,24.0,43,43.765445,-79.19949,Intersection,At Intersection,Traffic Signal,Clear,Daylight,Dry,Non-Fatal Injury,Rear End,40 to 44,2,,0,0,1,0,0,0,0,1,0,1,0,0,0,136,West Hill (136),736
916541,-8834102.169,5433301.443,3451602,2006,2006/07/31 04:00:00+00,632,6,FINCH AVE E,BRAHMS AVE,,Major Arterial,North York,17.0,33,43.791945,-79.35809,Intersection,At Intersection,Traffic Signal,Clear,Daylight,Dry,Non-Fatal Injury,Pedestrian Collisions,30 to 34,2,,1,0,1,0,0,0,0,1,0,0,0,0,0,47,Don Valley Village (47),154
916560,-8845145.063,5415122.29,3451653,2006,2006/05/19 04:00:00+00,1140,11,LAUGHTON AVE,TALBOT ST,,Collector,Toronto and East York,9.0,11,43.673945,-79.45729,Intersection,At Intersection,Stop Sign,Clear,Daylight,Dry,Non-Fatal Injury,Turning Movement,unknown,2,,0,0,1,0,0,0,0,1,0,1,0,0,0,91,Weston-Pellam Park (91),346
916566,-8838087.407,5417231.084,3451668,2006,2006/07/07 04:00:00+00,1414,14,YONGE ST,PLEASANT AVE,,Major Arterial,Toronto and East York,12.0,53,43.687645,-79.39389,Mid-Block,,No Control,Clear,Daylight,Dry,Non-Fatal Injury,Pedestrian Collisions,unknown,2,,1,0,0,0,0,1,0,0,0,0,0,0,0,98,Rosedale-Moore Park (98),746
916584,-8836874.024,5410906.145,3451723,2006,2006/06/21 04:00:00+00,850,8,WELLINGTON ST W,YORK ST,,Minor Arterial,Toronto and East York,10.0,52,43.646545,-79.38299,Intersection,At Intersection,Traffic Signal,Clear,Daylight,Dry,Non-Fatal Injury,Cyclist Collisions,unknown,2,,0,1,1,0,0,0,0,0,0,0,0,0,0,76,Bay Street Corridor (76),598
916630,-8818484.045,5434859.121,3451850,2006,2006/08/01 04:00:00+00,2345,23,NEILSON RD,WICKSON TRL,,Minor Arterial,Scarborough,,42,43.802045,-79.21779000000001,Intersection,At Intersection,Traffic Signal,Clear,Dark,Dry,Fatal,Pedestrian Collisions,50 to 54,3,,1,0,1,0,0,0,0,0,0,0,0,0,0,132,Malvern (132),162
916791,-8823749.456,5427073.36,3452288,2006,2006/08/03 04:00:00+00,319,3,MIDLAND AVE,LAWRENCE AVE E,,Major Arterial,Scarborough,21.0,41,43.751545,-79.26509,Intersection,At Intersection,Traffic Signal,Clear,Dark,Dry,Non-Fatal Injury,Angle,unknown,2,,0,0,1,0,0,0,0,1,0,1,1,0,0,127,Bendale (127),178