ACCNUM,X,Y,Index_,YEAR,DATE,TIME,HOUR,STREET1,STREET2,OFFSET,ROAD_CLASS,District,WardNum,Division,LATITUDE,LONGITUDE,LOCCOORD,ACCLOC,TRAFFCTL,VISIBILITY,LIGHT,RDSFCOND,ACCLASS,IMPACTYPE,INVAGE,INJURY,FATAL_NO,PEDESTRIAN,CYCLIST,AUTOMOBILE,MOTORCYCLE,TRUCK,TRSN_CITY_VEH,EMERG_VEH,PASSENGER,SPEEDING,AG_DRIV,REDLIGHT,ALCOHOL,DISABILITY,Hood_ID,Neighbourhood,ObjectId
932028,-8835092.912999999,5413275.566000001,3493594,2006,2006/10/09 04:00:00+00,1002,10,PARLIAMENT ST,GERRARD ST E,,Minor Arterial,Toronto and East York,13.0,51,43.661945,-79.36699,Intersection,At Intersection,Traffic Signal,Clear,Daylight,Dry,Non-Fatal Injury,Cyclist Collisions,35 to 39,2,,0,1,1,0,0,0,0,0,0,0,0,0,0,72,Regent Park (72),1959
932038,-8840324.929,5430495.201,3493617,2006,2006/10/09 04:00:00+00,1912,19,YONGE ST,CHURCH AVE,,Major Arterial,North York,18.0,32,43.773745,-79.41399,Intersection,At Intersection,Traffic Signal,Clear,Dark,Dry,Non-Fatal Injury,Pedestrian Collisions,60 to 64,2,,1,0,1,0,0,0,0,0,0,1,1,0,0,51,Willowdale East (51),1961
932044,-8821467.407,5426395.307999999,3493633,2006,2006/10/10 04:00:00+00,743,7,CARSLAKE CRES,DANFORTH RD,,Major Arterial,Scarborough,21.0,43,43.747145,-79.24459,Intersection,At Intersection,Stop Sign,Clear,Daylight,Dry,Non-Fatal Injury,Cyclist Collisions,50 to 54,2,,0,1,1,0,0,0,0,0,0,1,0,0,0,127,Bendale (127),1963
932096,-8838666.268,5412290.7979999995,3493781,2006,2006/10/11 04:00:00+00,1406,14,SPADINA AVE,BALDWIN ST,,Major Arterial,Toronto and East York,11.0,52,43.655545000000004,-79.39909,Mid-Block,,No Control,Rain,Daylight,Wet,Non-Fatal Injury,Pedestrian Collisions,unknown,2,,1,0,0,0,0,1,0,0,0,0,0,0,0,78,Kensington-Chinatown (78),1969
932337,-8832187.474,5423390.904,3604183,2006,2006/10/25 04:00:00+00,1300,13,DON MILLS RD,GREEN BELT DR,,Major Arterial,North York,16.0,33,43.727645,-79.34089,Intersection,,Traffic Signal,Clear,Daylight,Dry,Non-Fatal Injury,Turning Movement,unknown,2,,0,0,1,0,0,0,0,1,0,0,0,0,0,42,Banbury-Don Mills (42),1123
932486,-8857323.415,5426318.26,3494854,2006,2006/10/15 04:00:00+00,1912,19,2650 FINCH AVE W,,,Major Arterial,Etobicoke York,7.0,31,43.746645,-79.56669000000001,Mid-Block,,No Control,Clear,Dark,Dry,Non-Fatal Injury,Cyclist Collisions,45 to 49,2,,0,1,1,0,0,0,0,0,0,1,0,0,0,22,Humbermede (22),1989
932574,-8839779.463,5432823.396000001,3604209,2006,2006/10/16 04:00:00+00,745,7,CUMMER AVE,WILLOWDALE AVE,,Minor Arterial,North York,18.0,32,43.788845,-79.40909,Mid-Block,,No Control,Clear,Daylight,Dry,Non-Fatal Injury,Pedestrian Collisions,75 to 79,2,,1,0,1,0,0,0,0,0,0,1,0,0,0,50,Newtonbrook East (50),1991
932578,-8857379.075,5410598.472999999,3495101,2006,2006/09/25 04:00:00+00,805,8,THE WEST MALL,BURNHAMTHORPE RD,,Major Arterial,Etobicoke York,2.0,22,43.644545,-79.56719,Intersection,At Intersection,Traffic Signal,Clear,Daylight,Dry,Non-Fatal Injury,Pedestrian Collisions,45 to 49,2,,1,0,1,0,0,0,0,0,0,1,0,0,0,13,Etobicoke West Mall (13),1446
932797,-8848217.481,5410444.641,3495703,2006,2006/10/17 04:00:00+00,1042,10,RIVERSIDE DR,RIVERSIDE TRL,,Local,Toronto and East York,4.0,11,43.643545,-79.48489000000001,Mid-Block,,No Control,Rain,Daylight,Wet,Non-Fatal Injury,SMV Other,unknown,2,,0,0,1,0,0,0,0,1,0,0,0,0,0,87,High Park-Swansea (87),1996
932873,-8840213.609,5412260.026000001,3495904,2006,2006/08/20 04:00:00+00,1543,15,COLLEGE ST,CLINTON ST,,Major Arterial,Toronto and East York,11.0,14,43.655345000000004,-79.41299000000001,Mid-Block,At Intersection,No Control,Clear,Daylight,Dry,Non-Fatal Injury,Cyclist Collisions,40 to 44,2,,0,1,1,0,0,0,0,1,0,0,0,0,0,81,Trinity-Bellwoods (81),494
932897,-8848451.251,5414229.66,3604255,2006,2006/10/07 04:00:00+00,850,8,ST CLAIR AVE W,MOULD AVE,,Major Arterial,Etobicoke York,5.0,12,43.668145,-79.48699,Intersection,At Intersection,No Control,Clear,Daylight,Dry,Non-Fatal Injury,Rear End,50 to 54,2,,0,0,1,0,0,0,0,0,0,1,0,0,0,111,Rockcliffe-Smythe (111),1956
933152,-8834191.225,5421403.913,3604304,2006,2006/10/28 04:00:00+00,2030,20,EGLINTON AVE E,BRENTCLIFFE RD,,Major Arterial,North York,15.0,53,43.714745,-79.35889,Mid-Block,,No Control,Rain,Dark,Wet,Non-Fatal Injury,Pedestrian Collisions,40 to 44,2,,1,0,1,0,0,0,0,0,0,0,0,0,0,55,Thorncliffe Park (55),1139
933173,-8861186.201,5423822.245,3551773,2006,2006/10/29 04:00:00+00,35,3,HIGHWAY 27  N,HUMBER COLLEGE BLVD,,Major Arterial,Etobicoke York,1.0,23,43.730445,-79.60139000000001,Intersection,At Intersection,Traffic Signal,Rain,Dark,Wet,Fatal,Pedestrian Collisions,60 to 64,3,,1,0,1,0,0,0,0,0,0,0,0,0,0,1,West Humber-Clairville (1),1144
933527,-8843397.569,5417061.747,3497662,2006,2006/10/06 04:00:00+00,1830,18,ROGERS RD,GLENHOLME AVE,,Minor Arterial,Toronto and East York,,13,43.686545,-79.441592,Intersection,At Intersection,Traffic Signal,Clear,"Dusk, artificial",Dry,Non-Fatal Injury,Cyclist Collisions,75 to 79,2,,0,1,1,0,0,0,0,0,0,0,0,0,0,107,Oakwood Village (107),1954
933951,-8835371.211000001,5412136.937000001,3498828,2006,2006/10/26 04:00:00+00,225,2,SHERBOURNE ST,QUEEN ST E,,Major Arterial,Toronto and East York,13.0,51,43.654545,-79.36949,Intersection,At Intersection,Traffic Signal,Clear,Dark,Dry,Non-Fatal Injury,Pedestrian Collisions,45 to 49,2,,1,0,1,0,0,0,0,0,0,0,0,0,0,73,Moss Park (73),1125
933963,-8826332.069,5431959.891,3498862,2006,2006/10/30 05:00:00+00,1320,13,SHEPPARD AVE E,KENNEDY RD,,Major Arterial,Scarborough,22.0,42,43.783245,-79.28829,Intersection,At Intersection,Traffic Signal,Clear,Daylight,Dry,Non-Fatal Injury,Pedestrian Collisions,unknown,2,,1,0,1,0,0,0,0,0,0,1,0,0,0,128,Agincourt South-Malvern West (128),1150
934047,-8837096.662999999,5411629.216,3499087,2006,2006/10/29 04:00:00+00,228,2,QUEEN ST W,YORK ST,,Major Arterial,Toronto and East York,10.0,52,43.651245,-79.38499,Intersection,At Intersection,Traffic Signal,Rain,Dark,Wet,Non-Fatal Injury,Pedestrian Collisions,unknown,2,,1,0,1,0,0,0,0,0,0,1,1,0,0,76,Bay Street Corridor (76),1146
934070,-8835738.566,5419032.406,3604511,2006,2006/10/27 04:00:00+00,2330,23,1345 BAYVIEW AVE,AIRDRIE Road,,Major Arterial,North York,15.0,53,43.699345,-79.37279000000001,Mid-Block,,No Control,Rain,Dark,Wet,Non-Fatal Injury,SMV Other,unknown,2,,0,0,1,0,0,0,0,1,1,1,0,0,0,56,Leaside-Bennington (56),1137
934337,-8834035.377,5436386.21,3551797,2006,2006/11/03 05:00:00+00,1053,10,STEELES AVE E,TOWNSEND RD,,Major Arterial,North York,17.0,33,43.811945,-79.35749,Intersection,,Traffic Signal,Clear,Daylight,Dry,Non-Fatal Injury,Pedestrian Collisions,60 to 64,2,,1,0,1,0,0,0,0,0,0,0,0,0,0,48,Hillcrest Village (48),1161
934341,-8851234.239,5406922.58,3499868,2006,2006/11/03 05:00:00+00,830,8,F G GARDINER XY  W,ISLINGTON AVE,,,Etobicoke York,3.0,22,43.620645,-79.51199,Mid-Block,,,Other,Daylight,Other,Non-Fatal Injury,Other,unknown,2,,0,0,1,0,0,0,0,0,0,0,0,0,0,17,Mimico (includes Humber Bay Shores) (17),1158
934738,-8851356.69,5417107.929,3500832,2006,2006/10/12 04:00:00+00,1500,15,SCARLETT RD,LA ROSE AVE,,Major Arterial,Etobicoke York,2.0,23,43.686845,-79.51309,Intersection,,Traffic Signal,Clear,Daylight,Dry,Non-Fatal Injury,Rear End,unknown,2,,0,0,1,0,1,0,0,0,0,1,0,1,0,8,Humber Heights-Westmount (8),1977
935003,-8846736.931,5416384.43,3501506,2006,2006/10/04 04:00:00+00,1500,15,ROGERS RD,KEELE ST,,Major Arterial,Etobicoke York,5.0,12,43.682145,-79.47159,Intersection,At Intersection,Traffic Signal,Clear,Daylight,Dry,Non-Fatal Injury,Pedestrian Collisions,15 to 19,2,,1,0,1,0,0,0,0,0,0,1,1,0,0,110,Keelesdale-Eglinton West (110),1938
935134,-8842183.964,5422682.315,3501860,2006,2006/11/07 05:00:00+00,1916,19,BATHURST ST,SARANAC BLVD,,Major Arterial,North York,8.0,32,43.723045,-79.43069,Intersection,At Intersection,Traffic Signal,Rain,Dark,Wet,Non-Fatal Injury,Pedestrian Collisions,unknown,2,,1,0,1,0,0,0,0,0,0,0,0,0,0,39,Bedford Park-Nortown (39),1173
935226,-8861141.673,5424469.295,3502105,2006,2006/10/10 04:00:00+00,1256,12,FINCH Aven W,WESTMORE Driv,,Major Arterial,Etobicoke York,1.0,23,43.734645,-79.60099,Intersection,At Intersection,Traffic Signal,Clear,Daylight,Dry,Non-Fatal Injury,Angle,60 to 64,2,,0,0,1,0,0,0,0,0,0,1,1,0,0,1,West Humber-Clairville (1),1965
935297,-8836373.087000001,5411506.136,3502293,2006,2006/10/13 04:00:00+00,2325,23,ADELAIDE ST E,YONGE ST,,Major Arterial,Toronto and East York,13.0,51,43.650445,-79.37849,Intersection,At Intersection,Traffic Signal,Clear,Dark,Dry,Non-Fatal Injury,Cyclist Collisions,unknown,2,,0,1,1,0,0,0,0,0,0,1,0,0,0,75,Church-Yonge Corridor (75),1983
935384,-8822313.435,5430618.535,3604825,2006,2006/10/18 04:00:00+00,637,6,MCCOWAN RD,BUSHBY DR,,Major Arterial,Scarborough,,43,43.774545,-79.25219,Intersection,At Intersection,Traffic Signal,Clear,Dawn,Dry,Non-Fatal Injury,Pedestrian Collisions,unknown,2,,1,0,1,0,0,0,0,0,0,1,0,0,0,137,Woburn (137),2000
935412,-8825519.436,5428522.092999999,3502611,2006,2006/10/02 04:00:00+00,2308,23,GILROY DR,BRIGSTOCK RD,,Local,Scarborough,21.0,41,43.760945,-79.28099,Intersection,,No Control,Clear,Dark,Dry,Non-Fatal Injury,Pedestrian Collisions,unknown,2,,1,0,1,0,0,0,0,0,0,0,0,0,0,126,Dorset Park (126),1864
935641,-8846057.882000001,5416415.216,3503246,2006,2006/11/10 05:00:00+00,1906,19,ROGERS RD,CHAMBERS AVE,,Minor Arterial,Etobicoke York,,12,43.682345,-79.46549,Intersection,At Intersection,Stop Sign,Clear,Dark,Dry,Non-Fatal Injury,Pedestrian Collisions,75 to 79,2,,1,0,1,0,0,0,0,0,0,0,0,0,0,110,Keelesdale-Eglinton West (110),1177
935742,-8847516.168,5408322.015,3604967,2006,2006/11/11 05:00:00+00,638,6,F G GARDINER XY  W,GARDINER W LAKE SHORE W RAMP,,,Etobicoke York,3.0,22,43.629745,-79.47859,Mid-Block,,No Control,Clear,Dark,Wet,Fatal,Sideswipe,unknown,3,,0,0,1,0,0,0,0,1,0,0,0,0,0,17,Mimico (includes Humber Bay Shores) (17),1185
935843,-8838577.213,5426071.71,3503797,2006,2006/11/12 05:00:00+00,318,3,101 YORK MILLS RD,,,Major Arterial,North York,15.0,32,43.745045000000005,-79.39829,Mid-Block,,No Control,Clear,Dark,Dry,Non-Fatal Injury,SMV Unattended Vehicle,unknown,2,,0,0,1,0,0,0,0,1,0,0,0,0,0,41,Bridle Path-Sunnybrook-York Mills (41),1189
935844,-8827834.882000001,5425886.801,3533620,2006,2006/11/12 05:00:00+00,2000,20,LAWRENCE AVE E,WEXFORD BLVD,,Major Arterial,Scarborough,21.0,41,43.743845,-79.30179,Mid-Block,,No Control,Clear,Dark,Dry,Non-Fatal Injury,Pedestrian Collisions,55 to 59,2,,1,0,1,0,0,0,0,0,0,0,0,0,0,119,Wexford/Maryvale (119),1191
936265,-8842529.055,5423498.737000001,3605083,2006,2006/08/21 04:00:00+00,1315,13,KHEDIVE AVE,SULTANA AVE,,Local,North York,8.0,32,43.728345000000004,-79.43379,Intersection,At Intersection,Stop Sign,Clear,Daylight,Dry,Non-Fatal Injury,Pedestrian Collisions,50 to 54,2,,1,0,1,0,0,0,0,0,0,1,0,0,0,32,Englemount-Lawrence (32),503
936341,-8828981.473,5436201.095,3505149,2006,2006/11/04 05:00:00+00,1805,18,BIRCHMOUNT RD,IVY BUSH AVE,,Major Arterial,Scarborough,22.0,42,43.810745000000004,-79.31209,Intersection,At Intersection,Traffic Signal,Clear,Dark,Dry,Fatal,Turning Movement,unknown,3,,0,0,1,0,0,0,0,0,0,1,0,0,0,116,Steeles (116),1170
936387,-8836139.316,5411783.068,3505271,2006,2006/10/27 04:00:00+00,2215,22,RICHMOND ST E,BERTI ST,,Major Arterial,Toronto and East York,13.0,51,43.652245,-79.37639,Intersection,,No Control,Rain,Dark,Wet,Non-Fatal Injury,Pedestrian Collisions,unknown,2,,1,0,1,0,0,0,0,0,0,0,0,0,0,75,Church-Yonge Corridor (75),1131
936669,-8861141.673,5424469.295,3506007,2006,2006/10/28 04:00:00+00,2241,22,FINCH AVE W,WESTMORE DR,,Major Arterial,Etobicoke York,1.0,23,43.734645,-79.60099,Intersection,At Intersection,Traffic Signal,Rain,Dark,Wet,Non-Fatal Injury,Pedestrian Collisions,unknown,2,,1,0,1,0,0,0,0,0,0,0,0,0,0,1,West Humber-Clairville (1),1142
936726,-8824061.151,5424084.141,3506135,2006,2006/11/17 05:00:00+00,203,2,KENNEDY RD,EGLINTON AVE E,,Major Arterial,Scarborough,,41,43.732145,-79.26789000000001,Intersection,At Intersection,Traffic Signal,Rain,Dark,Wet,Non-Fatal Injury,Pedestrian Collisions,45 to 49,2,,1,0,1,0,0,0,0,0,0,0,0,0,0,124,Kennedy Park (124),1200
937278,-8846781.458999999,5409091.026000001,3605367,2006,2006/11/21 05:00:00+00,225,2,GARDINER W S KINGSWAY RAMP,F G GARDINER XY Ramp W,,,Toronto and East York,4.0,11,43.634745,-79.47199,Mid-Block,,No Control,Clear,Dark,Dry,Non-Fatal Injury,SMV Other,unknown,2,,0,0,1,0,0,0,0,1,1,1,0,0,0,87,High Park-Swansea (87),1210
937379,-8811660.16,5436339.931,3507858,2006,2006/11/21 05:00:00+00,1315,13,TWYN RIVERS Driv,SHEPPARD Aven E,,Collector,Scarborough,25.0,42,43.811645,-79.15649,Mid-Block,,No Control,Clear,Daylight,Dry,Non-Fatal Injury,SMV Other,90 to 94,2,,0,0,1,0,0,0,0,1,0,0,0,0,0,131,Rouge (131),1213
937408,-8829181.848,5433332.285,3605401,2006,2006/10/04 04:00:00+00,1250,12,WARDEN AVE,BRIDLETOWNE CRCL,,Major Arterial,Scarborough,22.0,42,43.792145,-79.31389,Intersection,At Intersection,Traffic Signal,Rain,Daylight,Wet,Non-Fatal Injury,Pedestrian Collisions,unknown,2,,1,0,1,0,0,0,0,0,0,0,0,0,1,117,L'Amoreaux (117),1934
937458,-8824306.054,5434951.665,3508075,2006,2006/10/29 04:00:00+00,735,7,244 CHARTLAND BLVD S,,,Collector,Scarborough,23.0,42,43.802645,-79.27009,Mid-Block,,No Control,Clear,Daylight,Wet,Non-Fatal Injury,SMV Other,15 to 19,2,,0,0,1,0,0,0,0,0,1,1,0,0,0,129,Agincourt North (129),1147
937526,-8837630.997000001,5430587.701,3508265,2006,2006/11/02 05:00:00+00,1600,16,EMPRESS AVE,BAYVIEW AVE,,Major Arterial,North York,,33,43.774345000000004,-79.38979,Intersection,At Intersection,Traffic Signal,Clear,Daylight,Dry,Non-Fatal Injury,Pedestrian Collisions,unknown,2,,1,0,1,0,0,0,0,0,0,1,0,0,0,52,Bayview Village (52),1153
937955,-8828769.966,5427920.995,3533784,2006,2006/11/04 05:00:00+00,1800,18,PHARMACY AVE,KELLYVALE RD,,Minor Arterial,Scarborough,21.0,41,43.757045,-79.31019,Intersection,,No Control,Clear,Dark,Dry,Non-Fatal Injury,Sideswipe,75 to 79,2,,0,1,1,0,0,0,0,0,0,0,0,0,0,119,Wexford/Maryvale (119),1166
938403,-8840881.526,5423560.357000001,3510593,2006,2006/11/08 05:00:00+00,2330,23,451 ST GERMAIN AVE,,,Local,North York,8.0,32,43.728745,-79.41899000000001,Mid-Block,,No Control,Clear,Dark,Wet,Non-Fatal Injury,SMV Unattended Vehicle,unknown,2,,0,0,1,0,0,0,0,0,0,0,0,0,0,39,Bedford Park-Nortown (39),1175
938714,-8833478.78,5410721.541,3511398,2006,2006/11/10 05:00:00+00,2018,20,COMMISSIONERS ST,CHERRY ST,,Collector,Toronto and East York,14.0,51,43.645345,-79.35249,Intersection,At Intersection,Stop Sign,Clear,Dark,Dry,Non-Fatal Injury,Pedestrian Collisions,55 to 59,2,,1,0,1,0,0,0,0,0,0,1,0,0,0,70,South Riverdale (70),1179
938930,-8814209.376,5427335.347999999,3533910,2006,2006/11/17 05:00:00+00,1500,15,220 GREYABBEY TRL,,,Local,Scarborough,25.0,43,43.753245,-79.17939,Mid-Block,,No Control,Clear,Daylight,Dry,Non-Fatal Injury,SMV Other,60 to 64,2,,0,0,1,0,0,0,0,0,0,0,0,0,0,140,Guildwood (140),1201
939300,-8839957.574,5419771.511,3512978,2006,2006/11/29 05:00:00+00,1111,11,EGLINTON AVE W,ELMSTHORPE AVE,,Major Arterial,North York,,53,43.704145000000004,-79.41069,Mid-Block,,No Control,"Fog, Mist, Smoke, Dust",Daylight,Wet,Non-Fatal Injury,Pedestrian Collisions,unknown,2,,1,0,1,0,0,0,0,0,0,0,0,0,0,103,Lawrence Park South (103),1602
939458,-8842562.45,5424885.28,3533967,2006,2006/11/30 05:00:00+00,720,7,WILSON AVE,BATHURST ST,,Major Arterial,North York,6.0,32,43.737345,-79.43409,Intersection,,No Control,Rain,Dark,Wet,Fatal,Pedestrian Collisions,unknown,3,,1,0,1,0,0,0,0,0,0,0,0,0,0,38,Lansing-Westgate (38),1608
939675,-8842506.791000001,5416061.182,3513970,2006,2006/12/02 05:00:00+00,2116,21,ST CLAIR AVE W,ALBERTA AVE,,Major Arterial,Toronto and East York,9.0,13,43.680045,-79.43359,Intersection,At Intersection,No Control,Clear,Dark,Dry,Non-Fatal Injury,Pedestrian Collisions,65 to 69,2,,1,0,1,0,0,0,0,0,0,0,0,0,0,94,Wychwood (94),1622
939781,-8842662.638,5412967.815,3514255,2006,2006/04/28 04:00:00+00,2349,23,BLOOR ST W,DUFFERIN ST,,Major Arterial,Toronto and East York,9.0,14,43.659945,-79.43499,Mid-Block,,No Control,Clear,Dark,Dry,Non-Fatal Injury,Cyclist Collisions,unknown,2,,0,1,1,0,0,0,0,1,1,1,0,0,0,83,Dufferin Grove (83),964
939968,-8841627.367,5413275.566000001,3514727,2006,2006/10/04 04:00:00+00,1230,12,BLOOR ST W,OSSINGTON AVE,,Major Arterial,Toronto and East York,,14,43.661945,-79.42569,Intersection,,No Control,Rain,Daylight,Wet,Non-Fatal Injury,Pedestrian Collisions,unknown,2,,1,0,0,0,1,0,0,0,0,0,0,0,0,80,Palmerston-Little Italy (80),1928
939969,-8839445.505,5410721.541,3514730,2006,2006/10/04 04:00:00+00,851,8,TECUMSETH ST,MITCHELL AVE,,Local,Toronto and East York,10.0,14,43.645345,-79.40609,Intersection,,No Control,Rain,Daylight,Wet,Non-Fatal Injury,Turning Movement,unknown,2,,0,0,0,1,0,0,0,0,0,0,0,0,0,82,Niagara (82),1925
939973,-8841415.86,5412521.594,3514742,2006,2006/10/14 04:00:00+00,1348,13,OSSINGTON AVE,DEWSON ST,,Minor Arterial,Toronto and East York,,14,43.657045000000004,-79.42379,Intersection,,Pedestrian Crossover,Clear,Daylight,Dry,Non-Fatal Injury,Rear End,70 to 74,2,,0,1,1,0,0,0,0,0,0,0,0,0,0,80,Palmerston-Little Italy (80),1985
940098,-8845056.007000001,5422559.0879999995,3515075,2006,2006/12/05 05:00:00+00,628,6,DUFFERIN ST,GLEN BELLE CRES,,Major Arterial,North York,8.0,32,43.722245,-79.45649,,,No Control,Clear,Dark,Wet,Non-Fatal Injury,Pedestrian Collisions,unknown,2,,1,0,1,0,0,0,0,0,0,0,0,0,0,31,Yorkdale-Glen Park (31),1624
940240,-8831708.8,5435275.575,3534022,2006,2006/12/05 05:00:00+00,1821,18,VICTORIA PARK Ave,MCNICOLL Ave,,Major Arterial,North York,,42,43.804745000000004,-79.33659,Mid-Block,,No Control,Clear,Dark,Dry,Non-Fatal Injury,Pedestrian Collisions,unknown,2,,1,0,1,0,0,0,0,0,0,0,0,0,0,116,Steeles (116),1632
940479,-8827489.346,5421465.364,3534054,2006,2006/12/05 05:00:00+00,1250,12,VICTORIA PARK Aven,AMSTERDAM Aven,,Major Arterial,Toronto and East York,,41,43.715144,-79.298686,Intersection,At Intersection,No Control,Clear,Daylight,Other,Non-Fatal Injury,Turning Movement,unknown,2,,0,0,1,0,0,0,0,0,0,0,0,0,0,120,Clairlea-Birchmount (120),1627
940482,-8823905.304,5427674.402000001,3606381,2006,2006/12/06 05:00:00+00,1700,17,1568 MIDLAND Ave,,,Major Arterial,Scarborough,21.0,41,43.755445,-79.26649,Mid-Block,,Pedestrian Crossover,Clear,Dark,Wet,Non-Fatal Injury,Pedestrian Collisions,55 to 59,2,,1,0,1,0,0,0,0,0,0,1,0,0,0,127,Bendale (127),1637
940622,-8830718.057,5428475.852999999,3606476,2006,2006/12/07 05:00:00+00,700,7,FENSIDE Dr,YORK MILLS Rd,,Major Arterial,North York,16.0,33,43.760645000000004,-79.32769,Intersection,,Traffic Signal,Clear,Dawn,Other,Non-Fatal Injury,Pedestrian Collisions,45 to 49,2,,1,0,1,0,0,0,0,0,0,0,0,0,0,45,Parkwoods-Donalda (45),1641
940627,-8836016.864,5419555.932999999,3534068,2006,2006/12/07 05:00:00+00,1517,15,WHITEWOOD RD,DAVISVILLE AVE,,Collector,North York,15.0,53,43.702745,-79.37529,Intersection,,No Control,Clear,Daylight,Dry,Non-Fatal Injury,Pedestrian Collisions,90 to 94,2,,1,0,1,0,0,0,0,0,0,1,0,0,0,99,Mount Pleasant East (99),1643
940637,-8824539.825,5433902.891,3552006,2006,2006/12/07 05:00:00+00,1545,15,BRIMLEY RD,HUNTINGWOOD DR,,Major Arterial,Scarborough,23.0,42,43.795845,-79.27219000000001,Mid-Block,,No Control,Clear,Daylight,Dry,Fatal,Pedestrian Collisions,80 to 84,3,,1,0,1,0,0,0,0,0,0,0,0,0,0,129,Agincourt North (129),1645
940647,-8836996.476,5415045.335,3606489,2006,2006/12/07 05:00:00+00,1630,16,PARK RD,ROSEDALE VALLEY RD,,Minor Arterial,Toronto and East York,11.0,53,43.673445,-79.38409,Intersection,At Intersection,Stop Sign,Clear,Daylight,Dry,Non-Fatal Injury,Rear End,50 to 54,2,,0,0,1,0,0,0,0,1,0,1,0,0,0,98,Rosedale-Moore Park (98),1649
940775,-8849631.238,5416138.145,3516853,2006,2006/12/08 05:00:00+00,1719,17,JANE ST,BEXLEY CRES,,Major Arterial,Etobicoke York,5.0,12,43.680545,-79.49759,Intersection,,No Control,Clear,Dark,Dry,Fatal,Pedestrian Collisions,75 to 79,3,,1,0,1,0,0,0,0,1,0,0,0,0,0,111,Rockcliffe-Smythe (111),1661
940858,-8837697.788999999,5414814.477000001,3606705,2006,2006/12/08 05:00:00+00,2250,22,BAY ST,YORKVILLE AVE,,Major Arterial,Toronto and East York,11.0,53,43.671945,-79.39039,Mid-Block,,No Control,Clear,Dark,Dry,Non-Fatal Injury,Approaching,5 to 9,2,,0,0,1,0,0,0,0,1,0,0,0,1,0,95,Annex (95),1666
940984,-8837630.997000001,5410906.145,3606801,2006,2006/12/10 05:00:00+00,831,8,KING ST W,JOHN ST,,Major Arterial,Toronto and East York,10.0,52,43.646545,-79.38979,Intersection,At Intersection,Traffic Signal,Clear,Daylight,Dry,Non-Fatal Injury,Angle,Over 95,2,,0,0,1,0,0,0,0,0,0,0,0,0,0,77,Waterfront Communities-The Island (77),1671
941100,-8836896.287999999,5414675.964,3534130,2006,2006/09/12 04:00:00+00,2240,22,CHURCH ST,BLOOR ST E,,Major Arterial,Toronto and East York,11.0,53,43.671045,-79.38319,Intersection,,Traffic Signal,Rain,Dusk,Wet,Non-Fatal Injury,Pedestrian Collisions,30 to 34,2,,1,0,1,0,0,0,0,0,0,1,0,0,0,98,Rosedale-Moore Park (98),1404
941113,-8844532.805,5419247.972,3517715,2006,2006/10/14 04:00:00+00,2204,22,DUFFERIN St,CASTLEFIELD Ave,,Major Arterial,North York,8.0,13,43.700745,-79.45179,Intersection,,Traffic Signal,Clear,Daylight,Dry,Non-Fatal Injury,Pedestrian Collisions,25 to 29,2,,1,0,1,0,0,0,0,0,0,1,0,0,0,108,Briar Hill-Belgravia (108),1987
941162,-8840948.318,5412906.266,3517846,2006,2006/11/12 05:00:00+00,2330,23,HARBORD ST,MONTROSE AVE,,Minor Arterial,Toronto and East York,11.0,14,43.659545,-79.41959,Intersection,,Traffic Signal,Other,Dark,Dry,Non-Fatal Injury,Angle,30 to 34,2,,0,0,1,0,0,0,0,0,0,1,1,0,0,80,Palmerston-Little Italy (80),1193
941251,-8826165.089,5423930.084,3607009,2006,2006/12/11 05:00:00+00,1813,18,ASHTONBEE RD,WARDEN AVE,,Collector,Scarborough,21.0,41,43.731145,-79.28679,Mid-Block,,No Control,Clear,Dark,Dry,Non-Fatal Injury,SMV Other,unknown,2,,0,0,1,0,0,0,0,1,1,1,0,1,0,119,Wexford/Maryvale (119),1679
941510,-8830528.813,5427104.182,3518719,2006,2006/11/19 05:00:00+00,1740,17,155 UNDERHILL Driv,,,Collector,North York,16.0,33,43.751745,-79.32599,Mid-Block,,No Control,Clear,Dark,Dry,Non-Fatal Injury,Pedestrian Collisions,unknown,2,,1,0,1,0,0,0,0,0,0,0,0,0,0,45,Parkwoods-Donalda (45),1206
941522,-8838588.345,5414183.492000001,3534192,2006,2006/11/19 05:00:00+00,3,3,BLOOR ST W,DEVONSHIRE PL,,Major Arterial,Toronto and East York,11.0,53,43.667845,-79.39839,Intersection,,Yield Sign,Clear,Dark,Dry,Non-Fatal Injury,Pedestrian Collisions,30 to 34,2,,1,0,1,0,0,0,0,0,0,0,0,0,0,95,Annex (95),1203
941532,-8848985.585,5414075.767999999,3518786,2006,2006/11/19 05:00:00+00,2046,20,ST CLAIR AVE W,JANE ST,,Major Arterial,Etobicoke York,5.0,12,43.667145,-79.49179000000001,Intersection,,Traffic Signal,Clear,Dark,Dry,Non-Fatal Injury,SMV Other,unknown,2,,0,0,1,0,0,0,0,0,0,0,0,0,0,111,Rockcliffe-Smythe (111),1208
941748,-8857534.922,5426256.621,3519363,2006,2006/11/23 05:00:00+00,1352,13,FINCH AVE W,ISLINGTON AVE,,Major Arterial,Etobicoke York,,31,43.746245,-79.56859,Intersection,At Intersection,Traffic Signal,Clear,Daylight,Dry,Non-Fatal Injury,Turning Movement,unknown,2,,0,0,1,0,0,0,0,1,0,0,0,0,0,21,Humber Summit (21),1377
941871,-8841883.402,5409983.159,3519704,2006,2006/11/22 05:00:00+00,1615,16,DUFFERIN ST,MELBOURNE AVE,,Minor Arterial,Toronto and East York,,14,43.640545,-79.42799000000001,Intersection,,Pedestrian Crossover,Clear,Daylight,Dry,Non-Fatal Injury,Pedestrian Collisions,unknown,2,,1,0,0,0,0,0,0,0,0,1,0,0,0,85,South Parkdale (85),1224
942131,-8848985.585,5414075.767999999,3607542,2006,2006/11/26 05:00:00+00,2115,21,ST CLAIR AVE W,JANE ST,,Major Arterial,Etobicoke York,5.0,12,43.667145,-79.49179000000001,Intersection,,Traffic Signal,Clear,Dark,Dry,Non-Fatal Injury,Angle,75 to 79,2,,0,0,1,0,0,0,0,1,1,1,1,0,0,111,Rockcliffe-Smythe (111),1397