ACCNUM,X,Y,Index_,YEAR,DATE,TIME,HOUR,STREET1,STREET2,OFFSET,ROAD_CLASS,District,WardNum,Division,LATITUDE,LONGITUDE,LOCCOORD,ACCLOC,TRAFFCTL,VISIBILITY,LIGHT,RDSFCOND,ACCLASS,IMPACTYPE,INVAGE,INJURY,FATAL_NO,PEDESTRIAN,CYCLIST,AUTOMOBILE,MOTORCYCLE,TRUCK,TRSN_CITY_VEH,EMERG_VEH,PASSENGER,SPEEDING,AG_DRIV,REDLIGHT,ALCOHOL,DISABILITY,Hood_ID,Neighbourhood,ObjectId
963934,-8835938.941,5412521.594,4157890,2007,2007/03/19 04:00:00+00,1400,14,JARVIS ST,DUNDAS ST E,,Major Arterial,Toronto and East York,13.0,51,43.657045000000004,-79.37459,Intersection,At Intersection,Traffic Signal,Clear,Daylight,Wet,Non-Fatal Injury,Pedestrian Collisions,55 to 59,2,,1,0,1,0,0,0,0,0,0,1,1,0,0,73,Moss Park (73),1742
964254,-8843775.832999999,5421588.731000001,4158596,2007,2007/03/22 04:00:00+00,1907,19,ALLEN X S LAWRENCE E RAMP W,LAWRENCE AVE W,,Major Arterial,North York,8.0,32,43.715945,-79.44499,Intersection,At Intersection,Yield Sign,Clear,"Dusk, artificial",Dry,Non-Fatal Injury,Pedestrian Collisions,unknown,2,,1,0,1,0,0,0,0,0,0,1,0,0,0,31,Yorkdale-Glen Park (31),1747
964318,-8833679.155,5433424.813999999,4158734,2007,2007/04/14 04:00:00+00,1305,13,FINCH AVE E,DON MILLS RD,,Major Arterial,North York,17.0,33,43.792745000000004,-79.35429,Mid-Block,,No Control,Clear,Daylight,Dry,Non-Fatal Injury,Pedestrian Collisions,65 to 69,2,,1,0,1,0,0,0,0,0,0,0,0,0,0,48,Hillcrest Village (48),1322
964373,-8854362.316,5409306.3610000005,4158870,2007,2007/03/22 04:00:00+00,1844,18,DUNDAS ST W,SUBWAY CRES,,Major Arterial,Etobicoke York,3.0,22,43.636145,-79.54009,Intersection,At Intersection,Traffic Signal,Clear,Daylight,Dry,Non-Fatal Injury,Pedestrian Collisions,55 to 59,2,,1,0,1,0,0,0,0,0,0,0,0,0,0,14,Islington-City Centre West (14),1744
964426,-8859850.367,5425409.1389999995,4159012,2007,2007/03/23 04:00:00+00,817,8,FINCH AVE W,KENDLETON DR,,Major Arterial,Etobicoke York,1.0,23,43.740745000000004,-79.58939000000001,Mid-Block,,No Control,Clear,Daylight,Dry,Non-Fatal Injury,Rear End,40 to 44,2,,0,0,1,0,0,0,0,1,0,1,0,0,0,2,Mount Olive-Silverstone-Jamestown (2),1753
964433,-8846057.882000001,5415984.22,4159033,2007,2007/03/23 04:00:00+00,658,6,OLD WESTON RD,TURNBERRY AVE,,Minor Arterial,Toronto and East York,9.0,12,43.679545000000005,-79.46549,Mid-Block,,No Control,Clear,Daylight,Dry,Non-Fatal Injury,SMV Unattended Vehicle,unknown,2,,0,0,1,0,0,0,0,0,0,1,0,0,1,91,Weston-Pellam Park (91),1750
964482,-8856733.422,5424577.141,4159141,2007,2007/03/24 04:00:00+00,958,9,ALBION RD,RIVERDALE DR,,Major Arterial,Etobicoke York,1.0,23,43.735345,-79.56139,Intersection,At Intersection,Traffic Signal,Rain,Daylight,Wet,Non-Fatal Injury,Pedestrian Collisions,80 to 84,2,,1,0,1,0,0,0,0,0,0,0,0,0,0,3,Thistletown-Beaumond Heights (3),1756
964573,-8818394.989,5434273.033,4159352,2007,2007/02/25 05:00:00+00,2129,21,SHEPPARD AVE E,NEILSON RD,,Major Arterial,Scarborough,25.0,42,43.798245,-79.21699,Mid-Block,,No Control,Snow,Dark,Packed Snow,Non-Fatal Injury,SMV Other,unknown,2,,0,0,1,0,0,0,0,0,1,1,0,0,0,132,Malvern (132),1102
964724,-8828513.931,5431266.062000001,4159637,2007,2007/04/17 04:00:00+00,740,7,WARDEN AVE,SHEPPARD AVE E,,Major Arterial,Scarborough,22.0,42,43.778745,-79.30789,Intersection,At Intersection,Traffic Signal,Clear,Daylight,Dry,Non-Fatal Injury,Turning Movement,unknown,2,,0,0,1,0,0,0,0,0,0,1,1,0,1,118,Tam O'Shanter-Sullivan (118),1331
964835,-8854707.407,5404155.089,4159890,2007,2007/04/17 04:00:00+00,1603,16,149 SHELDON AVE,,,Local,Etobicoke York,3.0,22,43.602645,-79.54319,Mid-Block,,No Control,Clear,Daylight,Dry,Fatal,SMV Other,90 to 94,3,,0,0,1,0,0,0,0,1,0,0,0,0,0,20,Alderwood (20),1337
964870,-8838844.379,5413198.627,4159971,2007,2007/03/27 04:00:00+00,2045,20,40 WILLCOCKS St,,,Local,Toronto and East York,11.0,52,43.661445,-79.40069,Mid-Block,,No Control,Clear,Dark,Dry,Non-Fatal Injury,Cyclist Collisions,65 to 69,2,,0,1,1,0,0,0,0,0,0,0,0,0,0,79,University (79),1113
965074,-8852013.475,5424993.131,4160460,2007,2007/04/18 04:00:00+00,1705,17,SHEPPARD Ave W,LAURA Rd,,Major Arterial,Etobicoke York,7.0,31,43.738045,-79.51899,Mid-Block,,No Control,Clear,Daylight,Dry,Non-Fatal Injury,Approaching,75 to 79,2,,0,0,1,0,0,0,0,1,0,1,0,0,0,26,Downsview-Roding-CFB (26),1353
965365,-8857156.436,5420433.677,4161158,2007,2007/04/20 04:00:00+00,1430,14,KIPLING AVE,NAMCO RD,,Major Arterial,Etobicoke York,1.0,23,43.708445000000005,-79.56519,Mid-Block,,No Control,Clear,Daylight,Dry,Non-Fatal Injury,SMV Other,unknown,2,,0,0,1,0,0,0,0,0,0,0,0,0,0,1,West Humber-Clairville (1),1355
965369,-8828513.597000001,5431266.216,4161168,2007,2007/04/22 04:00:00+00,4,4,WARDEN AVE,SHEPPARD AVE E,,Major Arterial,Scarborough,22.0,42,43.778746000000005,-79.307887,Intersection,At Intersection,Traffic Signal,Clear,Dark,Dry,Fatal,Turning Movement,unknown,3,,0,0,1,1,0,0,0,0,1,1,0,0,0,118,Tam O'Shanter-Sullivan (118),1366
966139,-8820587.983,5422435.863,4162906,2007,2007/04/03 04:00:00+00,1220,12,KINGSTON RD,EASTVILLE AVE,,Major Arterial,Scarborough,20.0,43,43.721445,-79.23669,Mid-Block,,No Control,Clear,Daylight,Dry,Non-Fatal Injury,Pedestrian Collisions,30 to 34,2,,1,0,1,0,0,0,0,0,0,0,0,0,0,123,Cliffcrest (123),1296
966448,-8836996.476,5410875.378,4163615,2007,2007/04/05 04:00:00+00,1305,13,UNIVERSITY AVE,WELLINGTON ST W,,Major Arterial,Toronto and East York,10.0,52,43.646345000000004,-79.38409,Intersection,At Intersection,Traffic Signal,Clear,Daylight,Wet,Non-Fatal Injury,Cyclist Collisions,55 to 59,2,,0,1,1,0,0,0,0,0,0,0,0,0,0,76,Bay Street Corridor (76),1298
966627,-8826710.555,5438746.754,4164013,2007,2007/04/28 04:00:00+00,1415,14,STEELES AVE E,ASHCOTT ST,,Major Arterial,Scarborough,23.0,42,43.827245,-79.29169,Intersection,At Intersection,Traffic Signal,Clear,Daylight,Dry,Non-Fatal Injury,Pedestrian Collisions,35 to 39,2,,1,0,1,0,0,0,0,0,0,0,0,0,0,130,Milliken (130),1391
966632,-8841638.499,5413337.118,4164030,2007,2007/04/28 04:00:00+00,1734,17,746 OSSINGTON AVE,,,Minor Arterial,Toronto and East York,,14,43.662345,-79.42579,Mid-Block,,No Control,Clear,Daylight,Dry,Non-Fatal Injury,Pedestrian Collisions,unknown,2,,1,0,0,0,0,1,0,0,0,1,0,0,0,93,Dovercourt-Wallace Emerson-Junction (93),1492
966951,-8852892.899,5411106.137999999,4164719,2007,2007/04/30 04:00:00+00,910,9,CENTRAL PARK RDWY Road,CORDOVA AVE,,Collector,Etobicoke York,3.0,22,43.647845000000004,-79.52689000000001,Intersection,At Intersection,Stop Sign,Clear,Daylight,Dry,Non-Fatal Injury,Pedestrian Collisions,unknown,2,,1,0,1,0,0,0,0,0,0,1,0,0,0,14,Islington-City Centre West (14),1503
967064,-8859950.555,5424869.873,4164973,2007,2007/04/08 04:00:00+00,316,3,FINCH AVE W,MARTIN GROVE RD,,Major Arterial,Etobicoke York,1.0,23,43.737245,-79.59029,Mid-Block,,No Control,Snow,Dark,Wet,Non-Fatal Injury,Approaching,unknown,2,,0,0,1,0,0,0,0,1,1,1,0,0,0,2,Mount Olive-Silverstone-Jamestown (2),1306
967321,-8840892.658,5433995.425,4165579,2007,2007/04/10 04:00:00+00,1645,16,ABITIBI AVE,YONGE ST,,Local,North York,18.0,32,43.796445,-79.41909,Mid-Block,,No Control,Clear,Daylight,Dry,Non-Fatal Injury,Pedestrian Collisions,55 to 59,2,,1,0,1,0,0,0,0,0,0,0,0,0,0,50,Newtonbrook East (50),1308
967550,-8837686.657,5414752.915,4166076,2007,2007/03/27 04:00:00+00,1550,15,BAY ST,YORKVILLE AVE,,Major Arterial,Toronto and East York,11.0,53,43.671545,-79.39029000000001,Mid-Block,,No Control,Clear,Daylight,Dry,Non-Fatal Injury,Turning Movement,unknown,2,,0,0,1,0,1,0,0,0,0,0,0,0,0,95,Annex (95),1759
967741,-8829282.035,5427859.346,4166555,2007,2007/04/14 04:00:00+00,1042,10,VICTORIA PARK AVE,COMBERMERE DR,,Major Arterial,North York,,41,43.756645,-79.31479,Mid-Block,,No Control,Clear,Daylight,Dry,Non-Fatal Injury,Rear End,unknown,2,,0,0,1,0,0,0,0,1,0,1,0,0,0,119,Wexford/Maryvale (119),1320
967864,-8832098.418,5413137.0770000005,4405573,2007,2007/05/06 04:00:00+00,1615,16,QUEEN ST E,CARLAW AVE,,Minor Arterial,Toronto and East York,14.0,55,43.661045,-79.34009,Intersection,At Intersection,Traffic Signal,Clear,Daylight,Dry,Non-Fatal Injury,Turning Movement,50 to 54,2,,0,0,1,1,0,0,0,1,0,0,0,0,0,70,South Riverdale (70),1515
967962,-8856967.193,5419879.302999999,4292158,2007,2007/04/15 04:00:00+00,1040,10,KIPLING AVE,BELFIELD RD,,Major Arterial,Etobicoke York,1.0,23,43.704845,-79.56349,Intersection,,Traffic Signal,Clear,Daylight,Dry,Non-Fatal Injury,Angle,65 to 69,2,,0,0,1,0,0,0,0,1,0,1,1,0,0,1,West Humber-Clairville (1),1327
968070,-8841315.672,5418262.567000001,4167299,2007,2007/04/17 04:00:00+00,2257,22,BATHURST ST,MARKDALE AVE,,Major Arterial,Toronto and East York,12.0,13,43.694345,-79.42289,Mid-Block,,No Control,Clear,Dark,Dry,Non-Fatal Injury,SMV Unattended Vehicle,unknown,2,,0,0,1,0,0,0,0,1,1,1,0,1,0,101,Forest Hill South (101),1349
968074,-8836161.58,5429786.067000001,4167312,2007,2007/04/17 04:00:00+00,751,7,SHEPPARD AVE E,BESSARION RD,,Major Arterial,North York,17.0,33,43.769145,-79.37659000000001,Intersection,At Intersection,Traffic Signal,Clear,Daylight,Dry,Non-Fatal Injury,Angle,unknown,2,,0,0,1,0,0,0,0,0,0,1,1,0,0,52,Bayview Village (52),1335
968131,-8824116.811,5430526.035,4167454,2007,2007/05/07 04:00:00+00,645,6,330 PROGRESS AVE,,,Minor Arterial,Scarborough,21.0,41,43.773945,-79.26839,Mid-Block,,No Control,Clear,Daylight,Dry,Non-Fatal Injury,Rear End,unknown,2,,0,0,1,0,0,0,0,1,0,0,0,1,0,127,Bendale (127),1521
968157,-8843864.888,5412629.3,4167500,2007,2007/05/07 04:00:00+00,1103,11,1369 BLOOR ST W,,,Major Arterial,Toronto and East York,9.0,11,43.657745,-79.44579,Mid-Block,,No Control,Clear,Daylight,Dry,Non-Fatal Injury,Pedestrian Collisions,75 to 79,2,,1,0,1,0,0,0,0,0,0,0,0,0,0,93,Dovercourt-Wallace Emerson-Junction (93),1523
968354,-8831820.12,5434442.686000001,4167991,2007,2007/04/20 04:00:00+00,2240,22,343 CHEROKEE BLVD,,,Collector,North York,17.0,33,43.799345,-79.33759,Mid-Block,,No Control,Clear,Dark,Dry,Non-Fatal Injury,Pedestrian Collisions,unknown,2,,1,0,1,0,0,0,0,0,0,0,0,0,0,46,Pleasant View (46),1359
968405,-8839601.352,5426410.717999999,4168098,2007,2007/05/08 04:00:00+00,1450,14,YONGE Stre,WILLIAM CARSON Cres,,Major Arterial,North York,,32,43.747245,-79.40749,Intersection,At Intersection,Traffic Signal,Clear,Daylight,Dry,Non-Fatal Injury,Rear End,60 to 64,2,,0,0,1,0,0,0,0,0,0,0,0,0,1,40,St.Andrew-Windfields (40),1535
968451,-8832176.676,5411982.926,4168200,2007,2007/04/21 04:00:00+00,1309,13,BOOTH AVE,LAKE SHORE BLVD E,,Major Arterial,Toronto and East York,14.0,55,43.653544000000004,-79.340793,Intersection,At Intersection,Stop Sign,Clear,Daylight,Dry,Non-Fatal Injury,Pedestrian Collisions,55 to 59,2,,1,0,1,0,0,0,0,0,0,1,0,0,0,70,South Riverdale (70),1361
968566,-8852391.961000001,5430726.453,4168492,2007,2007/05/09 04:00:00+00,1928,19,STEELES AVE W,PETER KAISER GT,,Major Arterial,Etobicoke York,7.0,31,43.775245,-79.52239,Mid-Block,,No Control,Clear,Dark,Dry,Non-Fatal Injury,Approaching,unknown,2,,0,0,1,0,1,0,0,0,0,0,0,0,0,24,Black Creek (24),1541
968739,-8845991.091,5413952.655,4168861,2007,2007/04/22 04:00:00+00,1210,12,KEELE ST,JACKSON PL,,Major Arterial,Toronto and East York,4.0,11,43.666345,-79.46489,Mid-Block,,Stop Sign,Clear,Daylight,Dry,Non-Fatal Injury,Angle,unknown,2,,0,0,1,0,0,0,0,1,1,1,0,1,0,90,Junction Area (90),1277
969441,-8836005.732,5412783.169,4170466,2007,2007/05/14 04:00:00+00,2103,21,295 JARVIS ST,,,Major Arterial,Toronto and East York,13.0,51,43.658745,-79.37519,Mid-Block,,No Control,Clear,Dark,Dry,Non-Fatal Injury,Pedestrian Collisions,unknown,2,,1,0,1,0,0,0,0,0,0,0,0,0,0,73,Moss Park (73),1552
969630,-8828870.152999999,5416153.5370000005,4170941,2007,2007/04/28 04:00:00+00,15,1,GERRARD ST E,GLENMORE RD,,Minor Arterial,Toronto and East York,19.0,55,43.680645,-79.31109000000001,Mid-Block,At Intersection,No Control,Rain,Dark,Wet,Non-Fatal Injury,Pedestrian Collisions,60 to 64,2,,1,0,1,0,0,0,0,0,0,0,0,0,0,64,Woodbine Corridor (64),1375
969646,-8836517.802000001,5412352.342999999,4170984,2007,2007/04/17 04:00:00+00,1836,18,DUNDAS SQ,OKEEFE LANE,,Collector,Toronto and East York,13.0,52,43.655945,-79.37979,Mid-Block,,No Control,Clear,Daylight,Dry,Non-Fatal Injury,SMV Other,unknown,2,,0,0,0,1,0,0,0,0,0,0,0,0,0,75,Church-Yonge Corridor (75),1341
969841,-8838933.435,5414075.767999999,4171425,2007,2007/04/21 04:00:00+00,1741,17,BLOOR ST W,HURON ST,,Major Arterial,Toronto and East York,11.0,53,43.667145,-79.40149,Intersection,At Intersection,Traffic Signal,Clear,Daylight,Dry,Non-Fatal Injury,Turning Movement,unknown,2,,0,1,1,0,0,0,0,0,0,1,0,0,0,79,University (79),1364
969857,-8843230.367,5419124.791,4171455,2007,2007/04/30 04:00:00+00,1841,18,MARLEE AVE,WHITMORE AVE,,Minor Arterial,North York,8.0,13,43.699945,-79.44009,Intersection,At Intersection,Stop Sign,Clear,Daylight,Dry,Non-Fatal Injury,Turning Movement,unknown,2,,0,0,1,1,0,0,0,0,1,1,0,0,0,102,Forest Hill North (102),1506
969872,-8842439.999,5421973.781,4171493,2007,2007/05/01 04:00:00+00,2108,21,LAWRENCE AVE W,BRUCEWOOD CRES,,Major Arterial,North York,8.0,32,43.718445,-79.43299,Intersection,At Intersection,Traffic Signal,Clear,Dark,Wet,Non-Fatal Injury,Turning Movement,20 to 24,2,,0,0,1,0,0,0,0,1,0,0,0,0,0,32,Englemount-Lawrence (32),1510
970082,-8841716.422,5431050.214,4292286,2007,2007/05/03 04:00:00+00,1924,19,FINCH AVE W,EDITHVALE DR,,Major Arterial,North York,18.0,32,43.777345000000004,-79.42649,Mid-Block,At Intersection,Pedestrian Crossover,Clear,Daylight,Dry,Non-Fatal Injury,Pedestrian Collisions,40 to 44,2,,1,0,1,0,0,0,0,0,0,1,0,0,0,36,Newtonbrook West (36),1512
970485,-8823838.512,5419371.155,4172907,2007,2007/05/07 04:00:00+00,2300,23,BIRCHMOUNT RD,MACK AVE,,Minor Arterial,Scarborough,20.0,41,43.701545,-79.26589,Intersection,At Intersection,Stop Sign,Clear,Dark,Dry,Non-Fatal Injury,Turning Movement,40 to 44,2,,0,0,1,0,0,0,0,1,0,1,0,0,0,120,Clairlea-Birchmount (120),1531
970644,-8827333.944,5438546.1620000005,4173249,2007,2007/05/20 04:00:00+00,440,4,STEELES AVE E,MIDLAND AVE,,Major Arterial,Scarborough,,42,43.825945000000004,-79.29729,Intersection,At Intersection,Traffic Signal,Clear,Dark,Dry,Fatal,Pedestrian Collisions,55 to 59,3,,1,0,1,0,0,0,0,0,0,1,0,0,0,130,Milliken (130),1574
970666,-8833612.363,5418555.097999999,4173285,2007,2007/05/21 04:00:00+00,237,2,DON VALLEY PARKWAY  N,BEECHWOOD DR,,Local,Toronto and East York,14.0,54,43.696245000000005,-79.35369,Mid-Block,,No Control,Clear,Dark,Dry,Non-Fatal Injury,SMV Other,unknown,2,,0,0,1,0,0,0,0,1,1,1,0,0,0,57,Broadview North (57),2227
970906,-8833857.266,5413629.493,4173861,2007,2007/05/22 04:00:00+00,2157,21,DON VALLEY PARKWAY  S,DUNDAS ST E,,,Toronto and East York,,55,43.664245,-79.35589,Mid-Block,,No Control,Clear,Dark,Dry,Non-Fatal Injury,Pedestrian Collisions,unknown,2,,1,0,1,0,0,0,0,0,0,0,0,0,0,70,South Riverdale (70),2374
971231,-8859828.103,5425455.363,4174593,2007,2007/05/09 04:00:00+00,517,5,ALBION RD,FINCH AVE W,,Major Arterial,Etobicoke York,1.0,23,43.741045,-79.58919,Intersection,At Intersection,Traffic Controller,Clear,Daylight,Dry,Non-Fatal Injury,Angle,45 to 49,2,,0,0,1,0,0,0,0,0,0,1,0,0,0,2,Mount Olive-Silverstone-Jamestown (2),1537
971237,-8821857.025,5424777.43,4174614,2007,2007/04/28 04:00:00+00,1905,19,EGLINTON AVE E,BRIMLEY RD,,Major Arterial,Scarborough,,43,43.736645,-79.24809,Intersection,,Traffic Signal,Clear,Daylight,Dry,Non-Fatal Injury,Angle,45 to 49,2,,0,0,1,0,0,0,0,1,0,1,1,0,0,138,Eglinton East (138),1499
971246,-8830784.848,5416415.216,4174637,2007,2007/04/29 04:00:00+00,1520,15,DANFORTH AVE,GILLARD AVE,,Major Arterial,Toronto and East York,14.0,54,43.682345,-79.32829,Intersection,,Traffic Signal,Clear,Daylight,Dry,Non-Fatal Injury,Rear End,45 to 49,2,,0,0,1,1,0,0,0,0,0,1,0,0,0,66,Danforth (66),1501
971396,-8833723.683,5433409.392000001,4405620,2007,2007/05/08 04:00:00+00,1050,10,DON MILLS Road,FINCH Aven E,,Major Arterial,North York,17.0,33,43.792645,-79.35469,Intersection,At Intersection,Traffic Signal,Clear,Daylight,Dry,Non-Fatal Injury,Pedestrian Collisions,75 to 79,2,,1,0,1,0,0,0,0,0,0,0,0,0,0,47,Don Valley Village (47),1533
972006,-8860551.68,5428306.31,4273691,2007,2007/05/28 04:00:00+00,1800,18,STEELES AVE W,GIHON SPRING DR,,Major Arterial,Etobicoke York,1.0,23,43.759545,-79.59569,Mid-Block,,No Control,Clear,Daylight,Dry,Non-Fatal Injury,Pedestrian Collisions,85 to 89,2,,1,0,1,0,0,0,0,0,0,0,0,0,0,2,Mount Olive-Silverstone-Jamestown (2),2589
972018,-8826109.43,5431821.121,4176332,2007,2007/05/15 04:00:00+00,1645,16,GORDON AVE,COLLINGWOOD ST,,Local,Scarborough,22.0,42,43.782345,-79.28629000000001,Mid-Block,,No Control,Clear,Daylight,Dry,Non-Fatal Injury,Sideswipe,unknown,2,,0,0,1,1,0,0,0,0,0,0,0,0,0,128,Agincourt South-Malvern West (128),1555
972321,-8839233.998,5424207.3889999995,4177065,2007,2007/05/28 04:00:00+00,1245,12,TEDDINGTON PARK Ave,YONGE St,,Major Arterial,North York,,32,43.732945,-79.40419,Intersection,,No Control,Clear,Daylight,Dry,Non-Fatal Injury,Pedestrian Collisions,85 to 89,2,,1,0,1,0,0,0,0,0,0,1,0,0,0,105,Lawrence Park North (105),2587
972580,-8841003.978,5434226.7639999995,4177667,2007,2007/05/17 04:00:00+00,19,1,YONGE ST,STEELES AVE E,,Major Arterial,North York,18.0,32,43.797945,-79.42009,Intersection,At Intersection,Traffic Signal,Rain,Dark,Wet,Non-Fatal Injury,Rear End,40 to 44,2,,0,0,1,0,0,0,0,1,0,1,0,0,0,50,Newtonbrook East (50),1562
972774,-8833211.613,5431481.914,4178097,2007,2007/05/22 04:00:00+00,1840,18,DON MILLS RD W,ESTERBROOKE AVE,,Major Arterial,North York,17.0,33,43.780145000000005,-79.35009000000001,Mid-Block,,No Control,Clear,Daylight,Dry,Non-Fatal Injury,SMV Other,20 to 24,2,,0,0,0,1,0,0,0,0,0,1,0,0,0,47,Don Valley Village (47),2232
972841,-8823326.442,5429924.806,4178255,2007,2007/06/01 04:00:00+00,1910,19,ELLESMERE RD,BRIMLEY RD,,Major Arterial,Scarborough,21.0,43,43.770045,-79.26129,Intersection,At Intersection,Traffic Signal,Clear,Daylight,Dry,Fatal,Turning Movement,unknown,3,,0,0,1,1,0,0,0,1,1,1,0,0,0,127,Bendale (127),2594
972843,-8835148.35,5415168.155,4178259,2007,2007/06/02 04:00:00+00,2,2,BLOOR ST E,DRUMSNAB RD,,Major Arterial,Toronto and East York,11.0,51,43.674243,-79.367488,Intersection,At Intersection,No Control,Clear,Dark,Dry,Fatal,SMV Other,unknown,3,,0,0,0,1,0,0,0,0,1,1,0,0,0,71,Cabbagetown-South St.James Town (71),2596
972932,-8857534.922,5426256.621,4405647,2007,2007/06/02 04:00:00+00,226,2,ISLINGTON AVE,FINCH AVE W,,Major Arterial,Etobicoke York,,31,43.746245,-79.56859,Intersection,At Intersection,Traffic Signal,Clear,Dark,Dry,Fatal,Angle,unknown,3,,0,0,1,0,0,0,0,1,0,1,1,0,0,21,Humber Summit (21),2605
972948,-8836072.524,5410521.556,4178467,2007,2007/06/02 04:00:00+00,2358,23,LAKE SHORE BLVD W,YONGE ST,,Major Arterial,Toronto and East York,10.0,51,43.644045,-79.37579000000001,Intersection,,Traffic Signal,Clear,Dark,Dry,Non-Fatal Injury,Turning Movement,unknown,2,,0,0,1,0,0,0,0,0,1,1,0,0,0,77,Waterfront Communities-The Island (77),2608
973511,-8860518.284,5425948.437000001,4179656,2007,2007/05/11 04:00:00+00,1930,19,MARTIN GROVE RD,GARFELLA DR,,Minor Arterial,Etobicoke York,1.0,23,43.744245,-79.59539000000001,Intersection,At Intersection,Traffic Signal,Clear,Daylight,Dry,Non-Fatal Injury,Angle,45 to 49,2,,0,0,1,0,0,0,0,1,0,1,1,0,0,2,Mount Olive-Silverstone-Jamestown (2),1550
973640,-8837252.511,5412352.342999999,4179917,2007,2007/06/06 04:00:00+00,1645,16,CHESTNUT ST,EDWARD ST,,Collector,Toronto and East York,11.0,52,43.655945,-79.38639,Intersection,At Intersection,No Control,Clear,Daylight,Dry,Non-Fatal Injury,Pedestrian Collisions,unknown,2,,1,0,0,0,0,1,0,0,0,1,0,0,0,76,Bay Street Corridor (76),2616
973856,-8826510.18,5431898.215,4180417,2007,2007/06/07 04:00:00+00,1029,10,3875 SHEPPARD AVE E,,,Major Arterial,Scarborough,22.0,42,43.782845,-79.28989,Mid-Block,,No Control,Clear,Daylight,Dry,Non-Fatal Injury,SMV Other,70 to 74,2,,0,0,1,0,0,0,0,0,0,0,0,0,1,118,Tam O'Shanter-Sullivan (118),2617
973958,-8813541.458999999,5433023.864,4180620,2007,2007/05/28 04:00:00+00,505,5,ELLESMERE RD,MORRISH RD,,Minor Arterial,Scarborough,25.0,43,43.790145,-79.17339,Intersection,At Intersection,Traffic Signal,Clear,Dark,Dry,Non-Fatal Injury,Pedestrian Collisions,unknown,2,,1,0,1,0,0,0,0,0,0,1,0,0,0,134,Highland Creek (134),2585
973970,-8848061.633,5414321.997,4180661,2007,2007/05/24 04:00:00+00,1610,16,RUNNYMEDE Road,ST CLAIR Aven W,,Major Arterial,Etobicoke York,5.0,11,43.668745,-79.48349,Mid-Block,,No Control,Clear,Daylight,Dry,Non-Fatal Injury,Sideswipe,unknown,2,,0,0,1,0,0,1,0,1,0,1,0,0,0,90,Junction Area (90),2579
974078,-8827923.937,5420310.48,4180906,2007,2007/06/08 04:00:00+00,840,8,ST CLAIR AVE E,PLAXTON DR,,Major Arterial,Toronto and East York,19.0,54,43.707645,-79.30259000000001,Intersection,At Intersection,Traffic Signal,Clear,Daylight,Dry,Non-Fatal Injury,Pedestrian Collisions,40 to 44,2,,1,0,1,0,0,0,0,0,0,1,1,0,0,54,O'Connor-Parkview (54),2623
974080,-8837274.775,5428445.027000001,4180914,2007,2007/06/08 04:00:00+00,809,8,BAYVIEW AVE,FIFESHIRE RD,,Major Arterial,North York,15.0,33,43.760445000000004,-79.38659,Intersection,At Intersection,No Control,Clear,Daylight,Dry,Fatal,Cyclist Collisions,unknown,3,,0,1,1,0,1,0,0,0,0,0,0,0,0,40,St.Andrew-Windfields (40),2621
974158,-8841193.221,5411736.9120000005,4181086,2007,2007/02/10 05:00:00+00,52,5,OSSINGTON AVE,CHURCHILL AVE,,Minor Arterial,Toronto and East York,,14,43.651945,-79.42179,Intersection,At Intersection,Traffic Signal,Clear,Dark,Dry,Non-Fatal Injury,Pedestrian Collisions,unknown,2,,1,0,1,0,0,0,0,1,1,1,0,0,0,81,Trinity-Bellwoods (81),1038
974168,-8841983.589,5409690.899,4181100,2007,2007/06/09 04:00:00+00,945,9,KING ST W,GWYNNE AVE,,Major Arterial,Toronto and East York,4.0,14,43.638645000000004,-79.42889,Intersection,At Intersection,No Control,Clear,Daylight,Dry,Non-Fatal Injury,Pedestrian Collisions,70 to 74,2,,1,0,1,0,0,0,0,0,0,0,0,0,0,85,South Parkdale (85),2625
974270,-8842840.749,5433686.982000001,4181281,2007,2007/06/10 04:00:00+00,1038,10,STEELES AVE W,CACTUS AVE,,Major Arterial,North York,18.0,32,43.794445,-79.43659,Intersection,At Intersection,Traffic Signal,Clear,Daylight,Dry,Non-Fatal Injury,Pedestrian Collisions,unknown,2,,1,0,1,0,0,0,0,1,0,0,0,0,0,36,Newtonbrook West (36),2632
974540,-8862510.902999999,5424438.482000001,4181861,2007,2007/05/23 04:00:00+00,2037,20,6700 FINCH AVE W,,,Major Arterial,Etobicoke York,1.0,23,43.734445,-79.61329,Mid-Block,,No Control,Clear,Dark,Dry,Non-Fatal Injury,Rear End,25 to 29,2,,0,0,1,0,0,0,0,1,0,1,0,0,0,1,West Humber-Clairville (1),2565
975035,-8840503.04,5412198.481000001,4273729,2007,2007/06/14 04:00:00+00,1124,11,COLLEGE ST,GRACE ST,,Major Arterial,Toronto and East York,11.0,14,43.654945,-79.41559000000001,Intersection,At Intersection,Traffic Signal,Clear,Daylight,Dry,Fatal,Pedestrian Collisions,unknown,3,,1,0,1,0,0,0,0,0,0,0,0,0,0,80,Palmerston-Little Italy (80),2644
975174,-8856210.22,5409429.411,4183271,2007,2007/06/15 04:00:00+00,1715,17,BLOOR ST W,THE EAST MALL,,Major Arterial,Etobicoke York,,22,43.636945000000004,-79.55669,Intersection,At Intersection,Traffic Signal,Clear,Daylight,Dry,Non-Fatal Injury,Turning Movement,45 to 49,2,,0,0,1,0,0,0,0,1,0,0,0,0,0,14,Islington-City Centre West (14),2647
975246,-8845356.57,5417492.792,4183433,2007,2007/06/17 04:00:00+00,425,4,MCROBERTS Aven,KITCHENER Aven,,Local,Toronto and East York,9.0,13,43.689345,-79.45919,Intersection,At Intersection,Stop Sign,Clear,Dark,Dry,Non-Fatal Injury,Pedestrian Collisions,unknown,2,,1,0,1,0,0,0,0,1,0,0,0,0,0,109,Caledonia-Fairbank (109),2653