ACCNUM,X,Y,Index_,YEAR,DATE,TIME,HOUR,STREET1,STREET2,OFFSET,ROAD_CLASS,District,WardNum,Division,LATITUDE,LONGITUDE,LOCCOORD,ACCLOC,TRAFFCTL,VISIBILITY,LIGHT,RDSFCOND,ACCLASS,IMPACTYPE,INVAGE,INJURY,FATAL_NO,PEDESTRIAN,CYCLIST,AUTOMOBILE,MOTORCYCLE,TRUCK,TRSN_CITY_VEH,EMERG_VEH,PASSENGER,SPEEDING,AG_DRIV,REDLIGHT,ALCOHOL,DISABILITY,Hood_ID,Neighbourhood,ObjectId
1051130,-8835527.059,5411167.675,5388637,2008,2008/07/31 04:00:00+00,2245,22,LOWER JARVIS ST,THE ESPLANADE,,Major Arterial,Toronto and East York,,51,43.648245,-79.37089,Intersection,At Intersection,Traffic Signal,Clear,Dark,Dry,Non-Fatal Injury,Cyclist Collisions,unknown,2,,0,1,1,0,0,0,0,0,0,1,1,1,0,77,Waterfront Communities-The Island (77),3489
1051168,-8840013.234,5413767.99,5388730,2008,2008/07/22 04:00:00+00,2330,23,BLOOR ST W,BATHURST ST,,Major Arterial,Toronto and East York,11.0,14,43.665145,-79.41119,Intersection,At Intersection,Traffic Signal,Rain,Dark,Wet,Non-Fatal Injury,Pedestrian Collisions,unknown,2,,1,0,1,0,0,0,0,0,0,0,0,0,0,95,Annex (95),3464
1051188,-8850165.572,5418755.256,5388773,2008,2008/07/15 04:00:00+00,2000,20,JANE ST,TRETHEWEY DR,,Major Arterial,Etobicoke York,5.0,12,43.697545,-79.50239,Intersection,At Intersection,Traffic Signal,Clear,Daylight,Dry,Non-Fatal Injury,Turning Movement,50 to 54,2,,0,0,1,0,0,0,0,0,0,1,1,0,0,30,Brookhaven-Amesbury (30),3326
1051205,-8832810.863,5430448.9520000005,5388813,2008,2008/07/15 04:00:00+00,1935,19,DON MILLS RD,GEORGE HENRY BLVD,,Major Arterial,North York,17.0,33,43.773445,-79.34649,Intersection,At Intersection,Stop Sign,Clear,Dusk,Dry,Non-Fatal Injury,Pedestrian Collisions,35 to 39,2,,1,0,1,0,0,0,0,0,0,1,0,0,0,53,Henry Farm (53),3319
1051391,-8814198.243999999,5430633.9520000005,5389227,2008,2008/08/01 04:00:00+00,2110,21,KINGSTON RD,ORCHARD PARK DR,,Major Arterial,Scarborough,25.0,43,43.774645,-79.17929000000001,Intersection,,Stop Sign,Clear,Dark,Dry,Non-Fatal Injury,Pedestrian Collisions,40 to 44,2,,1,0,1,0,0,0,0,1,1,1,0,1,0,136,West Hill (136),3497
1051990,-8838666.268,5416168.93,5390544,2008,2008/06/25 04:00:00+00,1820,18,AVENUE RD,POPLAR PLAINS CRES,,Major Arterial,Toronto and East York,12.0,53,43.680745,-79.39909,Intersection,At Intersection,No Control,Clear,Daylight,Dry,Non-Fatal Injury,Cyclist Collisions,65 to 69,2,,0,1,1,0,0,0,0,0,0,0,0,0,0,97,Yonge-St.Clair (97),3783
1052382,-8837285.907,5419017.007999999,5391374,2008,2008/08/09 04:00:00+00,1035,10,BALLIOL ST,MOUNT PLEASANT RD,,Major Arterial,North York,,53,43.699245,-79.38669,Intersection,At Intersection,Stop Sign,Clear,Daylight,Dry,Fatal,Pedestrian Collisions,unknown,3,35.0,1,0,1,0,1,0,0,1,0,1,0,0,0,99,Mount Pleasant East (99),3335
1052487,-8828369.215,5430834.372,5391621,2008,2008/07/16 04:00:00+00,1110,11,WARDEN AVE,CASS AVE,,Major Arterial,Scarborough,22.0,42,43.775945,-79.30659,Intersection,At Intersection,Stop Sign,Clear,Daylight,Dry,Non-Fatal Injury,Turning Movement,unknown,2,,0,0,1,0,0,0,0,0,1,1,0,0,0,118,Tam O'Shanter-Sullivan (118),3421
1052609,-8848651.627,5427535.697000001,5391875,2008,2008/07/03 04:00:00+00,1155,11,KEELE St,ST REGIS Cres,,Major Arterial,Etobicoke York,,31,43.754545,-79.48879000000001,Intersection,At Intersection,Traffic Signal,Clear,Daylight,Dry,Non-Fatal Injury,Rear End,30 to 34,2,,0,0,1,0,0,0,0,1,0,1,0,0,0,27,York University Heights (27),3812
1052679,-8843408.479,5412752.395,5392037,2008,2008/08/07 04:00:00+00,316,3,ST CLARENS Aven,BLOOR Stre W,,Major Arterial,Toronto and East York,9.0,11,43.658545000000004,-79.44169000000001,,,Stop Sign,Clear,Dark,Dry,Non-Fatal Injury,SMV Other,unknown,2,,0,0,1,0,0,0,0,1,0,0,0,0,0,83,Dufferin Grove (83),3314
1052865,-8837430.622000001,5411398.443,5392434,2008,2008/07/18 04:00:00+00,751,7,RICHMOND ST W,DUNCAN ST,,Major Arterial,Toronto and East York,10.0,52,43.649745,-79.38799,Mid-Block,,No Control,Clear,Daylight,Dry,Non-Fatal Injury,Turning Movement,unknown,2,,0,0,1,0,0,0,0,0,0,0,0,0,0,77,Waterfront Communities-The Island (77),3437
1052983,-8832220.87,5414722.135,5392708,2008,2008/07/18 04:00:00+00,800,8,RIVERDALE Ave,PAPE Ave,,Local,Toronto and East York,14.0,55,43.671345,-79.34119,Mid-Block,,No Control,Clear,Daylight,Dry,Non-Fatal Injury,Cyclist Collisions,55 to 59,2,,0,1,1,0,0,0,0,0,0,1,0,0,0,69,Blake-Jones (69),3439
1053153,-8843330.555,5417785.299,5393096,2008,2008/08/14 04:00:00+00,1659,16,AMHERST AVE,GLENHOLME AVE,,Local,Toronto and East York,12.0,13,43.691245,-79.44099,Mid-Block,,No Control,Clear,Daylight,Dry,Non-Fatal Injury,Pedestrian Collisions,unknown,2,,1,0,1,0,0,0,0,0,0,0,0,0,0,107,Oakwood Village (107),3340
1053246,-8839434.373,5411798.453,5393288,2008,2008/07/19 04:00:00+00,1744,17,BATHURST ST,DUNDAS ST W,,Major Arterial,Toronto and East York,,14,43.652345000000004,-79.40599,Intersection,At Intersection,Traffic Signal,Clear,Daylight,Dry,Non-Fatal Injury,Turning Movement,45 to 49,2,,0,0,1,1,0,0,0,0,0,0,0,1,0,78,Kensington-Chinatown (78),3441
1053428,-8840369.456,5430711.036,5393698,2008,2008/08/15 04:00:00+00,1831,18,HORSHAM AVE,YONGE ST,,Major Arterial,North York,18.0,32,43.775145,-79.41439,Intersection,,No Control,Clear,Daylight,Wet,Non-Fatal Injury,Pedestrian Collisions,unknown,2,,1,0,1,0,0,0,0,1,0,0,0,0,0,51,Willowdale East (51),3353
1053515,-8839690.408,5419848.505,5393863,2008,2008/08/15 04:00:00+00,700,7,EGLINTON AVE W,AVENUE RD,,Major Arterial,North York,,53,43.704645,-79.40829000000001,Intersection,,No Control,Clear,Daylight,Dry,Non-Fatal Injury,Rear End,unknown,2,,0,0,1,0,0,0,0,0,0,1,0,0,1,100,Yonge-Eglinton (100),3347
1053634,-8849820.481,5413906.488,5394102,2008,2008/08/18 04:00:00+00,250,2,SCARLETT RD,ST CLAIR AVE W,,Major Arterial,Etobicoke York,,12,43.666045000000004,-79.49929,Intersection,,Traffic Signal,Clear,Dark,Dry,Non-Fatal Injury,SMV Other,80 to 84,2,,0,0,1,0,0,0,0,0,1,1,0,0,0,111,Rockcliffe-Smythe (111),3364
1053672,-8829437.882000001,5434211.342,5394193,2008,2008/08/17 04:00:00+00,2125,21,WARDEN Aven,FINCH Aven E,,Major Arterial,Scarborough,22.0,42,43.797845,-79.31619,Mid-Block,,No Control,Clear,Dark,Dry,Fatal,Pedestrian Collisions,65 to 69,3,36.0,1,0,1,0,0,0,0,0,0,0,0,0,0,117,L'Amoreaux (117),3363
1053740,-8843085.652,5430618.535,5394363,2008,2008/08/06 04:00:00+00,2210,22,ANCONA ST,FINCH AVE W,,Major Arterial,North York,18.0,32,43.774545,-79.43879,Intersection,At Intersection,Stop Sign,Clear,Dark,Dry,Non-Fatal Injury,Cyclist Collisions,unknown,2,,0,1,1,0,0,0,0,0,0,0,0,0,0,37,Willowdale West (37),3243
1053809,-8840113.422,5429292.788,5394521,2008,2008/07/20 04:00:00+00,320,3,4982 YONGE ST,,,Major Arterial,North York,18.0,32,43.765945,-79.41209,Mid-Block,,No Control,Rain,Dark,Wet,Non-Fatal Injury,Pedestrian Collisions,30 to 34,2,,1,0,1,0,0,0,0,0,0,0,0,0,0,51,Willowdale East (51),3451
1053906,-8845723.924,5415076.117000001,5394734,2008,2008/08/14 04:00:00+00,2045,20,ST CLAIR Aven W,FORD Stre,,Major Arterial,Toronto and East York,9.0,12,43.673645,-79.46249,Intersection,At Intersection,No Control,Clear,Dark,Dry,Non-Fatal Injury,Sideswipe,unknown,2,,0,0,1,1,0,0,0,0,0,0,0,0,0,91,Weston-Pellam Park (91),3342
1053990,-8831575.217,5418585.891,5394910,2008,2008/07/21 04:00:00+00,857,8,416 O CONNOR DR,,,Major Arterial,Toronto and East York,14.0,54,43.696445000000004,-79.33539,Mid-Block,,No Control,Rain,Dark,Wet,Non-Fatal Injury,Rear End,50 to 54,2,,0,0,1,0,0,0,0,0,0,1,0,0,0,58,Old East York (58),3458
1054012,-8839545.692,5412167.709,5394970,2008,2008/07/22 04:00:00+00,2329,23,BATHURST ST,NASSAU ST,,Major Arterial,Toronto and East York,11.0,14,43.654745,-79.40699000000001,Mid-Block,,No Control,Rain,Dark,Wet,Non-Fatal Injury,Pedestrian Collisions,60 to 64,2,,1,0,1,0,0,0,0,0,0,0,0,0,0,78,Kensington-Chinatown (78),3462
1054021,-8836250.635,5411106.137999999,5394992,2008,2008/07/22 04:00:00+00,2119,21,YONGE ST,WELLINGTON ST E,,Major Arterial,Toronto and East York,13.0,51,43.647845000000004,-79.37739,Intersection,At Intersection,Traffic Signal,Clear,Daylight,Dry,Non-Fatal Injury,Rear End,35 to 39,2,,0,0,1,1,0,0,0,0,0,1,0,0,0,75,Church-Yonge Corridor (75),3460
1054475,-8844232.242999999,5410875.378,5396078,2008,2008/07/28 04:00:00+00,542,5,RONCESVALLES AVE,HIGH PARK BLVD,,Minor Arterial,Toronto and East York,4.0,11,43.646345000000004,-79.44909,Intersection,,No Control,Clear,Daylight,Dry,Non-Fatal Injury,Pedestrian Collisions,unknown,2,,1,0,1,0,0,0,0,0,0,0,0,0,0,86,Roncesvalles (86),3468
1054496,-8833411.988,5416800.05,5396139,2008,2008/07/28 04:00:00+00,1553,15,MORTIMER AVE,LOGAN AVE,,Minor Arterial,Toronto and East York,14.0,54,43.684845,-79.35189,Intersection,At Intersection,Traffic Signal,Clear,Daylight,Dry,Non-Fatal Injury,Angle,45 to 49,2,,0,0,1,1,0,0,0,0,0,1,1,0,0,57,Broadview North (57),3472
1054754,-8848150.689,5408414.293,5396764,2008,2008/07/31 04:00:00+00,1610,16,THE QUEENSWAY,STEPHEN Driv,,Major Arterial,Etobicoke York,3.0,22,43.630345,-79.48429,Intersection,At Intersection,Traffic Signal,Clear,Daylight,Dry,Non-Fatal Injury,Cyclist Collisions,25 to 29,2,,0,1,1,0,0,0,0,0,0,0,0,0,0,16,Stonegate-Queensway (16),3486
1054857,-8835371.211000001,5412136.937000001,5397017,2008,2008/08/23 04:00:00+00,2123,21,QUEEN ST E,SHERBOURNE ST,,Major Arterial,Toronto and East York,13.0,51,43.654545,-79.36949,Intersection,At Intersection,Traffic Signal,Clear,Dark,Dry,Non-Fatal Injury,Pedestrian Collisions,unknown,2,,1,0,1,0,0,0,0,0,1,1,0,0,0,73,Moss Park (73),3388
1055195,-8846113.542000001,5424469.295,5397763,2008,2008/08/26 04:00:00+00,1111,11,PLEWES RD,ANCASTER RD,,Collector,North York,6.0,32,43.734645,-79.46599,Mid-Block,,No Control,Clear,Daylight,Dry,Fatal,Pedestrian Collisions,unknown,3,37.0,1,0,1,0,0,0,0,0,0,0,0,0,0,26,Downsview-Roding-CFB (26),3397
1055263,-8855364.192,5426934.663,5397923,2008,2008/07/28 04:00:00+00,2005,20,FINCH AVE W,JAYZEL DR,,Major Arterial,Etobicoke York,7.0,31,43.750645,-79.54909,Intersection,At Intersection,Traffic Signal,Clear,Daylight,Dry,Non-Fatal Injury,Pedestrian Collisions,unknown,2,,1,0,0,0,0,1,0,0,0,0,0,0,0,21,Humber Summit (21),3475
1055418,-8829615.993999999,5430926.875,5398249,2008,2008/08/28 04:00:00+00,2022,20,SHEPPARD AVE E,PHARMACY AVE,,Major Arterial,Scarborough,22.0,42,43.776545,-79.31779,Intersection,At Intersection,Traffic Signal,Clear,Dark,Dry,Non-Fatal Injury,Pedestrian Collisions,unknown,2,,1,0,1,0,0,0,0,0,0,1,0,0,0,118,Tam O'Shanter-Sullivan (118),3406
1055623,-8822090.796,5429708.99,5398748,2008,2008/08/31 04:00:00+00,1614,16,MCCOWAN RD,HURONIA GT,,Major Arterial,Scarborough,,43,43.768645,-79.25019,Intersection,At Intersection,No Control,Clear,Daylight,Dry,Non-Fatal Injury,Rear End,45 to 49,2,,0,0,1,0,0,0,0,1,0,0,0,0,0,137,Woburn (137),3009
1055774,-8836072.524,5410521.556,5399137,2008,2008/08/01 04:00:00+00,2307,23,LAKE SHORE W BLVD E,YONGE ST,,Major Arterial,Toronto and East York,10.0,51,43.644045,-79.37579000000001,Intersection,At Intersection,Traffic Signal,Clear,Dark,Dry,Non-Fatal Injury,Pedestrian Collisions,unknown,2,,1,0,1,0,0,0,0,1,0,1,0,1,0,77,Waterfront Communities-The Island (77),3502
1055801,-8843530.93,5412767.782000001,5399213,2008,2008/08/01 04:00:00+00,1815,18,LANSDOWNE Aven,BLOOR Stre W,,Minor Arterial,Toronto and East York,9.0,11,43.658645,-79.44279,Mid-Block,,No Control,Clear,Daylight,Dry,Non-Fatal Injury,Turning Movement,unknown,2,,0,0,1,0,0,0,0,0,0,1,0,0,0,93,Dovercourt-Wallace Emerson-Junction (93),3493
1055967,-8829192.98,5427504.874,5399552,2008,2008/09/03 04:00:00+00,1027,10,VICTORIA PARK AVE,CASSANDRA BLVD,,Major Arterial,North York,,41,43.754345,-79.31399,Intersection,,Traffic Signal,Clear,Daylight,Dry,Non-Fatal Injury,Pedestrian Collisions,70 to 74,2,,1,0,1,0,0,0,0,0,0,1,0,0,0,119,Wexford/Maryvale (119),3021
1056289,-8846124.674,5420572.276000001,5400293,2008,2008/08/02 04:00:00+00,2007,20,CALEDONIA Road,JOYCE Park,,Minor Arterial,North York,8.0,13,43.709345,-79.46609000000001,Intersection,At Intersection,Stop Sign,Clear,Daylight,Dry,Non-Fatal Injury,Turning Movement,unknown,2,,0,0,1,1,0,0,0,0,0,1,0,0,0,31,Yorkdale-Glen Park (31),3505
1056407,-8827768.09,5422405.056,5400541,2008,2008/09/03 04:00:00+00,1945,19,1420 VICTORIA PARK AVE,,,Major Arterial,North York,,41,43.721245,-79.30119,Mid-Block,,No Control,Clear,Daylight,Dry,Non-Fatal Injury,Pedestrian Collisions,80 to 84,2,,1,0,1,0,0,0,0,0,0,1,0,0,0,120,Clairlea-Birchmount (120),3029
1056442,-8851423.482,5409214.074,5400627,2008,2008/08/03 04:00:00+00,1540,15,68 NORSEMAN ST,,,Collector,Etobicoke York,3.0,22,43.635545,-79.51369,Mid-Block,,No Control,Clear,Daylight,Dry,Non-Fatal Injury,Cyclist Collisions,unknown,2,,0,1,0,0,0,0,0,0,0,0,0,0,0,16,Stonegate-Queensway (16),3507
1056625,-8843041.124,5418863.036,5401045,2008,2008/09/06 04:00:00+00,1134,11,EGLINTON AVE W,ATLAS AVE,,Major Arterial,North York,,13,43.698245,-79.43839,Mid-Block,,No Control,Clear,Daylight,Dry,Non-Fatal Injury,Pedestrian Collisions,60 to 64,2,,1,0,1,0,0,0,0,0,0,0,0,0,0,107,Oakwood Village (107),3042
1056886,-8839089.171,5417600.249,5401663,2008,2008/09/04 04:00:00+00,1450,14,AVENUE RD,HEATH ST W,,Major Arterial,Toronto and East York,12.0,53,43.690043,-79.402889,Mid-Block,,No Control,Clear,Daylight,Dry,Non-Fatal Injury,Cyclist Collisions,unknown,2,,0,1,1,0,0,0,1,0,0,1,0,0,0,97,Yonge-St.Clair (97),3032
1057099,-8856544.178,5410060.071,5402157,2008,2008/09/08 04:00:00+00,859,8,VALHALLA INN RD,427 C N VALHALLA INN RAMP,,Collector,Etobicoke York,2.0,22,43.641045,-79.55969,Mid-Block,,No Control,Clear,Daylight,Dry,Non-Fatal Injury,Pedestrian Collisions,unknown,2,,1,0,1,0,0,0,0,0,0,0,0,0,0,14,Islington-City Centre West (14),3045
1057151,-8821600.99,5437543.2639999995,5402315,2008,2008/09/08 04:00:00+00,2150,21,MARKHAM RD,NASHDENE RD,,Major Arterial,Scarborough,23.0,42,43.819445,-79.24579,Mid-Block,,No Control,Rain,Dark,Wet,Fatal,Pedestrian Collisions,45 to 49,3,38.0,1,0,1,0,0,0,0,0,0,0,0,0,0,131,Rouge (131),3050
1057170,-8825107.554,5418154.795,5402361,2008,2008/08/04 04:00:00+00,1737,17,DANFORTH Road,DANFORTH Aven,,Major Arterial,Scarborough,20.0,41,43.693645000000004,-79.27729000000001,Intersection,At Intersection,Traffic Signal,Clear,Daylight,Dry,Non-Fatal Injury,Rear End,unknown,2,,0,0,1,0,0,0,0,1,0,1,0,0,1,121,Oakridge (121),3510
1057611,-8841093.033,5414783.696,5403411,2008,2008/08/15 04:00:00+00,1958,19,DUPONT Stre,CHRISTIE Stre,,Major Arterial,Toronto and East York,11.0,14,43.671745,-79.42089,Mid-Block,,No Control,Rain,Daylight,Wet,Non-Fatal Injury,Sideswipe,unknown,2,,0,0,1,0,0,0,0,0,0,0,0,0,0,95,Annex (95),3361
1057630,-8849252.752,5425763.531,5403464,2008,2008/06/20 04:00:00+00,1030,10,SEELEY DR,SHEPPARD AVE W,,Major Arterial,North York,6.0,31,43.743045,-79.49419,Intersection,At Intersection,No Control,Clear,Daylight,Dry,Non-Fatal Injury,Pedestrian Collisions,unknown,2,,1,0,1,0,0,0,0,0,0,1,0,0,0,26,Downsview-Roding-CFB (26),3765
1057794,-8831953.703,5436077.687000001,5403830,2008,2008/08/18 04:00:00+00,750,7,3807 VICTORIA PARK Ave,,,Major Arterial,North York,,42,43.809945,-79.33879,Mid-Block,,No Control,Clear,Daylight,Dry,Non-Fatal Injury,Approaching,65 to 69,2,,0,0,1,0,0,0,0,0,0,0,0,0,1,116,Steeles (116),3366
1057892,-8849787.085,5418724.462,5404091,2008,2008/09/10 04:00:00+00,806,8,TRETHEWEY DR,TEDDER ST,,Minor Arterial,Etobicoke York,5.0,12,43.697345,-79.49899,Intersection,At Intersection,No Control,Clear,Daylight,Dry,Fatal,Cyclist Collisions,50 to 54,3,39.0,0,1,1,0,0,0,0,0,1,1,0,0,0,30,Brookhaven-Amesbury (30),3052
1057921,-8838599.477,5409552.4629999995,5404162,2008,2008/09/10 04:00:00+00,2133,21,F G GARDINER XY Expr E,SPADINA AVE,,,Toronto and East York,10.0,14,43.637745,-79.39849,Intersection,,No Control,Clear,Dark,Dry,Non-Fatal Injury,SMV Other,40 to 44,2,,0,0,1,0,0,0,0,0,0,0,0,0,0,77,Waterfront Communities-The Island (77),3055
1057950,-8837742.316,5414999.163,5404216,2008,2008/08/19 04:00:00+00,1220,12,BAY ST,DAVENPORT RD,,Major Arterial,Toronto and East York,11.0,53,43.673145,-79.39079,Intersection,At Intersection,Traffic Signal,Clear,Daylight,Dry,Non-Fatal Injury,Pedestrian Collisions,85 to 89,2,,1,0,0,0,1,0,0,0,0,1,0,0,0,95,Annex (95),3368
1057990,-8855954.185,5415491.679,5404323,2008,2008/08/21 04:00:00+00,1755,17,EGLINTON Aven W,LLOYD MANOR Road,,Major Arterial,Etobicoke York,2.0,23,43.676345,-79.55439,Mid-Block,,No Control,Clear,Daylight,Dry,Non-Fatal Injury,Rear End,unknown,2,,0,0,1,0,1,0,0,0,0,1,0,0,0,10,Princess-Rosethorn (10),3377
1058134,-8855208.345,5409644.753,5404700,2008,2008/08/23 04:00:00+00,220,2,SHAVER Aven S,BLOOR Stre W,,Collector,Etobicoke York,3.0,22,43.638345,-79.54769,Mid-Block,,No Control,Clear,Dark,Dry,Non-Fatal Injury,SMV Other,unknown,2,,0,0,1,0,0,0,0,0,1,1,0,1,0,14,Islington-City Centre West (14),3384
1058226,-8857969.068,5410413.874,5404952,2008,2008/08/20 04:00:00+00,1913,19,BURNHAMTHORPE Road,RENFORTH Driv,,Major Arterial,Etobicoke York,2.0,22,43.643345000000004,-79.57249,Intersection,At Intersection,Traffic Signal,Clear,Daylight,Dry,Non-Fatal Injury,Turning Movement,60 to 64,2,,0,0,1,0,0,0,0,0,0,1,1,0,0,13,Etobicoke West Mall (13),3371
1058363,-8856844.741,5407952.913,5405294,2008,2008/08/22 04:00:00+00,1355,13,DUNDAS Stre W,WEST MALL Cres,,Major Arterial,Etobicoke York,,22,43.627345,-79.56239000000001,Intersection,At Intersection,Traffic Signal,Clear,Daylight,Dry,Non-Fatal Injury,Turning Movement,unknown,2,,0,0,1,0,0,0,0,0,0,1,0,0,0,12,Markland Wood (12),3382
1058466,-8842439.999,5416076.575,5405581,2008,2008/08/26 04:00:00+00,745,7,ST CLAIR AVE W,WINONA DR,,Major Arterial,Toronto and East York,9.0,13,43.680145,-79.43299,Mid-Block,,No Control,Clear,Daylight,Dry,Non-Fatal Injury,Cyclist Collisions,45 to 49,2,,0,1,1,0,0,0,0,0,0,0,0,0,0,94,Wychwood (94),3394
1058507,-8854150.809,5402725.543,5405693,2008,2008/08/28 04:00:00+00,1402,14,LAKE SHORE BLVD W,THIRTY SEVENTH ST,,Major Arterial,Etobicoke York,3.0,22,43.593345,-79.53819,Intersection,At Intersection,Traffic Signal,Clear,Daylight,Dry,Non-Fatal Injury,Turning Movement,unknown,2,,0,0,1,0,1,0,0,0,0,0,0,0,0,19,Long Branch (19),3404
1058523,-8831129.939,5421958.379,5405739,2008,2008/08/29 04:00:00+00,1440,14,ST DENNIS DR,DEAUVILLE LANE,,Collector,North York,16.0,54,43.718345,-79.33139,Intersection,At Intersection,Traffic Signal,Clear,Daylight,Dry,Non-Fatal Injury,Angle,70 to 74,2,,0,0,1,0,1,0,0,1,0,1,1,0,0,44,Flemingdon Park (44),3411
1058658,-8833022.37,5411583.061000001,5406056,2008,2008/09/14 04:00:00+00,2152,21,F G GARDINER Expr E,DON VALLEY PARKWAY  N,,,Toronto and East York,10.0,51,43.650945,-79.34839000000001,Mid-Block,,No Control,Rain,Dark,Wet,Non-Fatal Injury,SMV Other,30 to 34,2,,0,0,1,0,0,0,0,0,0,0,0,0,0,77,Waterfront Communities-The Island (77),3059
1058659,-8833879.53,5411306.135,5406057,2008,2008/09/14 04:00:00+00,2230,22,F G GARDINER Expr W,CHERRY Stre,,Major Arterial,Toronto and East York,10.0,51,43.649145000000004,-79.35609000000001,Intersection,,No Control,Clear,Dark,Dry,Non-Fatal Injury,SMV Other,30 to 34,2,,0,0,1,0,0,0,0,0,0,0,0,0,0,77,Waterfront Communities-The Island (77),3060
1058686,-8843252.631000001,5418801.447000001,5406126,2008,2008/08/27 04:00:00+00,723,7,EGLINTON Aven W,ALAMEDA Aven,,Major Arterial,North York,,13,43.697845,-79.44029,Intersection,At Intersection,Stop Sign,Clear,Daylight,Dry,Non-Fatal Injury,Turning Movement,55 to 59,2,,0,0,1,1,0,0,0,0,0,1,0,0,0,108,Briar Hill-Belgravia (108),3399
1058699,-8828580.722000001,5425100.982999999,5406154,2008,2008/08/27 04:00:00+00,1354,13,VICTORIA PARK Aven,SLOANE Aven,,Major Arterial,North York,,41,43.738745,-79.30849,Intersection,At Intersection,Stop Sign,Clear,Daylight,Dry,Non-Fatal Injury,Pedestrian Collisions,45 to 49,2,,1,0,0,1,0,0,0,0,0,0,0,0,0,119,Wexford/Maryvale (119),3401
1058736,-8837541.941,5412413.887999999,5406252,2008,2008/08/30 04:00:00+00,308,3,UNIVERSITY AVE,ELM ST,,Major Arterial,Toronto and East York,11.0,52,43.656345,-79.38899,Intersection,,Traffic Signal,Clear,Daylight,Dry,Non-Fatal Injury,Turning Movement,unknown,2,,0,0,1,0,0,0,0,1,0,0,0,0,0,76,Bay Street Corridor (76),3415
1058820,-8835193.1,5432900.499,5406455,2008,2008/08/31 04:00:00+00,2240,22,LESLIE ST,FINCH AVE E,,Major Arterial,North York,17.0,33,43.789345000000004,-79.36789,Mid-Block,,No Control,Clear,Dark,Dry,Non-Fatal Injury,SMV Other,unknown,2,,0,0,1,0,0,0,0,0,1,1,0,0,0,47,Don Valley Village (47),3014
1058854,-8855553.435,5423036.602999999,5406545,2008,2008/08/31 04:00:00+00,1825,18,ALBION RD,BEATTIE AVE,,Major Arterial,Etobicoke York,1.0,23,43.725345000000004,-79.55079,Intersection,,No Control,Clear,Daylight,Dry,Non-Fatal Injury,Rear End,45 to 49,2,,0,0,1,0,0,0,0,1,0,1,0,0,0,5,Elms-Old Rexdale (5),3012
1058925,-8837007.608,5413567.938999999,5406741,2008,2008/09/04 04:00:00+00,2334,23,YONGE Stre,BREADALBANE Stre,,Major Arterial,Toronto and East York,13.0,51,43.663845,-79.38419,Intersection,At Intersection,Stop Sign,Clear,Daylight,Dry,Non-Fatal Injury,Pedestrian Collisions,unknown,2,,1,0,1,0,0,0,0,0,0,1,0,1,0,75,Church-Yonge Corridor (75),3036
1058981,-8843486.402,5430526.035,5406897,2008,2008/09/15 04:00:00+00,2205,22,FINCH Aven W,BATHURST Stre,,Major Arterial,North York,18.0,32,43.773945,-79.44239,,,,Other,Dark,Other,Non-Fatal Injury,SMV Other,20 to 24,2,,0,0,1,0,0,0,0,0,0,0,0,0,0,36,Newtonbrook West (36),3064
1058993,-8843041.124,5430618.535,5406921,2008,2008/09/15 04:00:00+00,1003,10,261 FINCH Aven W,,,Major Arterial,North York,18.0,32,43.774545,-79.43839,,,No Control,Clear,Daylight,Dry,Non-Fatal Injury,Angle,20 to 24,2,,0,0,1,0,0,0,0,0,0,0,0,0,0,37,Willowdale West (37),3063
1059047,-8857378.852,5410598.472999999,5407062,2008,2008/09/06 04:00:00+00,610,6,BURNHAMTHORPE RD,THE WEST MALL,,Major Arterial,Etobicoke York,2.0,22,43.644545,-79.567188,Intersection,At Intersection,Traffic Signal,Rain,Dark,Wet,Non-Fatal Injury,Pedestrian Collisions,50 to 54,2,,1,0,1,0,0,0,0,0,0,0,0,0,0,13,Etobicoke West Mall (13),3039
1059152,-8860440.361,5416800.05,5407280,2008,2008/09/03 04:00:00+00,1445,14,185 CARLINGVIEW Driv,,,Major Arterial,Etobicoke York,1.0,23,43.684845,-79.59469,Mid-Block,,No Control,Clear,Daylight,Dry,Non-Fatal Injury,Rear End,45 to 49,2,,0,0,1,0,0,0,0,0,0,1,0,0,0,1,West Humber-Clairville (1),3023
1059312,-8829771.841,5416723.082,5407639,2008,2008/08/07 04:00:00+00,151,1,DANFORTH Aven,BASTEDO Aven,,Major Arterial,Toronto and East York,19.0,54,43.684345,-79.31919,Intersection,,No Control,Clear,Dark,Dry,Non-Fatal Injury,Sideswipe,unknown,2,,0,0,1,1,0,0,0,0,0,0,0,1,0,66,Danforth (66),3274
1059399,-8828513.931,5415122.29,5407848,2008,2008/09/17 04:00:00+00,1838,18,KINGSTON RD,WOODBINE AVE,,Major Arterial,Toronto and East York,19.0,55,43.673945,-79.30789,Intersection,At Intersection,Traffic Signal,Clear,Daylight,Dry,Fatal,Approaching,unknown,3,40.0,0,0,1,0,1,0,0,0,0,0,0,0,1,63,The Beaches (63),3071
1059416,-8865305.022,5426688.097,5407888,2008,2008/09/03 04:00:00+00,1900,19,ALBION RD,INDIAN LINE Aven W,,Major Arterial,Etobicoke York,1.0,23,43.749045,-79.63839,Mid-Block,,No Control,Clear,Daylight,Dry,Non-Fatal Injury,Rear End,unknown,2,,0,0,1,0,0,0,0,1,0,1,0,0,0,1,West Humber-Clairville (1),3027
1059535,-8847538.432,5412536.98,5408155,2008,2008/08/29 04:00:00+00,1333,13,RUNNYMEDE RD,GLENWOOD AVE,,Minor Arterial,Toronto and East York,4.0,11,43.657145,-79.47879,Mid-Block,At Intersection,No Control,Clear,Daylight,Dry,Non-Fatal Injury,Cyclist Collisions,80 to 84,2,,0,1,1,0,0,0,0,0,0,1,0,0,0,88,High Park North (88),3408