ACCNUM,X,Y,Index_,YEAR,DATE,TIME,HOUR,STREET1,STREET2,OFFSET,ROAD_CLASS,District,WardNum,Division,LATITUDE,LONGITUDE,LOCCOORD,ACCLOC,TRAFFCTL,VISIBILITY,LIGHT,RDSFCOND,ACCLASS,IMPACTYPE,INVAGE,INJURY,FATAL_NO,PEDESTRIAN,CYCLIST,AUTOMOBILE,MOTORCYCLE,TRUCK,TRSN_CITY_VEH,EMERG_VEH,PASSENGER,SPEEDING,AG_DRIV,REDLIGHT,ALCOHOL,DISABILITY,Hood_ID,Neighbourhood,ObjectId
1070403,-8857969.068,5410413.874,5432497,2008,2008/11/17 05:00:00+00,748,7,RENFORTH Dr,BURNHAMTHORPE Rd,,Major Arterial,Etobicoke York,2.0,22,43.643345000000004,-79.57249,Intersection,At Intersection,Traffic Signal,Clear,Daylight,Dry,Non-Fatal Injury,Approaching,50 to 54,2,,0,0,1,0,0,0,0,0,0,0,0,0,1,13,Etobicoke West Mall (13),4987
1070690,-8813196.368999999,5433131.81,5433162,2008,2008/11/18 05:00:00+00,1915,19,ELLESMERE RD,DEEP DENE DR,,Minor Arterial,Scarborough,25.0,43,43.790845000000004,-79.17029000000001,Intersection,At Intersection,Stop Sign,Clear,Dark,Other,Non-Fatal Injury,Pedestrian Collisions,75 to 79,2,,1,0,1,0,0,0,0,0,0,0,0,0,0,134,Highland Creek (134),4989
1070741,-8823293.047,5438376.432999999,5433272,2008,2008/10/07 04:00:00+00,700,7,71 MAYBROOK Dr,,,Collector,Scarborough,23.0,42,43.824845,-79.26099,Mid-Block,,No Control,Clear,Daylight,Dry,Non-Fatal Injury,Turning Movement,30 to 34,2,,0,0,1,1,0,0,0,0,0,0,0,0,0,130,Milliken (130),3682
1071508,-8857969.068,5411906.151000001,5434969,2008,2008/11/21 05:00:00+00,840,8,THE WEST MALL,RATHBURN RD,,Minor Arterial,Etobicoke York,2.0,22,43.653045,-79.57249,Intersection,At Intersection,Traffic Signal,Clear,Daylight,Dry,Non-Fatal Injury,Pedestrian Collisions,70 to 74,2,,1,0,1,0,0,0,0,0,0,0,0,0,0,11,Eringate-Centennial-West Deane (11),4997
1071735,-8817192.738,5431805.7020000005,5435417,2008,2008/10/29 04:00:00+00,900,9,ELLESMERE RD,NEILSON RD,,Major Arterial,Scarborough,24.0,43,43.782245,-79.20619,Mid-Block,,No Control,Snow,Daylight,Ice,Non-Fatal Injury,Approaching,60 to 64,2,,0,0,1,0,0,0,0,0,0,0,0,0,0,135,Morningside (135),4904
1071740,-8857445.866,5422420.459,5435435,2008,2008/11/01 04:00:00+00,1725,17,167 CLEARBROOKE CRCL,,,Local,Etobicoke York,1.0,23,43.721345,-79.56779,Mid-Block,,No Control,Clear,Daylight,Dry,Non-Fatal Injury,SMV Unattended Vehicle,unknown,2,,0,0,1,0,0,0,0,1,0,0,0,0,0,4,Rexdale-Kipling (4),4933
1072032,-8863735.418,5427319.937000001,5436098,2008,2008/11/02 04:00:00+00,50,5,6931 STEELES AVE W,,,Major Arterial,Etobicoke York,1.0,23,43.753145,-79.62429,Mid-Block,,No Control,Clear,Dark,Dry,Non-Fatal Injury,Sideswipe,65 to 69,2,,0,0,1,0,0,0,0,1,1,1,0,0,0,1,West Humber-Clairville (1),4938
1072049,-8852091.399,5416646.114,5436147,2008,2008/11/02 04:00:00+00,1510,15,61 RICHVIEW RD,,,Local,Etobicoke York,2.0,23,43.683845,-79.51969,Mid-Block,,No Control,Clear,Daylight,Dry,Non-Fatal Injury,Turning Movement,40 to 44,2,,0,0,1,0,0,0,0,1,0,0,0,0,0,9,Edenbridge-Humber Valley (9),4941
1072541,-8829304.299,5433748.67,5437265,2008,2008/11/26 05:00:00+00,1714,17,WARDEN AVE,FINCH AVE E,,Major Arterial,Scarborough,22.0,42,43.794845,-79.31499000000001,Mid-Block,,No Control,Rain,Dark,Wet,Fatal,Pedestrian Collisions,70 to 74,3,53.0,1,0,1,0,0,0,0,1,0,0,0,0,0,117,L'Amoreaux (117),4261
1072542,-8858803.964,5425116.391,5437267,2008,2008/11/26 05:00:00+00,1919,19,KIPLING AVE,JOHN GARLAND BLVD,,Major Arterial,Etobicoke York,1.0,23,43.738845,-79.57999000000001,Mid-Block,At Intersection,No Control,Rain,Dark,Wet,Non-Fatal Injury,Pedestrian Collisions,30 to 34,2,,1,0,1,0,0,0,0,0,0,0,0,0,0,3,Thistletown-Beaumond Heights (3),4263
1072743,-8835504.795,5414829.867000001,5437693,2008,2008/11/28 05:00:00+00,1854,18,BLOOR ST E,PARLIAMENT ST,,Major Arterial,Toronto and East York,13.0,53,43.672045000000004,-79.37069,Intersection,At Intersection,Yield Sign,Rain,Dark,Wet,Non-Fatal Injury,Pedestrian Collisions,60 to 64,2,,1,0,1,0,0,0,0,0,0,1,0,1,0,71,Cabbagetown-South St.James Town (71),4270
1072989,-8827256.02,5434735.731000001,5438209,2008,2008/11/06 05:00:00+00,1310,13,KENNEDY RD,FINCH AVE E,,Major Arterial,Scarborough,22.0,42,43.801245,-79.29659000000001,Intersection,At Intersection,Traffic Signal,Clear,Daylight,Dry,Non-Fatal Injury,Pedestrian Collisions,70 to 74,2,,1,0,1,0,0,0,0,0,0,1,0,0,0,117,L'Amoreaux (117),4946
1073092,-8839623.616,5415245.418,5438434,2008,2008/11/06 05:00:00+00,1620,16,DUPONT ST,WALMER RD,,Major Arterial,Toronto and East York,11.0,14,43.674745,-79.40769,Mid-Block,,No Control,Clear,Daylight,Dry,Non-Fatal Injury,SMV Other,unknown,2,,0,0,1,0,0,0,0,0,0,0,0,0,0,95,Annex (95),4948
1073297,-8829972.216,5435522.371,5438843,2008,2008/11/07 05:00:00+00,1040,10,WARDEN AVE,MCNICOLL AVE,,Major Arterial,Scarborough,22.0,42,43.806345,-79.32099000000001,Intersection,At Intersection,Traffic Signal,Clear,Daylight,Dry,Non-Fatal Injury,Angle,55 to 59,2,,0,0,1,0,0,0,0,0,0,1,1,0,0,116,Steeles (116),4950
1073449,-8826487.916000001,5424222.795,5439240,2008,2008/11/08 05:00:00+00,1820,18,WARDEN AVE,BERTRAND AVE,,Major Arterial,Scarborough,21.0,41,43.733045000000004,-79.28969000000001,Intersection,At Intersection,Traffic Signal,Clear,Dark,Wet,Non-Fatal Injury,Turning Movement,unknown,2,,0,0,1,0,0,0,0,0,0,1,1,0,0,119,Wexford/Maryvale (119),4953
1073493,-8837686.657,5411106.137999999,5439335,2008,2008/11/08 05:00:00+00,2220,22,ADELAIDE ST W,JOHN ST,,Major Arterial,Toronto and East York,10.0,52,43.647845000000004,-79.39029000000001,Intersection,At Intersection,Traffic Signal,Clear,Dark,Dry,Non-Fatal Injury,Pedestrian Collisions,20 to 24,2,,1,0,1,0,0,0,0,0,0,0,0,0,0,77,Waterfront Communities-The Island (77),4955
1073546,-8848796.342,5431851.959,5439445,2008,2008/12/02 05:00:00+00,1222,12,STEELES AVE W,PETROLIA RD,,Major Arterial,North York,6.0,31,43.782545,-79.49009000000001,Intersection,At Intersection,Traffic Signal,Clear,Daylight,Dry,Non-Fatal Injury,Pedestrian Collisions,50 to 54,2,,1,0,1,0,0,0,0,0,0,1,0,0,0,27,York University Heights (27),4276
1073663,-8859560.937,5417277.267000001,5439714,2008,2008/11/11 05:00:00+00,1435,14,DIXON RD,SKYWAY AVE,,Major Arterial,Etobicoke York,1.0,23,43.687945,-79.58679000000001,Intersection,At Intersection,Traffic Signal,Clear,Daylight,Dry,Non-Fatal Injury,Pedestrian Collisions,unknown,2,,1,0,0,0,0,1,0,0,0,1,0,0,0,1,West Humber-Clairville (1),4967
1073722,-8846158.07,5420741.677,5439863,2008,2008/11/12 05:00:00+00,1819,18,CALEDONIA RD,MARCIA AVE,,Minor Arterial,North York,8.0,13,43.710445,-79.46639,Intersection,At Intersection,Stop Sign,Clear,Dark,Dry,Non-Fatal Injury,Pedestrian Collisions,30 to 34,2,,1,0,1,0,0,0,0,0,0,0,0,0,0,31,Yorkdale-Glen Park (31),4972
1073990,-8848729.55,5417123.323,5440501,2008,2008/11/10 05:00:00+00,1130,11,WESTON RD,EGLINTON AVE W,,Major Arterial,Etobicoke York,5.0,12,43.686945,-79.48949,Intersection,At Intersection,Traffic Signal,Clear,Daylight,Dry,Non-Fatal Injury,Pedestrian Collisions,45 to 49,2,,1,0,1,0,0,0,0,0,0,1,1,0,0,115,Mount Dennis (115),4957
1073992,-8845234.117999999,5423606.572000001,5440508,2008,2008/11/10 05:00:00+00,1152,11,DUFFERIN Stre,WHITLEY Aven,,Major Arterial,North York,6.0,32,43.729045,-79.45809,Intersection,,No Control,Clear,Daylight,Dry,Non-Fatal Injury,Rear End,85 to 89,2,,0,0,1,0,0,0,0,1,0,1,0,0,0,33,Clanton Park (33),4961
1074035,-8862176.945,5426734.328,5440607,2008,2008/12/04 05:00:00+00,701,7,HIGHWAY 27  S,ALBION RD,,Major Arterial,Etobicoke York,1.0,23,43.749345,-79.61029,Mid-Block,,No Control,Clear,Dark,Wet,Non-Fatal Injury,Pedestrian Collisions,unknown,2,,1,0,0,0,1,0,0,0,0,0,0,0,0,1,West Humber-Clairville (1),4287
1074072,-8829437.882000001,5428367.961,5440701,2008,2008/11/13 05:00:00+00,1105,11,VICTORIA PARK AVE,PAGET RD,,Major Arterial,North York,,41,43.759945,-79.31619,Intersection,,No Control,Rain,Daylight,Wet,Non-Fatal Injury,Pedestrian Collisions,unknown,2,,1,0,1,0,0,0,0,0,0,0,0,0,0,119,Wexford/Maryvale (119),4975
1074265,-8848885.398,5428814.949,5441138,2008,2008/12/05 05:00:00+00,1450,14,KEELE ST,TORO RD W,,Major Arterial,Etobicoke York,,31,43.762845,-79.49089000000001,Mid-Block,At Intersection,No Control,Clear,Daylight,Dry,Non-Fatal Injury,Pedestrian Collisions,unknown,2,,1,0,1,0,0,0,0,0,0,1,0,0,0,27,York University Heights (27),4296
1074266,-8843464.138,5427566.52,5441141,2008,2008/12/05 05:00:00+00,1353,13,SHEPPARD AVE W,YEOMANS RD,,Major Arterial,North York,6.0,32,43.754745,-79.44219,Mid-Block,,No Control,Clear,Daylight,Dry,Non-Fatal Injury,Pedestrian Collisions,unknown,2,,1,0,1,0,0,0,0,0,0,0,0,0,0,33,Clanton Park (33),4292
1074689,-8853215.726,5406399.767999999,5442125,2008,2008/12/09 05:00:00+00,245,2,F G GARDINER XY Expr W,WICKMAN RD,,,Etobicoke York,3.0,22,43.617245000000004,-79.52979,Mid-Block,,No Control,Snow,Dark,Loose Snow,Non-Fatal Injury,SMV Other,unknown,2,,0,0,1,0,0,0,0,1,0,0,0,0,0,14,Islington-City Centre West (14),4304
1074830,-8846458.633,5416415.216,5442466,2008,2008/11/20 05:00:00+00,1445,14,ROGERS Road,SCOTT Road,,Minor Arterial,Etobicoke York,5.0,12,43.682345,-79.46909000000001,Intersection,,No Control,Clear,Daylight,Dry,Non-Fatal Injury,SMV Unattended Vehicle,unknown,2,,0,0,1,0,0,0,0,0,1,1,0,0,0,110,Keelesdale-Eglinton West (110),4995
1075169,-8839434.373,5415306.982000001,5443164,2008,2008/11/15 05:00:00+00,1020,10,DUPONT ST,MADISON AVE,,Major Arterial,Toronto and East York,11.0,53,43.675145,-79.40599,Intersection,,No Control,Rain,Daylight,Wet,Non-Fatal Injury,Rear End,unknown,2,,0,0,1,0,0,0,0,1,0,1,0,0,0,95,Annex (95),4983
1075399,-8851323.294,5419278.767999999,5443710,2008,2008/11/21 05:00:00+00,1810,18,LAWRENCE Aven W,RALPH Stre,,Major Arterial,Etobicoke York,5.0,12,43.700945000000004,-79.51279,Mid-Block,,No Control,Clear,Daylight,Dry,Non-Fatal Injury,Rear End,unknown,2,,0,0,1,0,0,0,0,0,0,1,0,0,0,113,Weston (113),5000
1075633,-8816357.842,5434889.969,5444201,2008,2008/12/13 05:00:00+00,2101,21,SHEPPARD AVE E,MORNINGSIDE AVE,,Major Arterial,Scarborough,25.0,42,43.802245,-79.19869,Mid-Block,,No Control,Clear,Dark,Wet,Fatal,Turning Movement,unknown,3,54.0,0,0,1,0,0,0,0,0,0,0,0,0,0,131,Rouge (131),4316
1075796,-8843074.52,5412860.103999999,5444572,2008,2008/11/19 05:00:00+00,920,9,BLOOR ST W,BROCK AVE,,Major Arterial,Toronto and East York,9.0,11,43.659245,-79.43869000000001,,,No Control,Clear,Daylight,Dry,Non-Fatal Injury,Pedestrian Collisions,unknown,2,,1,0,1,0,0,0,0,0,0,0,0,0,0,93,Dovercourt-Wallace Emerson-Junction (93),4991
1075851,-8818918.191,5435954.28,5444712,2008,2008/11/23 05:00:00+00,1943,19,NEILSON Rd,MCLEVIN Ave,,Minor Arterial,Scarborough,,42,43.809145,-79.22169,Intersection,,Traffic Signal,Clear,Daylight,Dry,Non-Fatal Injury,SMV Other,unknown,2,,0,0,1,0,0,0,0,0,0,0,0,0,1,132,Malvern (132),4137
1075854,-8839768.331,5412398.502,5444719,2008,2008/11/23 05:00:00+00,145,1,COLLEGE ST,MARKHAM ST,,Major Arterial,Toronto and East York,11.0,14,43.656245,-79.40899,Intersection,At Intersection,Stop Sign,Clear,Dark,Dry,Non-Fatal Injury,Pedestrian Collisions,45 to 49,2,,1,0,1,0,0,0,0,0,0,1,0,0,0,80,Palmerston-Little Italy (80),4127
1075887,-8857212.095,5425008.538,5444789,2008,2008/11/30 05:00:00+00,1930,19,BARKWIN DR,ISLINGTON AVE,,Major Arterial,Etobicoke York,1.0,23,43.738145,-79.56569,Intersection,At Intersection,Stop Sign,Clear,Dark,Dry,Non-Fatal Injury,Cyclist Collisions,unknown,2,,0,1,1,0,0,0,0,0,0,0,0,0,0,3,Thistletown-Beaumond Heights (3),4272
1075972,-8854551.56,5402602.582,5444975,2008,2008/11/24 05:00:00+00,46,4,LAKE SHORE Blvd W,FORTIETH St,,Major Arterial,Etobicoke York,3.0,22,43.592545,-79.54179,Intersection,,No Control,Clear,Dark,Dry,Non-Fatal Injury,Turning Movement,unknown,2,,0,0,1,0,0,1,0,0,0,0,0,0,0,19,Long Branch (19),4248
1076080,-8832833.127,5412460.0479999995,5445163,2008,2008/11/25 05:00:00+00,1814,18,324 EASTERN AVE,,,Major Arterial,Toronto and East York,14.0,55,43.656645000000005,-79.34669,Intersection,,No Control,Rain,Dark,Wet,Non-Fatal Injury,Cyclist Collisions,40 to 44,2,,0,1,1,0,0,0,0,0,0,1,0,0,0,70,South Riverdale (70),4257
1076123,-8834035.377,5412906.266,5445273,2008,2008/11/24 05:00:00+00,1754,17,RIVER ST,SHUTER ST,,Minor Arterial,Toronto and East York,13.0,51,43.659545,-79.35749,Intersection,At Intersection,Traffic Signal,Rain,Dark,Wet,Non-Fatal Injury,Pedestrian Collisions,50 to 54,2,,1,0,1,0,0,0,0,0,0,0,0,0,0,72,Regent Park (72),4255
1076502,-8825619.624,5433501.921,5445991,2008,2008/11/27 05:00:00+00,946,9,MIDLAND AVE,HAVENDALE RD,,Major Arterial,Scarborough,,42,43.793245,-79.28189,Intersection,At Intersection,Traffic Signal,Clear,Daylight,Dry,Non-Fatal Injury,Pedestrian Collisions,90 to 94,2,,1,0,1,0,0,0,0,0,0,1,0,0,0,128,Agincourt South-Malvern West (128),4265
1077611,-8840503.04,5431420.242000001,5448452,2008,2008/12/24 05:00:00+00,1650,16,YONGE ST,FINCH AVE W,,Major Arterial,North York,18.0,32,43.779745,-79.41559000000001,Intersection,At Intersection,,Other,Daylight,Other,Non-Fatal Injury,Pedestrian Collisions,unknown,2,,1,0,1,0,0,0,0,0,0,1,0,0,0,51,Willowdale East (51),4327
1078367,-8833890.662,5413798.767000001,5449945,2008,2008/12/31 05:00:00+00,52,5,DON VALLEY PARKWAY  S,GERRARD ST E,,,Toronto and East York,,55,43.665345,-79.35619,Mid-Block,,No Control,Snow,Dark,Loose Snow,Non-Fatal Injury,SMV Other,unknown,2,,0,0,1,0,0,0,0,1,1,1,0,0,0,68,North Riverdale (68),4341
1078551,-8821645.518,5424839.058999999,5188679,2009,2009/01/01 05:00:00+00,259,2,EGLINTON AVE E,DANFORTH RD,,Major Arterial,Scarborough,,43,43.737045,-79.24619,Intersection,At Intersection,Traffic Signal,Clear,Dark,Wet,Fatal,Pedestrian Collisions,50 to 54,3,1.0,1,0,1,0,0,0,0,0,0,0,0,0,0,138,Eglinton East (138),4343
1078711,-8839779.463,5412937.04,5450612,2008,2008/12/01 05:00:00+00,1330,13,BATHURST Stre,ULSTER Stre,,Major Arterial,Toronto and East York,11.0,14,43.659745,-79.40909,Intersection,At Intersection,Traffic Signal,Freezing Rain,Daylight,Wet,Non-Fatal Injury,Sideswipe,35 to 39,2,,0,0,1,1,0,0,0,0,0,0,0,0,0,79,University (79),4274
1078876,-8829026.0,5434226.7639999995,5188762,2009,2009/01/02 05:00:00+00,2011,20,BRIDLETOWNE CRCL,FINCH AVE E,,Minor Arterial,Scarborough,22.0,42,43.797945,-79.31249,Mid-Block,,No Control,Snow,Dark,Other,Non-Fatal Injury,SMV Other,80 to 84,2,,0,0,1,0,0,0,0,1,0,0,0,0,0,117,L'Amoreaux (117),4345
1078881,-8850521.794,5420556.876,5188774,2009,2009/01/03 05:00:00+00,339,3,JANE St,CHURCH St,,Major Arterial,Etobicoke York,5.0,12,43.709245,-79.50559,Intersection,,Traffic Controller,Clear,Dark,Wet,Non-Fatal Injury,Rear End,25 to 29,2,,0,0,1,0,0,0,0,0,0,1,0,0,0,28,Rustic (28),4009
1078999,-8837301.38,5411645.524,5188814,2009,2009/01/03 05:00:00+00,1937,19,330 UNIVERSITY AVE,,,Major Arterial,Toronto and East York,10.0,52,43.651351,-79.386829,Mid-Block,Non Intersection,No Control,Clear,"Dark, artificial",Other,Non-Fatal Injury,SMV Other,unknown,2,,0,0,1,0,0,0,0,0,0,0,0,0,0,76,Bay Street Corridor (76),4012
1079383,-8830027.876,5430217.708,5189185,2009,2009/01/05 05:00:00+00,1247,12,VICTORIA PARK AVE,CONSUMERS RD,,Major Arterial,North York,,42,43.771945,-79.32149,Intersection,,Traffic Signal,Clear,Daylight,Dry,Non-Fatal Injury,Pedestrian Collisions,unknown,2,,1,0,1,0,0,0,0,0,0,0,0,0,0,118,Tam O'Shanter-Sullivan (118),4022
1079532,-8830217.118999999,5422974.987000001,5451693,2008,2008/12/03 05:00:00+00,1134,11,EGLINTON AVE E,ST DENNIS EGLINTON E RAMP,,Major Arterial,North York,16.0,33,43.724945,-79.32319,Mid-Block,,No Control,Clear,Daylight,Dry,Non-Fatal Injury,Pedestrian Collisions,unknown,2,,1,0,0,0,1,0,0,0,0,0,0,0,0,44,Flemingdon Park (44),4280
1079597,-8849542.182,5422728.526000001,5451792,2008,2008/12/04 05:00:00+00,706,7,WILSON AVE,LEXFIELD AVE,,Major Arterial,North York,6.0,31,43.723345,-79.49679,Intersection,,No Control,Clear,Daylight,Wet,Non-Fatal Injury,Pedestrian Collisions,50 to 54,2,,1,0,1,0,0,0,0,0,0,0,0,0,0,26,Downsview-Roding-CFB (26),4289
1079671,-8836885.156,5429570.254,5189457,2009,2009/01/06 05:00:00+00,1349,13,SHEPPARD AVE E,REAN DR,,Major Arterial,North York,17.0,33,43.767745,-79.38309,Intersection,At Intersection,Traffic Signal,Clear,Daylight,Dry,Fatal,Pedestrian Collisions,65 to 69,3,2.0,1,0,1,0,0,0,0,0,0,1,0,0,0,52,Bayview Village (52),4028
1079815,-8837241.379,5415584.028,5452116,2008,2008/12/03 05:00:00+00,1905,19,40 CLUNY DR,CRESCENT Road,,Local,Toronto and East York,11.0,53,43.676945,-79.38629,Mid-Block,,No Control,Clear,Dark,Dry,Non-Fatal Injury,Pedestrian Collisions,unknown,2,,1,0,1,0,0,0,0,0,0,0,0,0,0,98,Rosedale-Moore Park (98),4283
1079931,-8845479.021,5418124.003,5189721,2009,2009/01/07 05:00:00+00,1640,16,2160 EGLINTON AVE W,CALEDONIA Road,,Major Arterial,North York,,13,43.693445000000004,-79.46029,Mid-Block,,No Control,Snow,Daylight,Slush,Non-Fatal Injury,Pedestrian Collisions,unknown,2,,1,0,0,0,0,1,0,0,0,0,0,0,0,109,Caledonia-Fairbank (109),4031
1080111,-8852603.468,5427751.462,5452481,2008,2008/12/08 05:00:00+00,555,5,FINCH Ave W,OAKDALE Rd,,Major Arterial,Etobicoke York,7.0,31,43.755945000000004,-79.52429000000001,Intersection,At Intersection,Traffic Signal,Clear,Dark,Wet,Non-Fatal Injury,Rear End,unknown,2,,0,0,1,0,0,0,0,1,0,1,1,0,0,24,Black Creek (24),4300
1080314,-8839623.616,5412429.275,4728646,2009,2009/01/08 05:00:00+00,1430,14,BATHURST ST,COLLEGE ST,,Major Arterial,Toronto and East York,11.0,14,43.656445,-79.40769,Intersection,,Traffic Signal,Clear,Daylight,Slush,Non-Fatal Injury,Rear End,unknown,2,,0,0,1,0,0,0,0,1,0,1,0,0,0,78,Kensington-Chinatown (78),4034
1080448,-8841702.396,5434021.489,5190313,2009,2009/01/08 05:00:00+00,1445,14,STEELES AVE W,TANGREEN CRT,,Major Arterial,North York,18.0,32,43.796614,-79.426364,Intersection,,Stop Sign,Clear,Daylight,Slush,Non-Fatal Injury,Pedestrian Collisions,unknown,2,,1,0,1,0,0,0,0,0,0,0,0,0,0,36,Newtonbrook West (36),4039
1080485,-8846814.855,5416630.721,5190394,2009,2009/01/10 05:00:00+00,1848,18,KEELE ST,NASHVILLE AVE,,Major Arterial,Etobicoke York,5.0,12,43.683745,-79.47229,Intersection,At Intersection,No Control,Clear,Dark,Dry,Non-Fatal Injury,Sideswipe,unknown,2,,0,0,1,0,0,0,0,0,0,0,0,0,1,110,Keelesdale-Eglinton West (110),4044
1080622,-8839601.352,5415414.721,5452791,2008,2008/12/09 05:00:00+00,1830,18,MACPHERSON AVE,SPADINA RD,,Minor Arterial,Toronto and East York,12.0,53,43.675845,-79.40749,Intersection,At Intersection,No Control,Rain,Dark,Wet,Non-Fatal Injury,Pedestrian Collisions,unknown,2,,1,0,1,0,0,0,0,0,0,0,0,0,0,96,Casa Loma (96),4307
1081003,-8835415.739,5410767.691000001,5453334,2008,2008/12/10 05:00:00+00,1215,12,LAKE SHORE BLVD E,LOWER JARVIS ST,,Major Arterial,Toronto and East York,10.0,51,43.645645,-79.36989,Intersection,,Traffic Signal,Clear,Daylight,Wet,Non-Fatal Injury,Turning Movement,70 to 74,2,,0,0,1,0,0,0,0,1,0,0,0,0,0,77,Waterfront Communities-The Island (77),4310
1081341,-8837742.316,5411306.135,5453647,2008,2008/12/11 05:00:00+00,2350,23,RICHMOND ST W,JOHN ST,,Major Arterial,Toronto and East York,10.0,52,43.649145000000004,-79.39079,Intersection,At Intersection,Traffic Signal,Clear,Dark,Dry,Non-Fatal Injury,Pedestrian Collisions,unknown,2,,1,0,1,0,0,0,0,0,0,0,0,0,0,77,Waterfront Communities-The Island (77),4313
1081545,-8827066.777,5437743.835,5191747,2009,2009/01/14 05:00:00+00,1108,11,PASSMORE AVE,MIDLAND AVE,,Major Arterial,Scarborough,,42,43.820745,-79.29489000000001,Intersection,At Intersection,Traffic Signal,Clear,Daylight,Dry,Non-Fatal Injury,SMV Other,80 to 84,2,,0,0,1,0,0,0,0,0,0,0,0,0,1,130,Milliken (130),4052
1081583,-8820632.511,5436741.024,5191768,2009,2009/01/14 05:00:00+00,1355,13,TAPSCOTT RD,FINCH AVE E,,Minor Arterial,Scarborough,23.0,42,43.814245,-79.23709000000001,Intersection,At Intersection,Traffic Signal,Snow,Daylight,Wet,Non-Fatal Injury,Pedestrian Collisions,unknown,2,,1,0,1,0,0,0,0,0,0,1,0,0,0,131,Rouge (131),4057
1081813,-8840703.415,5419555.932999999,5454146,2008,2008/12/15 05:00:00+00,925,9,EGLINTON AVE W,CHAPLIN CRES,,Major Arterial,North York,,53,43.702745,-79.41739,Intersection,At Intersection,Traffic Signal,Rain,Daylight,Wet,Non-Fatal Injury,Pedestrian Collisions,30 to 34,2,,1,0,1,0,0,0,0,0,0,0,0,0,0,102,Forest Hill North (102),4320
1082425,-8851868.76,5427951.82,5454426,2008,2008/12/14 05:00:00+00,305,3,FINCH AVE W,JANE ST,,Major Arterial,Etobicoke York,7.0,31,43.757245000000005,-79.51769,Intersection,At Intersection,Traffic Signal,Freezing Rain,Dark,Wet,Non-Fatal Injury,Pedestrian Collisions,30 to 34,2,,1,0,1,0,0,0,0,0,0,1,0,0,0,24,Black Creek (24),4318
1083156,-8836729.309,5411721.527000001,5455046,2008,2008/12/17 05:00:00+00,2205,22,QUEEN ST W,BAY ST,,Major Arterial,Toronto and East York,,52,43.651845,-79.38169,Intersection,,Traffic Signal,Clear,Dark,Dry,Non-Fatal Injury,Pedestrian Collisions,55 to 59,2,,1,0,1,0,0,0,0,0,0,0,0,0,0,76,Bay Street Corridor (76),4322
1083196,-8833316.476,5418413.142000001,5859652,2009,2009/01/21 05:00:00+00,1532,15,1317 PAPE Ave,,,Major Arterial,Toronto and East York,14.0,54,43.695322999999995,-79.35103199999999,Intersection,,No Control,Clear,Dusk,Loose Snow,Non-Fatal Injury,Approaching,70 to 74,2,,0,0,1,0,0,0,0,1,0,0,0,0,0,58,Old East York (58),4070
1083356,-8822313.435,5430618.535,5455184,2008,2008/11/28 05:00:00+00,950,9,MCCOWAN RD,TOWN CENTRE CRT,,Major Arterial,Scarborough,,43,43.774545,-79.25219,Intersection,At Intersection,Traffic Signal,Clear,Daylight,Wet,Non-Fatal Injury,Angle,70 to 74,2,,0,0,1,0,0,0,0,0,0,1,1,0,0,137,Woburn (137),4268
1083673,-8838454.761,5411567.676,5455393,2008,2008/12/22 05:00:00+00,1710,17,SPADINA AVE,SULLIVAN ST,,Major Arterial,Toronto and East York,10.0,52,43.650845000000004,-79.39719000000001,Intersection,At Intersection,Traffic Signal,Snow,Dark,Loose Snow,Non-Fatal Injury,Pedestrian Collisions,unknown,2,,1,0,0,0,0,1,0,0,0,0,0,0,0,78,Kensington-Chinatown (78),4325
1083896,-8832643.884,5411213.828,5194915,2009,2009/01/24 05:00:00+00,1420,14,COMMISSIONERS Stre,DON ROADWAY,,Collector,Toronto and East York,14.0,55,43.648545,-79.34499,,,No Control,Clear,Daylight,Dry,Non-Fatal Injury,SMV Other,25 to 29,2,,0,0,1,0,0,0,0,1,0,0,0,0,0,70,South Riverdale (70),4072
1084533,-8829192.98,5427504.874,5456191,2008,2008/12/26 05:00:00+00,1205,12,VICTORIA PARK AVE,CASSANDRA BLVD,,Major Arterial,North York,,41,43.754345,-79.31399,Intersection,At Intersection,Traffic Signal,Snow,Daylight,Slush,Non-Fatal Injury,Rear End,35 to 39,2,,0,0,1,0,0,0,0,0,0,1,0,0,0,119,Wexford/Maryvale (119),4329
1084803,-8844132.055,5430356.453,5456378,2008,2008/12/29 05:00:00+00,920,9,FINCH AVE W,VIRGILWOOD DR,,Major Arterial,North York,6.0,32,43.772845000000004,-79.44819,Intersection,At Intersection,Traffic Signal,Clear,Daylight,Dry,Non-Fatal Injury,Pedestrian Collisions,unknown,2,,1,0,1,0,0,0,0,0,0,1,0,0,0,35,Westminster-Branson (35),4332
1084902,-8854774.199,5405569.481000001,5807041,2009,2009/01/28 05:00:00+00,2119,21,THE EAST MALL,EVANS Aven,,Major Arterial,Etobicoke York,3.0,22,43.611845,-79.54379,Intersection,,No Control,Clear,Dark,Loose Snow,Non-Fatal Injury,SMV Other,unknown,2,,0,0,1,0,0,0,0,1,0,0,0,0,0,20,Alderwood (20),4080
1085413,-8817226.134,5435830.876,5197088,2009,2009/01/02 05:00:00+00,2140,21,MCLEVIN Aven,FAWCETT Trai,,Collector,Scarborough,25.0,42,43.808345,-79.20649,Intersection,At Intersection,Stop Sign,Other,Dark,Wet,Non-Fatal Injury,Angle,20 to 24,2,,0,0,1,0,0,0,0,0,0,1,0,0,0,132,Malvern (132),4005
1085958,-8822213.248,5420110.288,5198132,2009,2009/02/02 05:00:00+00,1430,14,KINGSTON Road,SHARPE Stre,,Major Arterial,Scarborough,20.0,41,43.706345,-79.25129,Intersection,At Intersection,Traffic Signal,Clear,Daylight,Dry,Non-Fatal Injury,Pedestrian Collisions,80 to 84,2,,1,0,1,0,0,0,0,0,0,1,0,0,0,122,Birchcliffe-Cliffside (122),4095