ACCNUM,X,Y,Index_,YEAR,DATE,TIME,HOUR,STREET1,STREET2,OFFSET,ROAD_CLASS,District,WardNum,Division,LATITUDE,LONGITUDE,LOCCOORD,ACCLOC,TRAFFCTL,VISIBILITY,LIGHT,RDSFCOND,ACCLASS,IMPACTYPE,INVAGE,INJURY,FATAL_NO,PEDESTRIAN,CYCLIST,AUTOMOBILE,MOTORCYCLE,TRUCK,TRSN_CITY_VEH,EMERG_VEH,PASSENGER,SPEEDING,AG_DRIV,REDLIGHT,ALCOHOL,DISABILITY,Hood_ID,Neighbourhood,ObjectId
1249167,-8849441.995,5408029.807999999,6466587,2011,2011/08/15 04:00:00+00,1825,18,THE QUEENSWAY,INVERLEIGH Dr,,Major Arterial,Etobicoke York,3.0,22,43.627845,-79.49589,Intersection,,No Control,Clear,Daylight,Dry,Non-Fatal Injury,Rear End,unknown,2,,0,0,1,0,0,0,0,1,0,0,0,0,1,16,Stonegate-Queensway (16),7694
1249168,-8853727.795,5406215.253,6664553,2011,2011/08/15 04:00:00+00,2110,21,F G GARDINER XY Expr E,427 X S GARDINER X E RAMP,,,Etobicoke York,3.0,22,43.616045,-79.53439,Mid-Block,,No Control,Clear,Dark,Dry,Non-Fatal Injury,Rear End,unknown,2,,0,0,1,0,0,0,0,1,0,1,0,0,0,20,Alderwood (20),7697
1249510,-8842929.805,5411859.995,6665361,2011,2011/08/16 04:00:00+00,606,6,374 BROCK AVE,PUBLIC LANE,,Laneway,Toronto and East York,9.0,11,43.652745,-79.43739000000001,"Park, Private Property, Public Lane",,No Control,Clear,Daylight,Dry,Fatal,SMV Other,unknown,3,20.0,0,0,1,0,0,0,0,0,0,0,0,0,0,83,Dufferin Grove (83),7699
1249542,-8839300.788999999,5411767.682999999,6665451,2011,2011/07/06 04:00:00+00,1850,18,DUNDAS ST W,CARLYLE ST,,Major Arterial,Toronto and East York,,14,43.652145000000004,-79.40479,Intersection,At Intersection,Stop Sign,Clear,Daylight,Dry,Non-Fatal Injury,Cyclist Collisions,55 to 59,2,,0,1,1,0,0,0,0,0,0,0,0,0,0,78,Kensington-Chinatown (78),7834
1249781,-8836929.684,5411675.371,6666068,2011,2011/08/04 04:00:00+00,2318,23,QUEEN ST W,YORK ST,,Major Arterial,Toronto and East York,10.0,52,43.651545,-79.38349000000001,Mid-Block,,No Control,Clear,Dark,Dry,Non-Fatal Injury,Pedestrian Collisions,unknown,2,,1,0,0,0,0,1,0,0,0,0,0,0,0,76,Bay Street Corridor (76),7655
1249794,-8860251.117999999,5420880.281,6666098,2011,2011/07/23 04:00:00+00,2202,22,HIGHWAY 27  S,VICE REGENT BLVD,,Major Arterial,Etobicoke York,1.0,23,43.711345,-79.59299,Intersection,At Intersection,No Control,Rain,"Dark, artificial",Wet,Non-Fatal Injury,Pedestrian Collisions,65 to 69,2,,1,0,1,0,0,0,0,0,0,0,0,0,0,1,West Humber-Clairville (1),7909
1249833,-8839233.998,5411075.37,6666209,2011,2011/08/17 04:00:00+00,658,6,BATHURST ST,WILLIS ST,,Major Arterial,Toronto and East York,10.0,14,43.647645000000004,-79.40419,Intersection,,No Control,Clear,Daylight,Dry,Non-Fatal Injury,Pedestrian Collisions,unknown,2,,1,0,1,0,0,0,0,0,0,0,0,0,0,78,Kensington-Chinatown (78),7705
1249845,-8810613.757000001,5434288.456,6666240,2011,2011/07/08 04:00:00+00,1600,16,6780 KINGSTON RD,,,Major Arterial,Scarborough,25.0,42,43.798345,-79.14709,Mid-Block,,No Control,Clear,Daylight,Dry,Non-Fatal Injury,Cyclist Collisions,unknown,2,,0,1,1,0,0,0,0,0,0,1,0,0,0,133,Centennial Scarborough (133),7841
1250055,-8820699.302000001,5440660.319,6666786,2011,2011/07/09 04:00:00+00,100,1,STEELES AVE E,STAINES RD,,Major Arterial,Scarborough,23.0,42,43.839645000000004,-79.23769,Mid-Block,,No Control,Clear,Dark,Dry,Non-Fatal Injury,Approaching,unknown,2,,0,0,1,0,0,0,0,1,0,0,0,0,0,131,Rouge (131),7846
1250312,-8809634.145,5431975.31,6667413,2011,2011/08/20 04:00:00+00,203,2,PORT UNION RD,ADENMORE RD,,Minor Arterial,Scarborough,25.0,43,43.783345000000004,-79.13829,Mid-Block,,No Control,Clear,Dark,Dry,Non-Fatal Injury,SMV Other,unknown,2,,0,0,1,0,0,0,0,1,0,1,0,0,0,131,Rouge (131),7716
1250485,-8844232.242999999,5414937.601,6667769,2011,2011/07/10 04:00:00+00,1805,18,LANSDOWNE AVE,DAVENPORT RD,,Collector,Toronto and East York,9.0,13,43.672745,-79.44909,Mid-Block,,No Control,Clear,Daylight,Dry,Non-Fatal Injury,SMV Other,unknown,2,,0,0,0,1,0,0,0,0,0,0,0,0,0,92,Corso Italia-Davenport (92),7848
1250553,-8852135.927000001,5414075.767999999,6667934,2011,2011/08/22 04:00:00+00,551,5,ROYAL YORK RD,HARTFIELD RD,,Minor Arterial,Etobicoke York,2.0,22,43.667145,-79.52009,Intersection,,No Control,Clear,Dark,Dry,Fatal,SMV Other,unknown,3,21.0,0,0,1,0,0,0,0,0,0,0,0,0,0,9,Edenbridge-Humber Valley (9),7290
1250588,-8852625.732,5410583.09,6805110,2011,2011/07/07 04:00:00+00,1915,19,BLOOR ST W,CLISSOLD RD,,Major Arterial,Etobicoke York,3.0,22,43.644445000000005,-79.52449,Intersection,,No Control,Clear,Daylight,Dry,Non-Fatal Injury,Rear End,35 to 39,2,,0,0,1,1,0,0,0,0,0,0,0,0,0,14,Islington-City Centre West (14),7836
1250782,-8838744.192,5416446.002,6668518,2011,2011/07/14 04:00:00+00,1610,16,AVENUE Road,EDMUND Aven,,Major Arterial,Toronto and East York,12.0,53,43.682545000000005,-79.39979,Intersection,,Traffic Signal,Clear,Daylight,Dry,Non-Fatal Injury,Cyclist Collisions,50 to 54,2,,0,1,1,0,0,0,0,0,0,0,0,0,0,97,Yonge-St.Clair (97),7856
1250828,-8816313.314,5434889.969,6668631,2011,2011/07/16 04:00:00+00,847,8,SHEPPARD Aven E,MORNINGSIDE Aven,,Major Arterial,Scarborough,25.0,42,43.802245,-79.19829,Mid-Block,,No Control,Clear,Daylight,Dry,Non-Fatal Injury,Rear End,65 to 69,2,,0,0,1,0,0,0,0,1,1,1,0,0,1,131,Rouge (131),7867
1250852,-8839167.206,5430402.703,6668702,2011,2011/08/23 04:00:00+00,1905,19,WILLOWDALE AVE,PARKVIEW AVE,,Minor Arterial,North York,18.0,32,43.773145,-79.40359000000001,Intersection,At Intersection,Stop Sign,Clear,Daylight,Dry,Non-Fatal Injury,Pedestrian Collisions,unknown,2,,1,0,1,0,0,0,0,0,0,0,0,0,0,51,Willowdale East (51),7549
1250894,-8832154.078,5416015.005,6668798,2011,2011/07/15 04:00:00+00,1655,16,DANFORTH Ave,LANGFORD Ave,,Major Arterial,Toronto and East York,14.0,54,43.679745000000004,-79.34059,Intersection,,No Control,Clear,Daylight,Dry,Non-Fatal Injury,Cyclist Collisions,50 to 54,2,,0,1,1,0,0,0,0,0,0,0,0,0,0,69,Blake-Jones (69),7860
1250936,-8844466.014,5413860.322000001,6668900,2011,2011/07/12 04:00:00+00,714,7,SYMINGTON AVE,DUPONT ST,,Major Arterial,Toronto and East York,9.0,11,43.665745,-79.45119,Intersection,At Intersection,Traffic Signal,Clear,Daylight,Dry,Non-Fatal Injury,Angle,unknown,2,,0,0,1,0,0,0,0,0,0,1,1,0,0,93,Dovercourt-Wallace Emerson-Junction (93),7854
1250979,-8832053.89,5422743.93,6669028,2011,2011/07/15 04:00:00+00,1630,16,DON MILLS RD,WYNFORD DR,,Major Arterial,North York,16.0,33,43.723445,-79.33969,Mid-Block,,No Control,Clear,Daylight,Dry,Non-Fatal Injury,Cyclist Collisions,55 to 59,2,,0,1,1,0,0,0,0,0,0,1,0,0,0,42,Banbury-Don Mills (42),7858
1251014,-8846402.973,5417569.767000001,6669115,2011,2011/08/06 04:00:00+00,1335,13,60 LACEY AVE,CAMERON Aven,,Local,Etobicoke York,5.0,12,43.689845,-79.46859,Mid-Block,,No Control,Clear,Daylight,Dry,Non-Fatal Injury,Cyclist Collisions,unknown,2,,0,1,1,0,0,0,0,0,0,0,0,0,0,110,Keelesdale-Eglinton West (110),7663
1251049,-8837541.941,5409952.393999999,7644771,2011,2011/07/17 04:00:00+00,630,6,BREMNER Boul,VAN DE WATER Cres,,Minor Arterial,Toronto and East York,10.0,52,43.640345,-79.38899,Intersection,At Intersection,Traffic Signal,Clear,Daylight,Dry,Non-Fatal Injury,Rear End,unknown,2,,0,0,1,1,0,0,0,0,0,1,0,0,0,77,Waterfront Communities-The Island (77),7873
1251239,-8826910.93,5431790.284,6805175,2011,2011/07/20 04:00:00+00,1323,13,SHEPPARD AVE E,ALLANFORD RD,,Major Arterial,Scarborough,22.0,42,43.782145,-79.29349,Intersection,At Intersection,Traffic Signal,Clear,Daylight,Dry,Non-Fatal Injury,Turning Movement,35 to 39,2,,0,0,1,0,0,0,0,0,0,1,1,0,0,118,Tam O'Shanter-Sullivan (118),7899
1251243,-8828580.722000001,5434967.089,6669648,2011,2011/07/20 04:00:00+00,1023,10,3030 BIRCHMOUNT RD,,,Major Arterial,Scarborough,22.0,42,43.802745,-79.30849,Mid-Block,,No Control,Clear,Daylight,Dry,Non-Fatal Injury,Turning Movement,60 to 64,2,,0,0,1,0,0,0,0,1,0,1,0,0,0,117,L'Amoreaux (117),7891
1251261,-8847037.493999999,5417893.067000001,6805184,2011,2011/07/20 04:00:00+00,1130,11,KEELE ST,YORE RD,,Major Arterial,Etobicoke York,5.0,12,43.691945000000004,-79.47429,Intersection,,No Control,Clear,Daylight,Dry,Non-Fatal Injury,SMV Other,unknown,2,,0,0,0,0,1,0,0,1,0,0,0,0,0,112,Beechborough-Greenbrook (112),7897
1251421,-8827846.014,5420341.279,6670082,2011,2011/08/09 04:00:00+00,2141,21,ST CLAIR AVE E,VICROSS RD,,Major Arterial,Toronto and East York,19.0,54,43.707845,-79.30189,Intersection,,No Control,Clear,Dark,Dry,Non-Fatal Injury,Pedestrian Collisions,unknown,2,,1,0,1,0,0,0,0,0,0,1,0,0,0,54,O'Connor-Parkview (54),7679
1251485,-8838543.817,5409552.4629999995,6670204,2011,2011/08/26 04:00:00+00,1924,19,F G GARDINER E Expr E,SPADINA Ave,,,Toronto and East York,10.0,14,43.637745,-79.39799000000001,Mid-Block,,No Control,Clear,Daylight,Dry,Non-Fatal Injury,Rear End,45 to 49,2,,0,0,1,1,0,0,0,0,0,0,0,0,0,77,Waterfront Communities-The Island (77),7565
1251696,-8834569.711000001,5421296.103999999,6670663,2011,2011/07/20 04:00:00+00,1819,18,EGLINTON AVE E,DON AVON DR,,Major Arterial,North York,15.0,53,43.714045,-79.36229,Intersection,,No Control,Clear,Daylight,Dry,Non-Fatal Injury,Turning Movement,55 to 59,2,,0,0,1,0,0,0,0,1,0,1,0,0,0,55,Thorncliffe Park (55),7905
1251711,-8828903.549,5414121.935,6670702,2011,2011/07/21 04:00:00+00,1645,16,NORTHERN DANCER BLVD,QUEEN ST E,,Minor Arterial,Toronto and East York,19.0,55,43.667445,-79.31139,Intersection,At Intersection,Stop Sign,Clear,Daylight,Dry,Non-Fatal Injury,Pedestrian Collisions,40 to 44,2,,1,0,1,0,0,0,0,0,0,1,0,0,0,63,The Beaches (63),7907
1251858,-8833567.836000001,5412583.14,6671035,2011,2011/08/29 04:00:00+00,1935,19,DON VALLEY PARKWAY  S,QUEEN St E,,Local,Toronto and East York,14.0,55,43.657445,-79.35329,Mid-Block,,No Control,Clear,Daylight,Dry,Non-Fatal Injury,Rear End,45 to 49,2,,0,0,1,1,0,0,0,0,0,1,0,0,0,70,South Riverdale (70),7568
1252026,-8825519.436,5420988.085,6671413,2011,2011/08/28 04:00:00+00,1600,16,WARDEN AVE,ST CLAIR AVE E,,Major Arterial,Scarborough,20.0,41,43.712045,-79.28099,Intersection,,Traffic Signal,Clear,Daylight,Dry,Non-Fatal Injury,SMV Other,25 to 29,2,,0,0,0,1,0,0,0,0,0,0,0,0,0,120,Clairlea-Birchmount (120),7566
1252206,-8845957.695,5413798.767000001,6671872,2011,2011/08/31 04:00:00+00,946,9,DUNDAS ST W,KEELE ST,,Major Arterial,Toronto and East York,4.0,11,43.665345,-79.46459,Intersection,At Intersection,Traffic Signal,Clear,Daylight,Dry,Non-Fatal Injury,Cyclist Collisions,unknown,2,,0,1,0,0,1,0,0,0,0,0,0,0,0,90,Junction Area (90),7592
1252228,-8830751.452,5425332.098999999,6671930,2011,2011/08/30 04:00:00+00,1438,14,LAWRENCE AVE E,E OF DVP ON RAMP Aven,,Major Arterial,North York,16.0,33,43.740245,-79.32799,Mid-Block,,No Control,Clear,Daylight,Dry,Fatal,Rear End,unknown,3,22.0,0,0,1,0,1,1,0,1,1,1,0,0,0,43,Victoria Village (43),7586
1252312,-8844944.688,5410383.107999999,6672138,2011,2011/07/19 04:00:00+00,1925,19,PARKSIDE DR,ALGONQUIN AVE,,Major Arterial,Toronto and East York,4.0,11,43.643145000000004,-79.45549,Intersection,At Intersection,No Control,Clear,Daylight,Dry,Non-Fatal Injury,Rear End,unknown,2,,0,0,1,0,0,0,0,1,0,0,0,0,0,87,High Park-Swansea (87),7888
1252379,-8825953.582,5434627.766,6672317,2011,2011/09/01 04:00:00+00,1540,15,MIDLAND AVE,BAYLAWN DR,,Major Arterial,Scarborough,,42,43.800545,-79.28489,Mid-Block,,No Control,Clear,Daylight,Dry,Fatal,SMV Other,unknown,3,23.0,0,0,1,0,0,0,0,0,1,1,0,0,0,129,Agincourt North (129),7597
1252518,-8839167.206,5430402.703,6672587,2011,2011/08/23 04:00:00+00,1905,19,WILLOWDALE AVE,PARKVIEW AVE,,Minor Arterial,North York,18.0,32,43.773145,-79.40359000000001,Intersection,At Intersection,Stop Sign,Clear,Dusk,Dry,Non-Fatal Injury,Pedestrian Collisions,unknown,2,,1,0,1,0,0,0,0,0,0,0,0,0,0,51,Willowdale East (51),7552
1252521,-8825541.923,5436741.179,6672593,2011,2011/09/04 04:00:00+00,1000,10,BRIMLEY RD,DANJOHN CRES,,Major Arterial,Scarborough,23.0,42,43.814246000000004,-79.281192,Mid-Block,,No Control,Clear,Daylight,Dry,Non-Fatal Injury,Pedestrian Collisions,unknown,2,,1,0,0,0,0,1,0,0,0,0,0,0,0,129,Agincourt North (129),7616
1253390,-8833356.329,5413352.506,6674468,2011,2011/09/11 04:00:00+00,1556,15,DUNDAS ST E,BROADVIEW AVE,,Major Arterial,Toronto and East York,14.0,55,43.662445,-79.35139000000001,Intersection,At Intersection,Traffic Signal,Clear,Daylight,Dry,Non-Fatal Injury,Cyclist Collisions,unknown,2,,0,1,1,0,0,0,0,0,0,1,0,0,0,70,South Riverdale (70),7631
1253623,-8863368.063,5427443.227999999,6674980,2011,2011/09/12 04:00:00+00,1316,13,STEELES AVE W,STEINWAY BLVD,,Major Arterial,Etobicoke York,1.0,23,43.753945,-79.62099,Mid-Block,,No Control,Clear,Daylight,Dry,Fatal,Turning Movement,unknown,3,24.0,0,0,1,0,0,0,0,0,1,1,0,0,0,1,West Humber-Clairville (1),7636
1253635,-8837274.775,5409721.663,6675013,2011,2011/07/20 04:00:00+00,1800,18,QUEENS QUAY W,REES ST,,Minor Arterial,Toronto and East York,10.0,52,43.638845,-79.38659,Intersection,At Intersection,Traffic Signal,Clear,Daylight,Dry,Non-Fatal Injury,Cyclist Collisions,unknown,2,,0,1,1,0,0,0,0,0,0,0,0,0,0,77,Waterfront Communities-The Island (77),7902
1253770,-8828789.669,5418196.364,6675312,2011,2011/09/13 04:00:00+00,1355,13,LUMSDEN AVE,OAK PARK AVE,,Minor Arterial,Toronto and East York,19.0,54,43.693915000000004,-79.310367,Intersection,At Intersection,Stop Sign,Clear,Daylight,Dry,Non-Fatal Injury,Pedestrian Collisions,unknown,2,,1,0,1,0,0,0,0,0,0,0,0,0,0,60,Woodbine-Lumsden (60),7017
1253771,-8839167.206,5409275.597999999,6675314,2011,2011/09/13 04:00:00+00,1958,19,LAKE SHORE BLVD W,bastion  st,,Major Arterial,Toronto and East York,10.0,14,43.635945,-79.40359000000001,Intersection,At Intersection,Traffic Signal,Clear,"Dark, artificial",Dry,Non-Fatal Injury,Pedestrian Collisions,30 to 34,2,,1,0,1,0,0,0,0,0,0,0,0,0,0,82,Niagara (82),7029
1253834,-8837864.768,5410167.749,6675461,2011,2011/08/16 04:00:00+00,1640,16,BLUE JAYS WAY,NAVY WHARF CRT,,Minor Arterial,Toronto and East York,10.0,52,43.641745,-79.39189,Intersection,At Intersection,No Control,Clear,Daylight,Dry,Non-Fatal Injury,Cyclist Collisions,unknown,2,,0,1,1,0,0,0,0,0,0,1,0,0,0,77,Waterfront Communities-The Island (77),7701
1254054,-8852481.017,5412183.095,6676000,2011,2011/08/24 04:00:00+00,1840,18,4662 DUNDAS ST W,,,Major Arterial,Etobicoke York,2.0,22,43.654845,-79.52319,Mid-Block,,No Control,Clear,Daylight,Dry,Non-Fatal Injury,Other,unknown,2,,0,0,1,1,0,0,0,0,0,0,0,0,0,15,Kingsway South (15),7557
1254156,-8833452.286,5433478.017999999,6676221,2011,2011/09/15 04:00:00+00,1804,18,FINCH AVE E,SKYMARK DR,,Major Arterial,North York,17.0,33,43.79309,-79.35225200000001,Intersection,At Intersection,Traffic Signal,Clear,"Dusk, artificial",Dry,Non-Fatal Injury,Rear End,unknown,2,,0,0,1,0,0,0,0,1,0,0,0,0,1,47,Don Valley Village (47),7264
1254646,-8840135.686,5431528.169,6677316,2011,2011/07/27 04:00:00+00,955,9,FINCH AVE E,KENNETH AVE,,Major Arterial,North York,18.0,32,43.780445,-79.41229,Intersection,At Intersection,Traffic Signal,Clear,Daylight,Dry,Non-Fatal Injury,Pedestrian Collisions,65 to 69,2,,1,0,1,0,0,0,0,0,0,1,0,0,0,51,Willowdale East (51),7023
1254898,-8854785.331,5413183.24,6677879,2011,2011/09/18 04:00:00+00,355,3,KIPLING Aven,THORNCREST Road,,Major Arterial,Etobicoke York,2.0,22,43.661345000000004,-79.54389,Intersection,At Intersection,Stop Sign,Clear,Dark,Dry,Non-Fatal Injury,Pedestrian Collisions,unknown,2,,1,0,1,0,0,0,0,0,0,0,0,0,0,10,Princess-Rosethorn (10),7468
1254931,-8814175.98,5429924.806,6677957,2011,2011/07/28 04:00:00+00,1354,13,4277 LAWRENCE AVE E,,,Minor Arterial,Scarborough,25.0,43,43.770045,-79.17909,Mid-Block,,No Control,Rain,Daylight,Wet,Non-Fatal Injury,Cyclist Collisions,35 to 39,2,,0,1,1,0,0,0,0,0,0,1,0,0,0,136,West Hill (136),7149
1255068,-8843753.569,5431620.679,6678297,2011,2011/09/20 04:00:00+00,1723,17,ANTIBES DR,BATHURST ST,,Major Arterial,North York,,32,43.781045,-79.44479,Intersection,At Intersection,Traffic Signal,Clear,Daylight,Dry,Non-Fatal Injury,Cyclist Collisions,unknown,2,,0,1,0,0,0,1,0,0,0,0,0,0,0,36,Newtonbrook West (36),7473
1255302,-8843052.256000001,5410736.924,6805448,2011,2011/08/30 04:00:00+00,1930,19,LANSDOWNE Aven,RIDEAU Aven,,Minor Arterial,Toronto and East York,4.0,11,43.645445,-79.43849,Mid-Block,,No Control,Clear,"Dark, artificial",Dry,Non-Fatal Injury,Cyclist Collisions,unknown,2,,0,1,1,0,0,0,0,0,0,1,0,0,0,86,Roncesvalles (86),7589
1255438,-8860696.395,5417077.141,6679094,2011,2011/09/23 04:00:00+00,243,2,DIXON Rd,CARLINGVIEW Dr,,Major Arterial,Etobicoke York,1.0,23,43.686645,-79.59699,Mid-Block,,No Control,Clear,"Dark, artificial",Dry,Non-Fatal Injury,SMV Other,unknown,2,,0,0,1,0,0,0,0,0,0,0,0,0,1,1,West Humber-Clairville (1),7488
1255565,-8857779.825,5417831.485,6679376,2011,2011/09/23 04:00:00+00,1912,19,MARTIN GROVE Road,DIXON Road,,Major Arterial,Etobicoke York,,23,43.691545,-79.57079,Intersection,At Intersection,Traffic Signal,Rain,Dark,Wet,Fatal,Pedestrian Collisions,75 to 79,3,25.0,1,0,1,0,0,0,0,1,0,0,0,0,0,1,West Humber-Clairville (1),7494
1255770,-8821712.31,5427643.579,6679798,2011,2011/09/25 04:00:00+00,1958,19,LAWRENCE Ave E,VALPARAISO Ave,,Major Arterial,Scarborough,21.0,43,43.755245,-79.24679,Intersection,,No Control,Clear,Dark,Dry,Non-Fatal Injury,Pedestrian Collisions,unknown,2,,1,0,1,0,0,0,0,0,0,0,0,0,0,127,Bendale (127),7504
1255918,-8828636.382000001,5420757.078,6680140,2011,2011/09/22 04:00:00+00,1617,16,O CONNOR Driv,DOHME Aven,,Major Arterial,Toronto and East York,19.0,54,43.710545,-79.30899000000001,Intersection,At Intersection,Traffic Signal,Clear,Daylight,Dry,Non-Fatal Injury,Pedestrian Collisions,35 to 39,2,,1,0,1,0,0,0,0,0,0,0,0,0,0,54,O'Connor-Parkview (54),7482
1256019,-8822202.116,5431404.823,6680405,2011,2011/07/29 04:00:00+00,1450,14,CONSILIUM PL,CORPORATE DR,,Collector,Scarborough,24.0,43,43.779645,-79.25119000000001,Intersection,At Intersection,Traffic Signal,Clear,Daylight,Dry,Non-Fatal Injury,Turning Movement,unknown,2,,0,0,1,0,0,0,0,1,0,1,0,0,0,137,Woburn (137),7363
1256431,-8826465.652,5417015.563999999,6681299,2011,2011/08/03 04:00:00+00,1604,16,GERRARD Stre E,SCARBOROUGH Road,,Minor Arterial,Toronto and East York,19.0,55,43.686245,-79.28949,Intersection,At Intersection,Stop Sign,Clear,Daylight,Dry,Non-Fatal Injury,Turning Movement,unknown,2,,0,0,1,0,0,0,0,1,1,1,0,1,0,62,East End-Danforth (62),7645
1256606,-8846725.799,5416569.147000001,6681680,2011,2011/08/03 04:00:00+00,1842,18,AILEEN AVE,KEELE ST,,Local,Etobicoke York,5.0,12,43.683345,-79.47149,Mid-Block,,No Control,Rain,Daylight,Wet,Non-Fatal Injury,Cyclist Collisions,45 to 49,2,,0,1,1,0,0,0,0,0,0,0,0,0,0,110,Keelesdale-Eglinton West (110),7647
1256647,-8858046.992,5413721.824,7559054,2011,2011/09/01 04:00:00+00,2035,20,HOLLISTER RD,INVERDON RD,,Local,Etobicoke York,2.0,22,43.664845,-79.57319,Intersection,At Intersection,No Control,Clear,Dark,Dry,Non-Fatal Injury,Pedestrian Collisions,55 to 59,2,,1,0,1,0,0,0,0,0,0,1,0,0,0,11,Eringate-Centennial-West Deane (11),7600
1256813,-8845712.792000001,5426518.586,6682148,2011,2011/10/01 04:00:00+00,1248,12,WILLIAM R ALLEN RD N,SHEPPARD AVE W,,Major Arterial,North York,6.0,32,43.747945,-79.46239,Mid-Block,,Traffic Signal,Clear,Daylight,Dry,Non-Fatal Injury,Sideswipe,unknown,2,,0,0,1,0,0,0,0,0,0,0,0,0,0,26,Downsview-Roding-CFB (26),7516
1257236,-8841404.728,5412506.207,6683055,2011,2011/08/05 04:00:00+00,1509,15,DEWSON ST,OSSINGTON AVE,,Minor Arterial,Toronto and East York,,14,43.656945,-79.42369000000001,Intersection,At Intersection,Stop Sign,Clear,Daylight,Dry,Non-Fatal Injury,Turning Movement,unknown,2,,0,1,1,0,0,0,0,0,0,1,0,0,0,80,Palmerston-Little Italy (80),7661
1257392,-8847972.578,5417261.872,6683390,2011,2011/08/07 04:00:00+00,137,1,BLACK CREEK DR,PHOTOGRAPHY DR W,,Major Arterial,Etobicoke York,5.0,12,43.687845,-79.48269,Mid-Block,At Intersection,No Control,Clear,Dark,Dry,Non-Fatal Injury,Rear End,unknown,2,,0,0,1,0,0,0,0,0,0,0,0,1,0,110,Keelesdale-Eglinton West (110),7667
1257517,-8841271.144,5422343.444,6683665,2011,2011/10/05 04:00:00+00,829,8,LAWRENCE Aven W,LEDBURY Stre,,Major Arterial,North York,8.0,32,43.720845000000004,-79.42249,Intersection,,Traffic Signal,Clear,Daylight,Dry,Non-Fatal Injury,Pedestrian Collisions,40 to 44,2,,1,0,1,0,0,0,0,0,0,0,0,0,0,39,Bedford Park-Nortown (39),7534
1257535,-8857490.394,5421419.313999999,6683698,2011,2011/10/04 04:00:00+00,1716,17,KIPLING AVE,REDWATER DR,,Major Arterial,Etobicoke York,1.0,23,43.714845000000004,-79.56819,Mid-Block,,No Control,Clear,Daylight,Dry,Non-Fatal Injury,SMV Other,70 to 74,2,,0,0,1,0,0,0,0,1,0,1,0,0,0,4,Rexdale-Kipling (4),7528
1257763,-8851523.669,5426040.891,7559067,2011,2011/10/06 04:00:00+00,1945,19,JANE St,COURAGE Ave,,Major Arterial,Etobicoke York,7.0,31,43.744845,-79.51459,Intersection,At Intersection,No Control,Clear,Dark,Dry,Non-Fatal Injury,Pedestrian Collisions,65 to 69,2,,1,0,1,0,0,0,0,0,0,0,0,0,0,25,Glenfield-Jane Heights (25),7536
1258189,-8827256.02,5434735.731000001,6685146,2011,2011/10/10 04:00:00+00,540,5,KENNEDY RD,FINCH AVE E,,Major Arterial,Scarborough,22.0,42,43.801245,-79.29659000000001,Intersection,At Intersection,Traffic Signal,Clear,"Dark, artificial",Dry,Fatal,SMV Other,unknown,3,27.0,0,0,1,0,0,0,0,1,0,0,0,0,0,117,L'Amoreaux (117),7157
1258190,-8851401.218,5406861.071,6685148,2011,2011/10/10 04:00:00+00,549,5,F G GARDINER XY Expr E,KIPLING AVE,,,Etobicoke York,3.0,22,43.620245000000004,-79.51349,Mid-Block,,No Control,Clear,Dark,Dry,Non-Fatal Injury,SMV Other,unknown,2,,0,0,1,0,0,0,0,0,0,0,0,0,0,17,Mimico (includes Humber Bay Shores) (17),7159
1258191,-8840191.345,5430757.2870000005,6685150,2011,2011/10/10 04:00:00+00,437,4,DORIS AVE,NORTHTOWN WAY,,Minor Arterial,North York,18.0,32,43.775445,-79.41279,Intersection,,No Control,Clear,Dark,Dry,Non-Fatal Injury,Pedestrian Collisions,25 to 29,2,,1,0,1,0,0,0,0,0,1,1,0,1,0,51,Willowdale East (51),7153
1258248,-8827556.582999999,5432006.147999999,6685273,2011,2011/08/08 04:00:00+00,1457,14,BIRCHMOUNT RD,BONIS AVE,,Major Arterial,Scarborough,22.0,42,43.783545000000004,-79.29929,Intersection,At Intersection,Traffic Signal,Clear,Daylight,Dry,Non-Fatal Injury,Cyclist Collisions,60 to 64,2,,0,1,1,0,0,0,0,0,0,1,0,0,0,118,Tam O'Shanter-Sullivan (118),7672
1258313,-8859483.013,5428383.374,6685444,2011,2011/08/12 04:00:00+00,1430,14,STEELES AVE W,MARKBROOK LANE,,Major Arterial,Etobicoke York,1.0,23,43.760045,-79.58609,Intersection,,No Control,Clear,Daylight,Dry,Non-Fatal Injury,Rear End,unknown,2,,0,0,0,1,0,1,0,0,1,1,0,0,0,2,Mount Olive-Silverstone-Jamestown (2),7684
1258447,-8840224.741,5431821.121,6685783,2011,2011/08/11 04:00:00+00,1530,15,BISHOP Aven,KENNETH Aven,,Collector,North York,18.0,32,43.782345,-79.41309,Intersection,At Intersection,No Control,Clear,Daylight,Dry,Non-Fatal Injury,Pedestrian Collisions,55 to 59,2,,1,0,1,0,0,0,0,0,0,1,0,0,0,50,Newtonbrook East (50),7681
1258477,-8857456.998,5421311.505,6685866,2011,2011/10/03 04:00:00+00,640,6,KIPLING Aven,FROST Stre,,Major Arterial,Etobicoke York,1.0,23,43.714145,-79.56789,Intersection,,No Control,Rain,Daylight,Wet,Non-Fatal Injury,Pedestrian Collisions,unknown,2,,1,0,1,0,0,0,0,0,0,1,0,0,0,4,Rexdale-Kipling (4),7519
1258512,-8836005.732,5411952.307999999,6805611,2011,2011/08/09 04:00:00+00,1810,18,QUEEN ST E,DALHOUSIE ST,,Major Arterial,Toronto and East York,13.0,51,43.653345,-79.37519,Intersection,,No Control,Clear,Daylight,Dry,Non-Fatal Injury,Rear End,unknown,2,,0,0,1,0,0,1,0,0,0,0,0,0,0,75,Church-Yonge Corridor (75),7675