ACCNUM,X,Y,Index_,YEAR,DATE,TIME,HOUR,STREET1,STREET2,OFFSET,ROAD_CLASS,District,WardNum,Division,LATITUDE,LONGITUDE,LOCCOORD,ACCLOC,TRAFFCTL,VISIBILITY,LIGHT,RDSFCOND,ACCLASS,IMPACTYPE,INVAGE,INJURY,FATAL_NO,PEDESTRIAN,CYCLIST,AUTOMOBILE,MOTORCYCLE,TRUCK,TRSN_CITY_VEH,EMERG_VEH,PASSENGER,SPEEDING,AG_DRIV,REDLIGHT,ALCOHOL,DISABILITY,Hood_ID,Neighbourhood,ObjectId
1259013,-8824016.623,5432422.472999999,6805632,2011,2011/10/14 04:00:00+00,708,7,2003 BRIMLEY RD,,,Major Arterial,Scarborough,23.0,42,43.786245,-79.26749000000001,Mid-Block,,No Control,Clear,Daylight,Wet,Non-Fatal Injury,Pedestrian Collisions,unknown,2,,1,0,1,0,0,0,0,0,0,0,0,0,0,128,Agincourt South-Malvern West (128),7179
1259502,-8831230.126,5413414.057999999,6688159,2011,2011/08/19 04:00:00+00,1235,12,QUEEN ST E,RUSHBROOKE AVE,,Minor Arterial,Toronto and East York,14.0,55,43.662845000000004,-79.33229,Intersection,At Intersection,No Control,Clear,Daylight,Dry,Non-Fatal Injury,Pedestrian Collisions,85 to 89,2,,1,0,1,0,0,0,0,0,0,0,0,0,0,70,South Riverdale (70),7707
1259578,-8846881.647,5411721.527000001,6688358,2011,2011/08/19 04:00:00+00,2128,21,BLOOR ST W,HARCROFT RD,,Major Arterial,Toronto and East York,4.0,11,43.651845,-79.47289,Intersection,,No Control,Clear,Dark,Dry,Non-Fatal Injury,Cyclist Collisions,unknown,2,,0,1,1,0,0,0,0,0,0,1,0,0,0,87,High Park-Swansea (87),7712
1259602,-8843530.93,5424607.955,6688418,2011,2011/10/18 04:00:00+00,548,5,WILSON AVE,ALLINGHAM GDNS,,Major Arterial,North York,6.0,32,43.735545,-79.44279,Intersection,At Intersection,No Control,Clear,"Dark, artificial",Other,Fatal,Pedestrian Collisions,45 to 49,3,28.0,1,0,1,0,0,0,0,0,0,0,0,0,0,33,Clanton Park (33),7183
1259641,-8831230.126,5425316.691000001,6688493,2011,2011/10/18 04:00:00+00,2145,21,DON VALLEY PARKWAY  S,LAWRENCE AVE E,,,North York,16.0,33,43.740145,-79.33229,Mid-Block,,No Control,Clear,Dark,Dry,Non-Fatal Injury,Rear End,unknown,2,,0,0,1,0,1,0,0,1,0,1,0,0,0,42,Banbury-Don Mills (42),7194
1259697,-8842963.201,5427196.647000001,6805654,2011,2011/09/28 04:00:00+00,830,8,BATHURST Stre,REINER Road,,Major Arterial,North York,6.0,32,43.752345,-79.43769,Intersection,At Intersection,Stop Sign,Clear,Daylight,Dry,Non-Fatal Injury,Pedestrian Collisions,unknown,2,,1,0,1,0,0,0,0,0,0,1,0,0,0,38,Lansing-Westgate (38),7508
1259893,-8827089.041000001,5430572.285,6689123,2011,2011/10/19 04:00:00+00,1946,19,BIRCHMOUNT RD,ALLANFORD RD,,Major Arterial,Scarborough,22.0,42,43.774245,-79.29509,Intersection,At Intersection,Traffic Signal,Rain,Dark,Wet,Non-Fatal Injury,Pedestrian Collisions,55 to 59,2,,1,0,1,0,0,0,0,0,0,1,0,0,0,118,Tam O'Shanter-Sullivan (118),7197
1259906,-8838187.594,5417538.977000001,6689150,2011,2011/10/19 04:00:00+00,2104,21,YONGE ST,WALLY CROUTER WKWAY Way,,Major Arterial,Toronto and East York,12.0,53,43.689645,-79.39479,Mid-Block,,No Control,Rain,Dark,Wet,Non-Fatal Injury,Pedestrian Collisions,unknown,2,,1,0,1,0,0,0,0,0,0,0,0,0,0,98,Rosedale-Moore Park (98),7200
1260122,-8839712.671,5411706.142000001,6689692,2011,2011/08/24 04:00:00+00,1630,16,DUNDAS ST W,PALMERSTON AVE,,Major Arterial,Toronto and East York,,14,43.651745,-79.40849,Intersection,,No Control,Clear,Daylight,Dry,Non-Fatal Injury,Sideswipe,unknown,2,,0,0,1,1,0,0,0,0,0,0,0,0,0,81,Trinity-Bellwoods (81),7555
1260139,-8822235.511,5430248.54,7559098,2011,2011/08/23 04:00:00+00,1050,10,ELLESMERE RD,MCCOWAN RD,,Major Arterial,Scarborough,,43,43.772145,-79.25149,Intersection,At Intersection,Traffic Signal,Clear,Daylight,Dry,Non-Fatal Injury,Angle,75 to 79,2,,0,0,1,0,0,0,0,1,0,1,1,0,1,137,Woburn (137),7544
1260146,-8838209.858,5410736.924,6689759,2011,2011/10/21 04:00:00+00,630,6,SPADINA AVE W,KING ST W,,Major Arterial,Toronto and East York,10.0,52,43.645445,-79.39499,Intersection,At Intersection,Traffic Signal,Clear,Dark,Dry,Fatal,Pedestrian Collisions,unknown,3,29.0,1,0,0,0,1,0,0,1,0,0,0,0,0,77,Waterfront Communities-The Island (77),7212
1260151,-8850900.28,5419032.406,6689769,2011,2011/08/23 04:00:00+00,1742,17,WRIGHT AVE,SAM FRUSTAGLIO DR,,Local,Etobicoke York,5.0,12,43.699345,-79.50899,Intersection,At Intersection,No Control,Clear,"Daylight, artificial",Dry,Non-Fatal Injury,SMV Other,unknown,2,,0,0,0,1,0,0,0,0,1,1,0,0,0,113,Weston (113),7546
1260223,-8840146.817,5414229.66,6689943,2011,2011/08/19 04:00:00+00,1320,13,BATHURST ST,BARTON AVE,,Major Arterial,Toronto and East York,11.0,14,43.668145,-79.41239,Intersection,At Intersection,Traffic Signal,Clear,Daylight,Dry,Non-Fatal Injury,Turning Movement,40 to 44,2,,0,0,1,1,0,0,0,1,0,0,0,0,0,95,Annex (95),7710
1260759,-8830862.772,5413521.775,6691177,2011,2011/10/24 04:00:00+00,1515,15,QUEEN ST E,HASTINGS AVE,,Minor Arterial,Toronto and East York,14.0,55,43.663545,-79.32899,Intersection,,No Control,Clear,Daylight,Dry,Non-Fatal Injury,Pedestrian Collisions,unknown,2,,1,0,1,0,0,0,0,0,0,0,0,0,0,70,South Riverdale (70),7214
1260760,-8839133.81,5420248.882,6691180,2011,2011/10/24 04:00:00+00,1835,18,EDITH DR,ORCHARD VIEW BLVD,,Collector,North York,8.0,53,43.707245,-79.40329,Intersection,At Intersection,Stop Sign,Clear,Dark,Dry,Non-Fatal Injury,Pedestrian Collisions,unknown,2,,1,0,1,0,0,0,0,0,0,1,0,0,0,100,Yonge-Eglinton (100),7217
1261275,-8837219.115,5433286.021000001,6805773,2011,2011/10/26 04:00:00+00,926,9,SNOWCREST AVE,WYVERN RD,,Local,North York,17.0,33,43.791845,-79.38609,Intersection,At Intersection,Stop Sign,Rain,Daylight,Wet,Non-Fatal Injury,Pedestrian Collisions,40 to 44,2,,1,0,1,0,0,0,0,0,0,1,0,0,0,49,Bayview Woods-Steeles (49),7219
1261319,-8840736.811,5416307.465,6692508,2011,2011/10/26 04:00:00+00,1938,19,BATHURST ST,VAUGHAN RD,,Major Arterial,Toronto and East York,12.0,13,43.681645,-79.41769000000001,Intersection,At Intersection,No Control,Rain,Dark,Wet,Non-Fatal Injury,Pedestrian Collisions,75 to 79,2,,1,0,1,0,0,0,0,0,0,1,0,1,0,96,Casa Loma (96),7221
1261321,-8838020.615,5414014.211,6692515,2011,2011/10/26 04:00:00+00,1952,19,QUEENS PARK,QUEENS PARK CRES W,,Major Arterial,Toronto and East York,11.0,52,43.666745,-79.39329000000001,Mid-Block,,No Control,Rain,Dark,Wet,Non-Fatal Injury,Pedestrian Collisions,unknown,2,,1,0,1,0,0,0,0,1,0,0,0,0,0,76,Bay Street Corridor (76),7225
1261370,-8837163.455,5410829.226,6692636,2011,2011/08/31 04:00:00+00,1830,18,SIMCOE ST,WELLINGTON ST W,,Minor Arterial,Toronto and East York,10.0,52,43.646045,-79.38559000000001,Intersection,At Intersection,Traffic Signal,Clear,Daylight,Dry,Non-Fatal Injury,Pedestrian Collisions,unknown,2,,1,0,1,0,0,0,0,0,0,1,0,0,0,76,Bay Street Corridor (76),7595
1261497,-8836718.177000001,5412660.074,6805787,2011,2011/10/20 04:00:00+00,1127,11,YONGE ST,ELM ST,,Major Arterial,Toronto and East York,,51,43.657945,-79.38159,Intersection,,No Control,Clear,Daylight,Dry,Non-Fatal Injury,Pedestrian Collisions,unknown,2,,1,0,1,0,0,0,0,0,0,0,0,0,0,75,Church-Yonge Corridor (75),7208
1261536,-8831797.856,5412198.481000001,6693034,2011,2011/09/02 04:00:00+00,2000,20,LAKE SHORE Boul E,CARLAW Aven,,Major Arterial,Toronto and East York,14.0,55,43.654945,-79.33739,Intersection,At Intersection,Traffic Signal,Clear,Dark,Wet,Non-Fatal Injury,Turning Movement,unknown,2,,0,0,1,0,0,0,0,0,0,0,0,0,0,70,South Riverdale (70),7613
1261623,-8847260.133,5411613.831,6693241,2011,2011/10/12 04:00:00+00,1300,13,BLOOR Stre W,RUNNYMEDE Road,,Major Arterial,Toronto and East York,4.0,11,43.651145,-79.47629,,,No Control,Clear,Daylight,Other,Non-Fatal Injury,Pedestrian Collisions,unknown,2,,1,0,1,0,0,0,0,0,0,0,0,0,0,88,High Park North (88),7169
1261658,-8853549.684,5427458.6389999995,6693340,2011,2011/09/02 04:00:00+00,1815,18,FINCH Aven W,HIGHWAY 400  N,,Major Arterial,Etobicoke York,7.0,31,43.754045,-79.53279,Intersection,At Intersection,Traffic Signal,Clear,Daylight,Dry,Non-Fatal Injury,Angle,70 to 74,2,,0,0,1,0,0,0,0,1,0,1,1,0,0,21,Humber Summit (21),7605
1261735,-8843330.555,5414968.382,6693551,2011,2011/09/02 04:00:00+00,1916,19,DUFFERIN Stre,,,Major Arterial,Toronto and East York,9.0,13,43.672945,-79.44099,Intersection,At Intersection,Traffic Signal,Clear,Dark,Dry,Non-Fatal Injury,Angle,unknown,2,,0,0,1,0,0,0,0,0,0,1,1,0,0,93,Dovercourt-Wallace Emerson-Junction (93),7609
1262837,-8828012.992999999,5417261.872,6696021,2011,2011/11/04 04:00:00+00,1450,14,DANFORTH Aven,CHISHOLM Aven,,Major Arterial,Toronto and East York,19.0,54,43.687845,-79.30339000000001,Mid-Block,At Intersection,No Control,Clear,Daylight,Dry,Non-Fatal Injury,Pedestrian Collisions,70 to 74,2,,1,0,1,0,0,0,0,0,0,1,0,0,0,62,East End-Danforth (62),7272
1263122,-8838399.101,5418062.419,6696582,2011,2011/08/25 04:00:00+00,1944,19,LAWTON Blvd,WALMSLEY Blvd,,Local,Toronto and East York,12.0,53,43.693045,-79.39669,Intersection,,No Control,Clear,Daylight,Dry,Non-Fatal Injury,Cyclist Collisions,50 to 54,2,,0,1,1,0,0,0,0,0,0,0,0,0,0,97,Yonge-St.Clair (97),7563
1263147,-8843553.194,5411536.906,6805913,2011,2011/11/07 05:00:00+00,1134,11,DUNDAS ST W,STERLING RD,,Minor Arterial,Toronto and East York,9.0,11,43.650645000000004,-79.44299000000001,Intersection,At Intersection,Stop Sign,Clear,Daylight,Dry,Fatal,Cyclist Collisions,unknown,3,30.0,0,1,0,0,1,0,0,0,0,0,0,0,0,83,Dufferin Grove (83),7284
1263204,-8827333.944,5438546.1620000005,6696764,2011,2011/08/25 04:00:00+00,803,8,MIDLAND AVE,STEELES AVE E,,Major Arterial,Scarborough,,42,43.825945000000004,-79.29729,Intersection,At Intersection,Traffic Signal,Clear,Daylight,Dry,Non-Fatal Injury,Pedestrian Collisions,unknown,2,,1,0,1,0,0,0,0,0,0,1,0,0,0,130,Milliken (130),7561
1263273,-8838187.594,5415291.591,6696928,2011,2011/09/08 04:00:00+00,910,9,DAVENPORT Rd,HAZELTON Ave,,Major Arterial,Toronto and East York,11.0,53,43.675045000000004,-79.39479,Intersection,,No Control,Clear,Daylight,Dry,Non-Fatal Injury,Cyclist Collisions,unknown,2,,0,1,0,0,0,1,0,0,0,0,0,0,0,95,Annex (95),7622
1263305,-8826087.166000001,5435044.209,6697002,2011,2011/09/06 04:00:00+00,1500,15,MIDLAND AVE,FINCH AVE E,,Major Arterial,Scarborough,,42,43.803245000000004,-79.28609,Mid-Block,,No Control,Clear,Daylight,Dry,Non-Fatal Injury,SMV Other,unknown,2,,0,0,1,0,0,0,0,0,0,0,0,0,0,129,Agincourt North (129),7619
1263449,-8838387.97,5411352.289,6697371,2011,2011/11/08 05:00:00+00,1950,19,SPADINA AVE,BULWER ST,,Major Arterial,Toronto and East York,10.0,52,43.649445,-79.39659,Intersection,,No Control,Clear,"Dark, artificial",Dry,Non-Fatal Injury,Pedestrian Collisions,85 to 89,2,,1,0,1,0,0,0,0,0,0,0,0,0,0,78,Kensington-Chinatown (78),7291
1263671,-8817159.343,5430741.87,6697867,2011,2011/09/10 04:00:00+00,1834,18,BOTANY HILL RD,PLOVER RD,,Local,Scarborough,24.0,43,43.775345,-79.20589,Intersection,,No Control,Clear,Daylight,Dry,Non-Fatal Injury,Approaching,55 to 59,2,,0,0,1,1,0,0,0,0,0,0,0,0,0,135,Morningside (135),7628
1263764,-8834580.843,5416415.216,6698095,2011,2011/11/10 05:00:00+00,1111,11,DON VALLEY PARKWAY  S,BAYVIEW BLOOR DVP RAMP,,,Toronto and East York,14.0,54,43.682345,-79.36239,Mid-Block,,No Control,Clear,Daylight,Dry,Fatal,SMV Other,unknown,3,31.0,0,0,1,0,0,0,0,1,1,1,0,0,1,57,Broadview North (57),7300
1263909,-8839142.604,5410480.482999999,6805964,2011,2011/11/05 04:00:00+00,2211,22,KING ST W,BATHURST ST,,Major Arterial,Toronto and East York,10.0,14,43.643778000000005,-79.403369,Mid-Block,,No Control,Clear,"Dark, artificial",Dry,Non-Fatal Injury,Pedestrian Collisions,unknown,2,,1,0,1,0,0,1,0,0,1,1,0,1,0,82,Niagara (82),7281
1264083,-8850889.148,5422512.878,6698832,2011,2011/11/13 05:00:00+00,1855,18,JANE ST,WILLIAM CRAGG DR,,Major Arterial,Etobicoke York,,31,43.721945,-79.50889000000001,Mid-Block,At Intersection,No Control,Clear,"Dark, artificial",Dry,Non-Fatal Injury,Pedestrian Collisions,45 to 49,2,,1,0,1,0,0,0,0,0,0,0,0,0,0,26,Downsview-Roding-CFB (26),7316
1264189,-8839901.915,5413383.282000001,6699087,2011,2011/09/13 04:00:00+00,2122,21,BATHURST St,HERRICK St,,Major Arterial,Toronto and East York,11.0,14,43.662645,-79.41019,Intersection,,No Control,Clear,Dark,Dry,Non-Fatal Injury,Turning Movement,45 to 49,2,,0,0,1,1,0,0,0,1,0,1,0,0,0,79,University (79),7140
1264317,-8816402.259,5434581.341,7644822,2011,2011/11/14 05:00:00+00,1704,17,MILNER Aven,MORNINGSIDE Aven,,Major Arterial,Scarborough,25.0,42,43.800244,-79.199089,Intersection,,Traffic Signal,Clear,"Dusk, artificial",Wet,Non-Fatal Injury,Rear End,80 to 84,2,,0,0,1,0,0,0,0,1,0,1,0,0,0,131,Rouge (131),7319
1264528,-8840313.797,5411552.291,6699902,2011,2011/11/15 05:00:00+00,1045,10,DUNDAS ST W,GRACE ST,,Major Arterial,Toronto and East York,,14,43.650745,-79.41389000000001,Intersection,At Intersection,Traffic Signal,Clear,Daylight,Dry,Non-Fatal Injury,Pedestrian Collisions,85 to 89,2,,1,0,1,0,0,0,0,0,0,0,0,0,0,81,Trinity-Bellwoods (81),7321
1264625,-8848495.779,5407752.988,6700138,2011,2011/11/16 05:00:00+00,955,9,F G GARDINER ExP E,PARK LAWN RD,,,Etobicoke York,3.0,22,43.626045,-79.48739,Mid-Block,,No Control,Clear,Daylight,Dry,Non-Fatal Injury,Rear End,35 to 39,2,,0,0,1,0,0,0,0,0,0,1,0,0,0,17,Mimico (includes Humber Bay Shores) (17),7323
1264639,-8831486.161,5420741.677,6700173,2011,2011/11/16 05:00:00+00,1735,17,DON MILLS RD,OVERLEA BLVD,,Major Arterial,North York,16.0,54,43.710445,-79.33459,Mid-Block,,No Control,Clear,Dark,Dry,Non-Fatal Injury,Pedestrian Collisions,unknown,2,,1,0,1,0,0,0,0,0,0,0,0,0,0,44,Flemingdon Park (44),7330
1264906,-8823760.588,5438762.185,6700767,2011,2011/09/16 04:00:00+00,845,8,MIDDLEFIELD RD,PASSMORE AVE,,Minor Arterial,Scarborough,23.0,42,43.827345,-79.26519,Intersection,At Intersection,Traffic Signal,Clear,Daylight,Dry,Non-Fatal Injury,Cyclist Collisions,unknown,2,,0,1,1,0,0,0,0,0,0,1,0,0,0,130,Milliken (130),7367
1265142,-8841137.561,5417708.323,6701284,2011,2011/11/18 05:00:00+00,1511,15,BATHURST ST,RIDGEWOOD RD,,Major Arterial,Toronto and East York,12.0,13,43.690745,-79.42129,Mid-Block,,No Control,Clear,Daylight,Dry,Non-Fatal Injury,Rear End,50 to 54,2,,0,0,1,0,0,0,0,0,0,0,0,0,1,101,Forest Hill South (101),7332
1265429,-8837196.851,5414198.882,6701886,2011,2011/09/14 04:00:00+00,1400,14,YONGE Stre,ST MARY Stre,,Major Arterial,Toronto and East York,13.0,51,43.667945,-79.38589,Intersection,,Stop Sign,Clear,Daylight,Dry,Non-Fatal Injury,Pedestrian Collisions,unknown,2,,1,0,1,0,0,0,0,0,0,0,0,0,0,75,Church-Yonge Corridor (75),7249
1265520,-8851913.287999999,5428691.64,6702104,2011,2011/11/22 05:00:00+00,2057,20,STONG CRT,JANE ST,,Collector,Etobicoke York,7.0,31,43.762045,-79.51809,Mid-Block,,No Control,Rain,"Dark, artificial",Wet,Non-Fatal Injury,SMV Other,70 to 74,2,,0,0,1,0,0,0,0,0,0,0,0,0,1,24,Black Creek (24),7335
1265525,-8840146.817,5414229.66,6702119,2011,2011/11/22 05:00:00+00,2145,21,BATHURST ST,BARTON AVE,,Major Arterial,Toronto and East York,11.0,14,43.668145,-79.41239,Intersection,,No Control,Rain,"Dark, artificial",Wet,Non-Fatal Injury,Pedestrian Collisions,unknown,2,,1,0,1,0,0,0,0,1,0,0,0,0,0,95,Annex (95),7341
1265542,-8839400.977,5415753.3379999995,6702155,2011,2011/09/18 04:00:00+00,120,1,DAVENPORT RD,HURON ST,,Minor Arterial,Toronto and East York,12.0,53,43.678045000000004,-79.40569,Intersection,At Intersection,Stop Sign,Clear,Dark,Dry,Non-Fatal Injury,SMV Other,30 to 34,2,,0,0,0,1,0,0,0,0,1,1,0,0,0,96,Casa Loma (96),7466
1265738,-8846002.223,5428383.374,6702599,2011,2011/11/23 05:00:00+00,2240,22,DUFFERIN ST,KENNARD AVE,,Major Arterial,North York,6.0,32,43.760045,-79.46499,Mid-Block,,No Control,Clear,"Dark, artificial",Dry,Non-Fatal Injury,Pedestrian Collisions,30 to 34,2,,1,0,1,0,0,0,0,0,0,0,0,0,0,34,Bathurst Manor (34),7345
1265838,-8848351.064,5418308.755,6702824,2011,2011/09/19 04:00:00+00,1955,19,BLACK CREEK DR,TRETHEWEY DR,,Major Arterial,Etobicoke York,5.0,12,43.694645,-79.48609,Intersection,At Intersection,Traffic Signal,Rain,Dark,Wet,Non-Fatal Injury,Pedestrian Collisions,40 to 44,2,,1,0,1,0,0,0,0,0,0,1,0,0,0,112,Beechborough-Greenbrook (112),7470
1265912,-8860629.604,5417092.535,6703039,2011,2011/11/24 05:00:00+00,2017,20,DIXON RD,CARLINGVIEW DR,,Major Arterial,Etobicoke York,1.0,23,43.686745,-79.59639,Mid-Block,,No Control,Clear,Dark,Dry,Non-Fatal Injury,Pedestrian Collisions,unknown,2,,1,0,1,0,0,0,0,0,0,0,0,0,0,1,West Humber-Clairville (1),7351
1265988,-8834380.468,5419617.526000001,6703200,2011,2011/10/31 04:00:00+00,915,9,LAIRD DR,MILLWOOD RD,,Major Arterial,North York,15.0,53,43.703145,-79.36059,Intersection,At Intersection,Traffic Signal,Clear,Daylight,Dry,Non-Fatal Injury,Rear End,unknown,2,,0,0,1,0,0,0,0,0,0,1,0,0,0,55,Thorncliffe Park (55),7241
1266099,-8838354.574,5415122.29,6703475,2011,2011/09/17 04:00:00+00,1320,13,AVENUE Road,BERNARD Aven,,Major Arterial,Toronto and East York,11.0,53,43.673945,-79.39629000000001,Intersection,,No Control,Clear,Daylight,Dry,Non-Fatal Injury,Rear End,unknown,2,,0,0,1,0,0,0,0,1,0,1,0,0,0,95,Annex (95),7465
1266196,-8810079.423,5434766.578,6703691,2011,2011/11/25 05:00:00+00,1556,15,KINGSTON Road,RASPBERRY Road,,Major Arterial,Scarborough,25.0,42,43.801445,-79.14229,Intersection,At Intersection,No Control,Clear,Daylight,Dry,Non-Fatal Injury,Cyclist Collisions,55 to 59,2,,0,1,1,0,0,0,0,0,0,1,0,0,0,131,Rouge (131),7358
1266314,-8830261.647,5416569.147000001,6703964,2011,2011/09/21 04:00:00+00,2328,23,DANFORTH AVE,COXWELL AVE,,Major Arterial,Toronto and East York,,54,43.683345,-79.32359,Intersection,At Intersection,Traffic Signal,Rain,Dark,Wet,Non-Fatal Injury,Pedestrian Collisions,unknown,2,,1,0,1,0,0,0,0,0,0,1,0,0,0,64,Woodbine Corridor (64),7478
1266347,-8842273.02,5411383.057999999,6704037,2011,2011/09/21 04:00:00+00,2233,22,DUFFERIN Stre,DUNDAS Stre W,,Minor Arterial,Toronto and East York,9.0,14,43.649645,-79.43149,Intersection,At Intersection,Traffic Signal,Clear,"Dark, artificial",Wet,Non-Fatal Injury,Cyclist Collisions,25 to 29,2,,0,1,1,0,0,0,0,0,0,0,0,0,0,84,Little Portugal (84),7475
1266373,-8837898.163999999,5421249.9,6704101,2011,2011/09/22 04:00:00+00,1910,19,MOUNT PLEASANT Road,KEEWATIN Aven,,Major Arterial,North York,15.0,53,43.713745,-79.39219,Intersection,At Intersection,Stop Sign,Clear,Dark,Dry,Non-Fatal Injury,Turning Movement,unknown,2,,0,0,1,0,0,0,0,0,0,1,0,0,0,99,Mount Pleasant East (99),7485
1266407,-8816023.884,5427936.407000001,6915781,2011,2011/11/27 05:00:00+00,0,0,DUNERA Aven,EMCARR Driv,,Local,Scarborough,24.0,43,43.757145,-79.19569,Intersection,At Intersection,Stop Sign,Rain,Dark,Wet,Non-Fatal Injury,Cyclist Collisions,unknown,2,,0,1,1,0,0,0,0,0,0,0,0,0,0,136,West Hill (136),7147
1266558,-8839300.788999999,5413352.506,6704528,2011,2011/09/23 04:00:00+00,1613,16,HARBORD ST,MAJOR ST,,Minor Arterial,Toronto and East York,11.0,14,43.662445,-79.40479,Intersection,At Intersection,No Control,Rain,Daylight,Wet,Non-Fatal Injury,Cyclist Collisions,35 to 39,2,,0,1,1,0,0,0,0,0,0,1,0,0,0,79,University (79),7490
1266571,-8825497.172,5416307.465,6704557,2011,2011/09/22 04:00:00+00,936,9,KINGSTON RD,BLANTYRE AVE,,Major Arterial,Scarborough,20.0,41,43.681645,-79.28079,Mid-Block,,No Control,Clear,Daylight,Dry,Non-Fatal Injury,Pedestrian Collisions,50 to 54,2,,1,0,1,0,0,0,0,0,0,0,0,0,0,122,Birchcliffe-Cliffside (122),7480
1266612,-8851022.732,5404124.344,6806150,2011,2011/09/24 04:00:00+00,1505,15,BIRMINGHAM Stre,ETTA WYLIE Road,,Collector,Etobicoke York,3.0,22,43.602445,-79.51009,Intersection,At Intersection,No Control,Clear,Daylight,Dry,Non-Fatal Injury,Cyclist Collisions,60 to 64,2,,0,1,1,0,0,0,0,0,0,1,0,0,0,18,New Toronto (18),7496
1266689,-8829103.924,5436555.902000001,6806161,2011,2011/11/29 05:00:00+00,1635,16,BIRCHMOUNT RD,BESWICK PARK  CRT,,Major Arterial,Scarborough,22.0,42,43.813045,-79.31319,Intersection,,No Control,Rain,"Dark, artificial",Wet,Non-Fatal Injury,Pedestrian Collisions,65 to 69,2,,1,0,1,0,0,0,0,0,0,0,0,0,0,116,Steeles (116),7262
1266690,-8848518.043,5426780.558999999,6704841,2011,2011/11/29 05:00:00+00,1746,17,DOVEHOUSE AVE,KEELE ST,,Major Arterial,North York,6.0,31,43.749645,-79.48759,Intersection,,Traffic Signal,Rain,"Dark, artificial",Wet,Non-Fatal Injury,Pedestrian Collisions,65 to 69,2,,1,0,1,0,0,0,0,0,0,1,0,0,0,27,York University Heights (27),7365
1266936,-8843464.138,5412737.007999999,6705452,2011,2011/09/25 04:00:00+00,130,1,1279 BLOOR St W,,,Major Arterial,Toronto and East York,9.0,11,43.658445,-79.44219,Mid-Block,,No Control,Clear,Dark,Dry,Non-Fatal Injury,Pedestrian Collisions,unknown,2,,1,0,1,0,0,0,0,0,0,0,0,0,0,83,Dufferin Grove (83),7499
1266990,-8850299.155,5419463.543,6705545,2011,2011/12/01 05:00:00+00,102,1,JANE ST,ELLIS AVE,,Major Arterial,Etobicoke York,5.0,12,43.702145,-79.50359,Intersection,,No Control,Clear,"Dark, artificial",Dry,Fatal,Pedestrian Collisions,50 to 54,3,32.0,1,0,1,0,0,0,0,0,0,0,0,0,0,30,Brookhaven-Amesbury (30),7374
1266995,-8856622.102,5426996.306,6705556,2011,2011/09/25 04:00:00+00,1945,19,GRACEDALE Boul,DUNCANWOODS Driv,,Collector,Etobicoke York,7.0,31,43.751045,-79.56039,Intersection,At Intersection,Stop Sign,Clear,Dark,Dry,Non-Fatal Injury,Cyclist Collisions,65 to 69,2,,0,1,1,0,0,0,0,0,0,1,0,0,0,21,Humber Summit (21),7501
1267110,-8841360.2,5422174.0139999995,6705830,2011,2011/09/27 04:00:00+00,1905,19,16 STORMONT AVE,,,Local,North York,8.0,53,43.719745,-79.42329000000001,Mid-Block,,No Control,Clear,Daylight,Dry,Non-Fatal Injury,Pedestrian Collisions,55 to 59,2,,1,0,1,0,0,0,0,0,0,0,0,0,0,39,Bedford Park-Nortown (39),7506
1267111,-8839979.838,5428614.573,6705833,2011,2011/11/27 05:00:00+00,312,3,YONGE ST,SHEPPARD AVE E,,Major Arterial,North York,18.0,32,43.761545,-79.41089000000001,Intersection,At Intersection,Traffic Signal,Clear,"Dark, artificial",Dry,Non-Fatal Injury,Turning Movement,unknown,2,,0,0,1,0,0,0,0,0,0,0,0,0,0,51,Willowdale East (51),7252
1267274,-8828447.139,5425701.897000001,6806195,2011,2011/12/02 05:00:00+00,1830,18,LAWRENCE AVE E,TOWNLEY AVE,,Major Arterial,Scarborough,21.0,41,43.742645,-79.30729000000001,Intersection,At Intersection,No Control,Clear,"Dusk, artificial",Dry,Fatal,Pedestrian Collisions,unknown,3,33.0,1,0,1,0,0,0,0,0,0,0,0,0,0,119,Wexford/Maryvale (119),7377
1267797,-8851779.704,5403463.346,6707421,2011,2011/09/30 04:00:00+00,1912,19,LAKE SHORE BLVD W,KIPLING AVE,,Major Arterial,Etobicoke York,3.0,22,43.598145,-79.51689,Intersection,At Intersection,Traffic Signal,Rain,Dark,Wet,Non-Fatal Injury,Pedestrian Collisions,40 to 44,2,,1,0,1,0,0,0,0,0,0,0,0,0,0,18,New Toronto (18),7513
1267808,-8837853.636,5410629.24,6707452,2011,2011/09/30 04:00:00+00,1515,15,WELLINGTON ST W,BLUE JAYS WAY,,Collector,Toronto and East York,10.0,52,43.644745,-79.39179,Intersection,,Traffic Signal,Clear,Daylight,Dry,Non-Fatal Injury,Pedestrian Collisions,50 to 54,2,,1,0,1,0,0,0,0,0,0,1,0,0,0,77,Waterfront Communities-The Island (77),7510
1267989,-8837230.247000001,5413290.954,6707932,2011,2011/10/03 04:00:00+00,1609,16,BAY ST,GRENVILLE ST,,Major Arterial,Toronto and East York,,52,43.662045,-79.38619,Mid-Block,,No Control,Clear,Daylight,Dry,Non-Fatal Injury,Cyclist Collisions,unknown,2,,0,1,1,0,0,0,0,0,0,0,0,0,0,76,Bay Street Corridor (76),7522
1267990,-8830617.868999999,5413583.328,6806251,2011,2011/10/03 04:00:00+00,1700,17,QUEEN ST E,HILTZ AVE,,Minor Arterial,Toronto and East York,14.0,55,43.663945,-79.32679,Mid-Block,,No Control,Clear,Daylight,Dry,Non-Fatal Injury,Rear End,unknown,2,,0,0,0,0,1,0,0,1,0,0,0,0,0,65,Greenwood-Coxwell (65),7526