ACCNUM,X,Y,Index_,YEAR,DATE,TIME,HOUR,STREET1,STREET2,OFFSET,ROAD_CLASS,District,WardNum,Division,LATITUDE,LONGITUDE,LOCCOORD,ACCLOC,TRAFFCTL,VISIBILITY,LIGHT,RDSFCOND,ACCLASS,IMPACTYPE,INVAGE,INJURY,FATAL_NO,PEDESTRIAN,CYCLIST,AUTOMOBILE,MOTORCYCLE,TRUCK,TRSN_CITY_VEH,EMERG_VEH,PASSENGER,SPEEDING,AG_DRIV,REDLIGHT,ALCOHOL,DISABILITY,Hood_ID,Neighbourhood,ObjectId
1298696,-8839300.788999999,5414352.777000001,7425313,2012,2012/04/19 04:00:00+00,2127,21,SPADINA RD,LOWTHER AVE,,Minor Arterial,Toronto and East York,11.0,53,43.668945,-79.40479,Intersection,At Intersection,Traffic Signal,Clear,"Dark, artificial",Dry,Non-Fatal Injury,Cyclist Collisions,45 to 49,2,,0,1,1,0,0,0,0,0,0,0,0,0,0,95,Annex (95),8694
1298747,-8827445.264,5425994.664,7425446,2012,2012/06/13 04:00:00+00,905,9,LAWRENCE AVE E,TOWER DR,,Major Arterial,Scarborough,21.0,41,43.744545,-79.29829000000001,Intersection,At Intersection,No Control,Clear,Daylight,Dry,Non-Fatal Injury,Turning Movement,unknown,2,,0,0,1,0,0,1,0,1,0,1,0,0,0,119,Wexford/Maryvale (119),8951
1298848,-8845846.375,5409383.267000001,7425661,2012,2012/04/20 04:00:00+00,149,1,LAKE SHORE BLVD W,ELLIS AVE,,Major Arterial,Toronto and East York,4.0,11,43.636645,-79.46359,Mid-Block,,No Control,Clear,"Dark, artificial",Dry,Non-Fatal Injury,SMV Other,unknown,2,,0,0,1,0,0,0,0,1,0,0,0,0,0,85,South Parkdale (85),8701
1298952,-8838566.081,5410859.994,7425921,2012,2012/06/14 04:00:00+00,738,7,ADELAIDE ST W,BRANT ST,,Major Arterial,Toronto and East York,10.0,14,43.646245,-79.39819,Intersection,At Intersection,Traffic Signal,Clear,Daylight,Dry,Fatal,Pedestrian Collisions,45 to 49,3,18.0,1,0,1,0,0,0,0,0,0,0,0,0,0,77,Waterfront Communities-The Island (77),8963
1298987,-8835048.385,5410906.145,7425995,2012,2012/06/14 04:00:00+00,1508,15,F G GARDINER XY  W,LOWER SHERBOURNE ST,,Major Arterial,Toronto and East York,10.0,51,43.646545,-79.36659,Mid-Block,,No Control,Clear,Daylight,Dry,Non-Fatal Injury,Sideswipe,unknown,2,,0,0,1,0,0,0,0,0,0,0,0,0,0,77,Waterfront Communities-The Island (77),8969
1299089,-8846391.841,5414876.038,7426247,2012,2012/04/21 04:00:00+00,250,2,ST CLAIR AVE W,KEELE ST,,Major Arterial,Etobicoke York,5.0,12,43.672345,-79.46849,Mid-Block,,No Control,Rain,"Dark, artificial",Wet,Non-Fatal Injury,SMV Other,unknown,2,,0,0,1,0,0,0,0,0,0,0,0,0,0,90,Junction Area (90),8704
1299440,-8834235.752999999,5413537.163,7427001,2012,2012/06/13 04:00:00+00,1111,11,GERRARD Stre E,RIVER Stre,,Minor Arterial,Toronto and East York,13.0,51,43.663645,-79.35929,Intersection,,Traffic Signal,Clear,Daylight,Dry,Non-Fatal Injury,Cyclist Collisions,unknown,2,,0,1,1,0,0,0,0,0,0,1,1,0,0,72,Regent Park (72),8953
1299771,-8837831.372000001,5416353.643999999,7427799,2012,2012/04/23 04:00:00+00,1530,15,YONGE ST,SHAFTESBURY AVE,,Major Arterial,Toronto and East York,,53,43.681945,-79.39159000000001,Intersection,At Intersection,Traffic Signal,Rain,Daylight,Wet,Non-Fatal Injury,Pedestrian Collisions,30 to 34,2,,1,1,0,0,0,0,0,0,0,0,0,0,0,98,Rosedale-Moore Park (98),8717
1299777,-8826332.069,5435506.946,7427817,2012,2012/06/19 04:00:00+00,1033,10,3300 MIDLAND AVE,,,Major Arterial,Scarborough,,42,43.806245000000004,-79.28829,Mid-Block,,No Control,Clear,Daylight,Dry,Non-Fatal Injury,Turning Movement,unknown,2,,0,0,1,1,0,0,0,0,1,1,0,0,0,129,Agincourt North (129),8987
1299888,-8825942.45,5418462.719,7428077,2012,2012/04/24 04:00:00+00,1835,18,ALBION AVE,PHARMACY AVE,,Minor Arterial,Scarborough,20.0,41,43.695645,-79.28479,Intersection,At Intersection,Stop Sign,Clear,Daylight,Wet,Non-Fatal Injury,Turning Movement,unknown,2,,0,0,1,0,0,0,0,0,0,1,0,0,0,121,Oakridge (121),8720
1300176,-8842974.332999999,5410429.257,7514498,2012,2012/06/21 04:00:00+00,2016,20,LANSDOWNE AVE,SEAFORTH AVE,,Minor Arterial,Toronto and East York,4.0,11,43.643445,-79.43779,Mid-Block,,No Control,Rain,"Dusk, artificial",Wet,Non-Fatal Injury,Pedestrian Collisions,unknown,2,,1,0,1,0,0,0,0,0,0,1,0,0,0,86,Roncesvalles (86),9000
1300266,-8835938.941,5412521.594,7428983,2012,2012/04/28 04:00:00+00,1352,13,JARVIS ST,DUNDAS ST E,,Major Arterial,Toronto and East York,13.0,51,43.657045000000004,-79.37459,Intersection,At Intersection,Traffic Signal,Clear,Daylight,Dry,Non-Fatal Injury,Pedestrian Collisions,35 to 39,2,,1,0,1,0,0,0,0,0,0,0,0,0,0,73,Moss Park (73),8724
1300277,-8827812.617999999,5422543.685,7429013,2012,2012/04/27 04:00:00+00,1644,16,1437 VICTORIA PARK AVE,,,Major Arterial,North York,,41,43.722145000000005,-79.30159,Mid-Block,At Intersection,No Control,Clear,Daylight,Dry,Non-Fatal Injury,Pedestrian Collisions,70 to 74,2,,1,0,1,0,0,0,0,0,0,1,0,0,0,120,Clairlea-Birchmount (120),8722
1300648,-8843731.305,5411290.75,7429738,2012,2012/04/29 04:00:00+00,1340,13,GEOFFREY ST,SORAUREN AVE,,Collector,Toronto and East York,4.0,11,43.649045,-79.44459,Intersection,,No Control,Clear,Daylight,Dry,Non-Fatal Injury,Pedestrian Collisions,unknown,2,,1,0,1,0,0,0,0,0,0,0,0,0,0,86,Roncesvalles (86),8729
1300655,-8833890.662,5424561.735,7429756,2012,2012/04/29 04:00:00+00,2115,21,LESLIE ST,LAWRENCE AVE E,,Major Arterial,North York,,33,43.735245,-79.35619,Mid-Block,,No Control,Clear,Dark,Dry,Non-Fatal Injury,Turning Movement,45 to 49,2,,0,0,1,0,0,0,0,0,0,1,0,1,0,42,Banbury-Don Mills (42),8731
1300673,-8857156.324,5412167.863,7429803,2012,2012/06/25 04:00:00+00,1210,12,RATHBURN RD,THE EAST MALL,,Minor Arterial,Etobicoke York,2.0,22,43.654746,-79.565189,Mid-Block,At Intersection,No Control,Clear,Daylight,Dry,Non-Fatal Injury,Cyclist Collisions,80 to 84,2,,0,1,1,0,0,0,0,0,0,0,0,0,0,11,Eringate-Centennial-West Deane (11),8434
1300682,-8836428.746,5415753.3379999995,7429829,2012,2012/06/25 04:00:00+00,1026,10,CRESCENT RD,MOUNT PLEASANT RD,,Collector,Toronto and East York,11.0,53,43.678045000000004,-79.37899,Mid-Block,,No Control,Clear,Daylight,Dry,Non-Fatal Injury,SMV Unattended Vehicle,unknown,2,,0,0,1,0,0,0,0,0,0,0,0,0,0,98,Rosedale-Moore Park (98),8432
1300754,-8843664.513,5416076.575,7542094,2012,2012/04/30 04:00:00+00,1530,15,DUFFERIN ST,ASCOT AVE,,Major Arterial,Toronto and East York,9.0,13,43.680145,-79.44399,Intersection,At Intersection,Traffic Signal,Rain,Daylight,Wet,Non-Fatal Injury,Pedestrian Collisions,unknown,2,,1,0,1,0,0,0,0,0,0,1,0,0,0,92,Corso Italia-Davenport (92),8734
1301011,-8828358.082999999,5421219.097999999,7430635,2012,2012/05/01 04:00:00+00,845,8,O CONNOR Dr,BERMONDSEY RD,,Major Arterial,Toronto and East York,19.0,54,43.713545,-79.30649,Mid-Block,,No Control,Clear,Daylight,Dry,Non-Fatal Injury,Cyclist Collisions,unknown,2,,0,1,1,0,0,0,0,0,0,0,0,0,0,54,O'Connor-Parkview (54),8735
1301166,-8838276.65,5410936.913,7431040,2012,2012/05/02 04:00:00+00,1745,17,ADELAIDE St W,SPADINA Ave,,Major Arterial,Toronto and East York,10.0,52,43.646745,-79.39559,Intersection,,Traffic Signal,Clear,Daylight,Dry,Non-Fatal Injury,Cyclist Collisions,45 to 49,2,,0,1,1,0,0,0,0,0,0,1,0,0,0,77,Waterfront Communities-The Island (77),8337
1301330,-8835983.469,5411398.443,7431444,2012,2012/05/03 04:00:00+00,1200,12,95 KING ST E,,,Major Arterial,Toronto and East York,13.0,51,43.649745,-79.37499,Mid-Block,,No Control,Clear,Daylight,Dry,Non-Fatal Injury,Cyclist Collisions,40 to 44,2,,0,1,1,0,0,0,0,0,0,0,0,0,0,75,Church-Yonge Corridor (75),8339
1301352,-8833523.308,5417215.688999999,7431495,2012,2012/05/04 04:00:00+00,1200,12,LOGAN AVE,GOWAN AVE,,Local,Toronto and East York,14.0,54,43.687545,-79.35289,Intersection,,No Control,Clear,Daylight,Dry,Non-Fatal Injury,Pedestrian Collisions,60 to 64,2,,1,0,1,0,0,0,0,0,0,0,0,0,0,57,Broadview North (57),8341
1301426,-8830695.793,5411213.828,7431669,2012,2012/05/04 04:00:00+00,2310,23,475 UNWIN AVE,,,Other,Toronto and East York,14.0,55,43.648545,-79.32749,Mid-Block,,No Control,Clear,Dark,Dry,Non-Fatal Injury,SMV Other,unknown,2,,0,0,1,0,0,0,0,1,1,1,0,0,0,70,South Riverdale (70),8344
1301507,-8841026.241,5412198.481000001,7431860,2012,2012/05/05 04:00:00+00,1610,16,COLLEGE St,SHAW St,,Major Arterial,Toronto and East York,11.0,14,43.654945,-79.42029000000001,Intersection,At Intersection,Stop Sign,Clear,Daylight,Dry,Non-Fatal Injury,Cyclist Collisions,unknown,2,,0,1,1,0,0,0,0,0,0,1,0,0,0,80,Palmerston-Little Italy (80),8351
1301520,-8843041.124,5418863.036,7431898,2012,2012/05/05 04:00:00+00,1731,17,EGLINTON AVE W,ATLAS AVE,,Major Arterial,North York,,13,43.698245,-79.43839,Intersection,,No Control,Clear,Daylight,Dry,Non-Fatal Injury,Rear End,75 to 79,2,,0,0,1,0,0,0,0,1,0,1,0,0,0,107,Oakwood Village (107),8355
1301640,-8843709.264,5416245.586,7542116,2012,2012/06/29 04:00:00+00,1030,10,DUFFERIN ST,CLOVERLAWN AVE,,Major Arterial,Toronto and East York,9.0,13,43.681243,-79.44439200000001,Intersection,,No Control,Clear,Daylight,Dry,Non-Fatal Injury,Pedestrian Collisions,unknown,2,,1,0,0,0,0,1,0,0,0,0,0,0,0,92,Corso Italia-Davenport (92),8443
1301786,-8860106.402,5424792.837,7432502,2012,2012/07/01 04:00:00+00,1940,19,MARTIN GROVE RD,FINCH AVE W,,Major Arterial,Etobicoke York,1.0,23,43.736745,-79.59169,Intersection,At Intersection,Traffic Signal,Clear,Daylight,Dry,Non-Fatal Injury,Pedestrian Collisions,65 to 69,2,,1,0,1,0,0,0,0,0,0,1,0,0,0,2,Mount Olive-Silverstone-Jamestown (2),8448
1301789,-8859115.659,5425778.94,7432508,2012,2012/07/02 04:00:00+00,1815,18,FINCH AVE W,KIPLING AVE,,Major Arterial,Etobicoke York,1.0,23,43.743145,-79.58279,Mid-Block,,No Control,Clear,Daylight,Dry,Non-Fatal Injury,SMV Other,25 to 29,2,,0,0,0,1,0,0,0,0,1,1,0,0,0,2,Mount Olive-Silverstone-Jamestown (2),8449
1301842,-8813808.626,5429816.897999999,7432642,2012,2012/05/06 04:00:00+00,2100,21,MANSE Rd,MANSEWOOD Gard,,Collector,Scarborough,25.0,43,43.769345,-79.17579,Intersection,,No Control,Clear,"Dusk, artificial",Dry,Non-Fatal Injury,Sideswipe,75 to 79,2,,0,0,1,0,0,0,0,1,0,0,0,0,0,136,West Hill (136),8359
1301849,-8829371.091,5419555.932999999,7432661,2012,2012/05/07 04:00:00+00,1510,15,O CONNOR DR,GLENWOOD CRES,,Major Arterial,Toronto and East York,19.0,54,43.702745,-79.31559,Intersection,At Intersection,Traffic Signal,Clear,Daylight,Dry,Non-Fatal Injury,SMV Other,unknown,2,,0,0,1,0,0,0,0,0,1,1,0,0,1,54,O'Connor-Parkview (54),8367
1301986,-8837541.941,5412413.887999999,7645162,2012,2012/06/28 04:00:00+00,155,1,UNIVERSITY AVE,ELM ST,,Major Arterial,Toronto and East York,11.0,52,43.656345,-79.38899,Intersection,At Intersection,Traffic Signal,Clear,"Dark, artificial",Dry,Non-Fatal Injury,Cyclist Collisions,50 to 54,2,,0,1,1,0,0,0,0,0,0,0,0,0,0,76,Bay Street Corridor (76),8440
1302089,-8837964.955,5411013.833,7433287,2012,2012/05/10 04:00:00+00,1810,18,PETER ST,ADELAIDE ST W,,Major Arterial,Toronto and East York,10.0,52,43.647245,-79.39279,Intersection,,No Control,Clear,Dusk,Dry,Non-Fatal Injury,Cyclist Collisions,45 to 49,2,,0,1,1,0,0,0,0,0,0,0,0,0,0,77,Waterfront Communities-The Island (77),8382
1302130,-8840258.137,5411567.676,7433406,2012,2012/05/10 04:00:00+00,1015,10,DUNDAS ST W,GORE VALE AVE,,Major Arterial,Toronto and East York,,14,43.650845000000004,-79.41339,Intersection,,No Control,Clear,Daylight,Dry,Non-Fatal Injury,Cyclist Collisions,unknown,2,,0,1,1,0,0,0,0,0,0,1,0,0,0,81,Trinity-Bellwoods (81),8380
1302144,-8838421.365,5410675.39,7433445,2012,2012/05/09 04:00:00+00,8,8,KING ST W,BRANT ST,,Major Arterial,Toronto and East York,10.0,14,43.645045,-79.39689,Mid-Block,,No Control,Clear,"Dark, artificial",Dry,Non-Fatal Injury,Sideswipe,unknown,2,,0,0,1,1,0,0,0,0,0,0,0,0,0,77,Waterfront Communities-The Island (77),8372
1302226,-8830718.057,5428475.852999999,7433629,2012,2012/06/22 04:00:00+00,1940,19,YORK MILLS RD,FENSIDE DR,,Major Arterial,North York,16.0,33,43.760645000000004,-79.32769,Intersection,At Intersection,Traffic Signal,Clear,Daylight,Dry,Non-Fatal Injury,Pedestrian Collisions,50 to 54,2,,1,0,1,0,0,0,0,0,0,1,0,0,0,45,Parkwoods-Donalda (45),8111
1302395,-8844028.639,5424458.665,7434000,2012,2012/06/27 04:00:00+00,1910,19,TIPPET RD,WILSON AVE,,Major Arterial,North York,6.0,32,43.734576000000004,-79.447261,Intersection,At Intersection,Traffic Signal,Clear,Daylight,Dry,Non-Fatal Injury,Cyclist Collisions,60 to 64,2,,0,1,1,0,0,0,0,0,0,0,0,0,0,33,Clanton Park (33),8438
1302410,-8821790.233,5438129.56,7527529,2012,2012/07/06 04:00:00+00,2212,22,MARKHAM Rd,MCNICOLL Ave,,Major Arterial,Scarborough,23.0,42,43.823245,-79.24749,Mid-Block,,No Control,Clear,"Dark, artificial",Dry,Non-Fatal Injury,SMV Other,20 to 24,2,,0,0,1,0,0,0,0,1,1,1,0,0,0,131,Rouge (131),8474
1302631,-8845078.271,5427088.771000001,7527537,2012,2012/07/08 04:00:00+00,1855,18,SHEPPARD AVE W,WILSON HEIGHTS BLVD,,Major Arterial,North York,6.0,32,43.751645,-79.45669000000001,Intersection,At Intersection,Traffic Signal,Clear,Daylight,Dry,Fatal,Pedestrian Collisions,25 to 29,3,19.0,1,0,1,0,0,0,0,0,0,1,0,0,0,33,Clanton Park (33),8486
1302753,-8848896.529,5428907.432,7514534,2012,2012/07/09 04:00:00+00,323,3,KEELE ST,FINCH AVE W,,Major Arterial,Etobicoke York,,31,43.763445000000004,-79.49099,Intersection,At Intersection,Traffic Signal,Clear,"Dark, artificial",Dry,Non-Fatal Injury,SMV Other,25 to 29,2,,0,0,1,0,0,0,0,0,0,0,0,0,0,27,York University Heights (27),8487
1302903,-8839178.338,5411090.754,7435184,2012,2012/07/09 04:00:00+00,907,9,ACE LANE,WOLSELEY ST,,Local,Toronto and East York,10.0,14,43.647745,-79.40369,Mid-Block,At Intersection,No Control,Clear,Daylight,Dry,Fatal,SMV Other,85 to 89,3,20.0,0,0,1,0,0,0,0,1,0,0,0,0,0,78,Kensington-Chinatown (78),8489
1303045,-8828847.889,5432299.116,7435505,2012,2012/05/14 04:00:00+00,1936,19,WARDEN AVE,HUNTINGWOOD DR,,Major Arterial,Scarborough,22.0,42,43.785445,-79.31089,Intersection,At Intersection,Traffic Signal,Clear,Dusk,Dry,Non-Fatal Injury,Turning Movement,unknown,2,,0,0,1,1,0,0,0,0,1,1,0,0,0,118,Tam O'Shanter-Sullivan (118),8391
1303894,-8833779.343,5412613.914,7437524,2012,2012/05/23 04:00:00+00,1835,18,QUEEN ST E,OLD BREWERY  LANE,,Major Arterial,Toronto and East York,13.0,51,43.657645,-79.35519000000001,Mid-Block,At Intersection,No Control,Clear,Daylight,Dry,Non-Fatal Injury,Turning Movement,unknown,2,,0,0,1,0,0,0,0,0,0,1,0,0,0,73,Moss Park (73),8404
1303942,-8843753.569,5416199.715,7437668,2012,2012/05/21 04:00:00+00,640,6,GOODWOOD AVE,SELLERS AVE,,Local,Toronto and East York,9.0,13,43.680945,-79.44479,Mid-Block,,No Control,Clear,Daylight,Dry,Non-Fatal Injury,Cyclist Collisions,unknown,2,,0,1,1,0,0,0,0,0,0,0,0,0,0,92,Corso Italia-Davenport (92),8401
1304055,-8821957.213,5424746.616,7527566,2012,2012/07/13 04:00:00+00,2151,21,EGLINTON AVE E,BRIMLEY RD,,Major Arterial,Scarborough,,41,43.736445,-79.24899,Mid-Block,,No Control,Clear,"Dark, artificial",Dry,Fatal,Pedestrian Collisions,45 to 49,3,21.0,1,0,1,0,0,0,0,0,0,0,0,0,0,124,Kennedy Park (124),8506
1304249,-8841783.214,5420356.679,7438359,2012,2012/05/26 04:00:00+00,1044,10,BATHURST St,BRIAR HILL Ave,,Major Arterial,North York,8.0,53,43.707945,-79.42709,Intersection,At Intersection,Traffic Signal,Clear,Daylight,Dry,Non-Fatal Injury,Rear End,50 to 54,2,,0,0,1,1,0,0,0,0,0,0,0,0,0,102,Forest Hill North (102),8410
1304471,-8852725.92,5419602.128,7438896,2012,2012/05/24 04:00:00+00,1905,19,CHURCH ST,WESTON RD,,Minor Arterial,Etobicoke York,5.0,12,43.703045,-79.52539,Intersection,At Intersection,Traffic Signal,Clear,Daylight,Dry,Non-Fatal Injury,Cyclist Collisions,60 to 64,2,,0,1,1,0,0,0,0,0,0,0,0,0,0,113,Weston (113),8408
1304816,-8827701.298,5422174.0139999995,7439775,2012,2012/05/30 04:00:00+00,900,9,VICTORIA PARK AVE,SUNRISE AVE,,Major Arterial,North York,,41,43.719745,-79.30059,Intersection,At Intersection,Traffic Signal,Clear,Daylight,Dry,Non-Fatal Injury,Pedestrian Collisions,75 to 79,2,,1,0,1,0,0,0,0,0,0,1,0,0,0,120,Clairlea-Birchmount (120),8418
1304929,-8836117.052000001,5417739.113,7440056,2012,2012/05/29 04:00:00+00,1836,18,HUDSON DR,INGLEWOOD DR E,,Local,Toronto and East York,11.0,53,43.690945,-79.37619000000001,Mid-Block,,No Control,Clear,Daylight,Dry,Non-Fatal Injury,SMV Unattended Vehicle,unknown,2,,0,0,1,0,0,0,0,0,1,1,0,0,0,98,Rosedale-Moore Park (98),8416
1304934,-8834502.919,5414552.844,7440070,2012,2012/05/24 04:00:00+00,1427,14,ROSEDALE VALLEY RD,BAYVIEW S ROSEDALE VL RAMP,,Minor Arterial,Toronto and East York,,51,43.670245,-79.36169,Intersection,At Intersection,No Control,Clear,Daylight,Dry,Non-Fatal Injury,Cyclist Collisions,60 to 64,2,,0,1,1,0,0,0,0,0,0,0,0,0,0,71,Cabbagetown-South St.James Town (71),8406
1304939,-8839979.838,5411644.601,7440082,2012,2012/05/30 04:00:00+00,1315,13,DUNDAS ST W,MANNING AVE,,Major Arterial,Toronto and East York,,14,43.651345,-79.41089000000001,Intersection,At Intersection,Traffic Signal,Clear,Daylight,Dry,Non-Fatal Injury,Cyclist Collisions,40 to 44,2,,0,1,1,0,0,0,0,0,0,0,0,0,0,81,Trinity-Bellwoods (81),8420
1305179,-8812294.681,5432807.976,7440702,2012,2012/06/03 04:00:00+00,1915,19,KINGSTON RD,MEADOWVALE RD,,Minor Arterial,Scarborough,25.0,43,43.788745,-79.16219,Intersection,At Intersection,No Control,Clear,Daylight,Dry,Non-Fatal Injury,Turning Movement,40 to 44,2,,0,0,1,1,0,0,0,0,0,0,0,0,1,133,Centennial Scarborough (133),8772
1305187,-8839345.317,5412536.98,7527604,2012,2012/06/03 04:00:00+00,1720,17,COLLEGE ST,BORDEN ST,,Major Arterial,Toronto and East York,11.0,14,43.657145,-79.40519,Intersection,At Intersection,No Control,Clear,Daylight,Dry,Non-Fatal Injury,Cyclist Collisions,25 to 29,2,,0,1,0,0,0,0,0,0,0,0,0,0,0,79,University (79),8561
1305265,-8830016.743999999,5419047.802999999,7440929,2012,2012/06/04 04:00:00+00,1739,17,O CONNOR DR,WOODMOUNT AVE,,Major Arterial,Toronto and East York,19.0,54,43.699445000000004,-79.32139000000001,Intersection,,No Control,Rain,Daylight,Wet,Non-Fatal Injury,Other,55 to 59,2,,0,1,1,0,0,0,0,0,0,0,0,0,0,58,Old East York (58),8909
1305291,-8834180.093,5423236.857999999,7441007,2012,2012/06/02 04:00:00+00,1218,12,32 SUNCREST DR,,,Local,North York,15.0,33,43.726645,-79.35879,Mid-Block,,No Control,Clear,Daylight,Dry,Non-Fatal Injury,Cyclist Collisions,70 to 74,2,,0,1,1,0,0,0,0,0,0,0,0,0,0,41,Bridle Path-Sunnybrook-York Mills (41),8360
1305359,-8842707.166000001,5412952.427999999,7441191,2012,2012/06/05 04:00:00+00,1725,17,BLOOR ST W,DUFFERIN ST,,Major Arterial,Toronto and East York,9.0,14,43.659845000000004,-79.43539,Intersection,,Traffic Signal,Clear,Daylight,Dry,Non-Fatal Injury,Cyclist Collisions,unknown,2,,0,1,1,0,0,0,0,1,0,0,0,0,0,83,Dufferin Grove (83),8917
1305383,-8842707.166000001,5412952.427999999,7441256,2012,2012/06/05 04:00:00+00,2045,20,DUFFERIN ST,BLOOR ST W,,Major Arterial,Toronto and East York,9.0,14,43.659845000000004,-79.43539,Intersection,At Intersection,Traffic Signal,Clear,Dusk,Dry,Non-Fatal Injury,Cyclist Collisions,30 to 34,2,,0,1,1,0,0,0,0,1,0,0,0,0,0,83,Dufferin Grove (83),8925
1305388,-8840670.019,5410967.681,7441270,2012,2012/06/04 04:00:00+00,1000,10,LOBB AVE,SHAW ST,,Collector,Toronto and East York,10.0,14,43.646945,-79.41709,Intersection,At Intersection,Traffic Signal,Clear,Daylight,Dry,Non-Fatal Injury,Cyclist Collisions,50 to 54,2,,0,1,1,0,0,0,0,0,0,1,0,0,0,81,Trinity-Bellwoods (81),8908
1305406,-8838062.36,5411326.75,7441312,2012,2012/06/05 04:00:00+00,1807,18,QUEEN ST W,PETER ST,,Major Arterial,Toronto and East York,10.0,52,43.649279,-79.393665,Intersection,Intersection Related,Streetcar (Stop for),Clear,Daylight,Dry,Non-Fatal Injury,Pedestrian Collisions,unknown,2,,1,1,0,0,0,0,0,0,0,0,0,0,0,77,Waterfront Communities-The Island (77),8921
1305424,-8836139.316,5414706.745,7441351,2012,2012/06/05 04:00:00+00,647,6,SHERBOURNE ST,HOWARD ST,,Minor Arterial,Toronto and East York,13.0,51,43.671245,-79.37639,Intersection,At Intersection,Traffic Signal,Clear,Daylight,Dry,Non-Fatal Injury,Other,unknown,2,,0,0,0,0,0,1,0,1,0,0,0,0,0,74,North St.James Town (74),8912
1305650,-8844399.222000001,5413137.0770000005,7441867,2012,2012/06/07 04:00:00+00,2000,20,WALLACE AVE,PERTH AVE,,Local,Toronto and East York,9.0,11,43.661045,-79.45059,Intersection,At Intersection,Stop Sign,Clear,"Dark, artificial",Dry,Non-Fatal Injury,Cyclist Collisions,unknown,2,,0,1,1,0,0,0,0,0,0,1,0,0,0,93,Dovercourt-Wallace Emerson-Junction (93),8932
1305685,-8836862.892,5413090.914,7441960,2012,2012/06/06 04:00:00+00,2231,22,YONGE ST,CARLTON ST,,Major Arterial,Toronto and East York,,51,43.660745,-79.38289,Mid-Block,,No Control,Clear,"Dark, artificial",Dry,Non-Fatal Injury,Pedestrian Collisions,60 to 64,2,,1,0,1,0,0,0,0,0,0,0,0,0,0,75,Church-Yonge Corridor (75),8927
1305695,-8834848.01,5412429.275,7441986,2012,2012/06/07 04:00:00+00,930,9,PARLIAMENT ST,QUEEN ST E,,Minor Arterial,Toronto and East York,13.0,51,43.656445,-79.36479,Mid-Block,,No Control,Clear,Daylight,Dry,Non-Fatal Injury,Other,unknown,2,,0,0,0,0,0,1,0,1,0,0,0,0,0,72,Regent Park (72),8930
1305919,-8840302.665,5413675.658,7442505,2012,2012/06/10 04:00:00+00,1916,19,BLOOR Stre W,PALMERSTON Boul,,Major Arterial,Toronto and East York,11.0,14,43.664545000000004,-79.41379,Intersection,,Traffic Signal,Clear,Daylight,Dry,Non-Fatal Injury,Cyclist Collisions,50 to 54,2,,0,1,1,0,0,0,0,0,0,0,0,0,0,80,Palmerston-Little Italy (80),8942
1305957,-8857501.526,5412598.527000001,7442606,2012,2012/07/12 04:00:00+00,2235,22,THE EAST MALL,WEST DEANE PARK Dr,,Minor Arterial,Etobicoke York,2.0,22,43.657545,-79.56829,Mid-Block,At Intersection,No Control,Clear,"Dark, artificial",Dry,Non-Fatal Injury,SMV Other,25 to 29,2,,0,0,0,1,0,0,0,0,1,1,0,0,0,11,Eringate-Centennial-West Deane (11),8497
1306017,-8835716.302000001,5413290.954,7442758,2012,2012/07/23 04:00:00+00,208,2,SHERBOURNE ST,GERRARD ST E,,Minor Arterial,Toronto and East York,13.0,51,43.662045,-79.37259,Mid-Block,,No Control,Clear,Dark,Dry,Non-Fatal Injury,Pedestrian Collisions,65 to 69,2,,1,0,1,0,0,0,0,0,0,0,0,0,0,73,Moss Park (73),8629
1306296,-8833523.308,5413921.877,7443465,2012,2012/06/13 04:00:00+00,1752,17,DON JAIL Road,BROADVIEW Aven,,Minor Arterial,Toronto and East York,14.0,55,43.666145,-79.35289,Intersection,At Intersection,No Control,Clear,Daylight,Dry,Non-Fatal Injury,Cyclist Collisions,60 to 64,2,,0,1,1,0,0,0,0,0,0,1,0,0,0,68,North Riverdale (68),8958
1306426,-8854150.809,5424330.637999999,7443771,2012,2012/06/13 04:00:00+00,1239,12,WESTON RD,SHEPPARD AVE W,,Major Arterial,Etobicoke York,7.0,31,43.733745,-79.53819,Intersection,At Intersection,Traffic Signal,Clear,Daylight,Dry,Non-Fatal Injury,Pedestrian Collisions,unknown,2,,1,0,1,0,0,0,0,0,0,1,0,0,0,22,Humbermede (22),8956
1306447,-8838243.254,5414737.525,7542172,2012,2012/06/14 04:00:00+00,1243,12,AVENUE RD,ELGIN AVE,,Major Arterial,Toronto and East York,11.0,53,43.671445,-79.39529,Mid-Block,,No Control,Clear,Daylight,Dry,Non-Fatal Injury,Pedestrian Collisions,60 to 64,2,,1,0,1,0,0,0,0,0,0,0,0,0,0,95,Annex (95),8965
1306461,-8857067.38,5426426.127,7514657,2012,2012/07/24 04:00:00+00,740,7,FINCH AVE W,MILADY RD,,Major Arterial,Etobicoke York,7.0,31,43.747345,-79.56439,Intersection,,No Control,Clear,Daylight,Dry,Non-Fatal Injury,Pedestrian Collisions,30 to 34,2,,1,0,1,0,0,0,0,0,0,0,0,0,0,21,Humber Summit (21),8634
1306648,-8832621.62,5415891.867000001,7444320,2012,2012/06/18 04:00:00+00,1440,14,DANFORTH AVE,PAPE AVE,,Major Arterial,Toronto and East York,14.0,54,43.678945,-79.34479,Intersection,At Intersection,Traffic Signal,Clear,Daylight,Dry,Non-Fatal Injury,Pedestrian Collisions,40 to 44,2,,1,0,1,0,0,0,0,0,0,1,1,0,0,69,Blake-Jones (69),8984
1306710,-8843163.576,5414445.115,7444494,2012,2012/06/16 04:00:00+00,1623,16,DUFFERIN ST,GEARY AVE,,Major Arterial,Toronto and East York,9.0,13,43.669545,-79.43949,Intersection,,No Control,Clear,Daylight,Dry,Non-Fatal Injury,Turning Movement,unknown,2,,0,0,1,1,0,0,0,1,0,1,0,0,0,93,Dovercourt-Wallace Emerson-Junction (93),8973