ACCNUM,X,Y,Index_,YEAR,DATE,TIME,HOUR,STREET1,STREET2,OFFSET,ROAD_CLASS,District,WardNum,Division,LATITUDE,LONGITUDE,LOCCOORD,ACCLOC,TRAFFCTL,VISIBILITY,LIGHT,RDSFCOND,ACCLASS,IMPACTYPE,INVAGE,INJURY,FATAL_NO,PEDESTRIAN,CYCLIST,AUTOMOBILE,MOTORCYCLE,TRUCK,TRSN_CITY_VEH,EMERG_VEH,PASSENGER,SPEEDING,AG_DRIV,REDLIGHT,ALCOHOL,DISABILITY,Hood_ID,Neighbourhood,ObjectId
1333335,-8822246.643,5430356.453,7645391,2012,2012/12/31 05:00:00+00,1827,18,MCCOWAN RD,ELLESMERE RD,,Major Arterial,Scarborough,,43,43.772845000000004,-79.25159000000001,Mid-Block,,No Control,Clear,"Dark, artificial",Wet,Non-Fatal Injury,Pedestrian Collisions,70 to 74,2,,1,0,1,0,0,0,0,0,0,0,0,0,0,137,Woburn (137),9206
1333336,-8843675.534,5415707.1620000005,7645393,2012,2012/12/31 05:00:00+00,1414,14,ST CLAIR AVE W,DUFFERIN ST,,Major Arterial,Toronto and East York,9.0,13,43.677745,-79.444089,Mid-Block,,No Control,Clear,"Dark, artificial",Dry,Non-Fatal Injury,Pedestrian Collisions,45 to 49,2,,1,0,0,0,0,1,0,0,0,0,0,0,0,92,Corso Italia-Davenport (92),9204
1333337,-8829753.585,5419156.0479999995,7518744,2012,2012/12/31 05:00:00+00,1915,19,WOODBINE AVE,O CONNOR DR,,Major Arterial,Toronto and East York,19.0,54,43.700148,-79.31902600000001,Intersection,,No Control,Clear,"Dark, artificial",Wet,Non-Fatal Injury,Pedestrian Collisions,unknown,2,,1,0,1,0,0,0,0,0,0,0,0,0,0,60,Woodbine-Lumsden (60),9209
1333463,-8837078.852,5414615.018999999,7663052,2012,2012/11/16 05:00:00+00,2240,22,BLOOR ST E,PARK RD,,Major Arterial,Toronto and East York,11.0,53,43.670649,-79.38483000000001,Mid-Block,,No Control,Clear,Dark,Dry,Non-Fatal Injury,Turning Movement,unknown,2,,0,0,1,0,0,0,0,1,0,1,0,0,0,75,Church-Yonge Corridor (75),8590
1333725,-8820276.287999999,5431728.609,7530469,2012,2012/12/19 05:00:00+00,2005,20,MARKHAM RD,PROGRESS AVE,,Major Arterial,Scarborough,24.0,43,43.781745,-79.23389,Intersection,At Intersection,Traffic Signal,Clear,"Dark, artificial",Dry,Non-Fatal Injury,Turning Movement,unknown,2,,0,0,1,0,0,0,0,1,0,1,0,0,0,137,Woburn (137),9179
1334350,-8833078.03,5412459.893999999,7645403,2012,2012/11/20 05:00:00+00,335,3,EASTERN AVE DIVERSION Aven,BROADVIEW AVE,,Major Arterial,Toronto and East York,14.0,55,43.656644,-79.34889,Intersection,,Traffic Signal,Clear,"Dark, artificial",Dry,Non-Fatal Injury,SMV Other,unknown,2,,0,0,1,0,0,0,0,0,0,0,0,0,0,70,South Riverdale (70),8597
1334701,-8854729.671,5430063.5479999995,7773873,2013,2013/01/09 05:00:00+00,655,6,STEELES AVE W,SIGNET DR,,Major Arterial,Etobicoke York,7.0,31,43.770945000000005,-79.54339,Intersection,At Intersection,Traffic Signal,Clear,"Dusk, artificial",Wet,Non-Fatal Injury,Pedestrian Collisions,unknown,2,,1,0,0,0,0,1,0,0,0,1,0,0,0,21,Humber Summit (21),9232
1334928,-8818183.593,5437434.958,7774166,2013,2013/01/10 05:00:00+00,1851,18,MORNINGSIDE AVE,OLD FINCH AVE,,Minor Arterial,Scarborough,25.0,42,43.818743,-79.215091,Intersection,At Intersection,Traffic Signal,Clear,Dark,Dry,Fatal,Turning Movement,unknown,3,1.0,0,0,1,0,0,1,0,0,1,1,1,0,0,131,Rouge (131),9235
1335099,-8848595.967,5428999.916,7774519,2013,2013/01/12 05:00:00+00,757,7,FINCH AVE W,TANGIERS RD,,Major Arterial,North York,6.0,31,43.764045,-79.48829,Intersection,At Intersection,Traffic Signal,Clear,Daylight,Wet,Non-Fatal Injury,Angle,unknown,2,,0,0,1,0,1,0,0,0,0,1,0,0,0,27,York University Heights (27),9240
1335409,-8851659.591,5405604.842999999,7522950,2012,2012/11/25 05:00:00+00,149,1,HORNER AVE,JUDSON ST,,Minor Arterial,Etobicoke York,3.0,22,43.612075,-79.515811,Intersection,At Intersection,Stop Sign,Clear,Dark,Dry,Non-Fatal Injury,SMV Other,unknown,2,,0,0,1,0,0,0,0,0,0,0,0,1,0,17,Mimico (includes Humber Bay Shores) (17),8612
1335478,-8836851.761,5411690.756,7523090,2012,2012/11/26 05:00:00+00,1405,14,QUEEN ST W,BAY ST,,Major Arterial,Toronto and East York,10.0,52,43.651645,-79.38279,Mid-Block,,No Control,Clear,Daylight,Dry,Non-Fatal Injury,Cyclist Collisions,45 to 49,2,,0,1,1,0,0,0,0,0,0,0,0,0,0,76,Bay Street Corridor (76),8619
1335535,-8837820.24,5420387.477999999,7523224,2012,2012/11/24 05:00:00+00,1305,13,EGLINTON AVE E,BROWNLOW AVE,,Major Arterial,Toronto and East York,12.0,53,43.708145,-79.39149,Intersection,At Intersection,Stop Sign,Clear,Daylight,Dry,Non-Fatal Injury,Pedestrian Collisions,unknown,2,,1,0,1,0,0,0,0,0,0,1,0,0,0,104,Mount Pleasant West (104),8606
1335553,-8837731.072999999,5416030.089,7775217,2013,2013/01/15 05:00:00+00,1438,14,YONGE ST,MARLBOROUGH AVE,,Major Arterial,Toronto and East York,11.0,53,43.679843,-79.390689,Intersection,At Intersection,Stop Sign,Clear,Daylight,Dry,Fatal,Pedestrian Collisions,unknown,3,3.0,1,0,1,0,0,0,0,1,0,0,0,0,0,98,Rosedale-Moore Park (98),9248
1335937,-8826710.555,5438746.754,7775675,2013,2013/01/07 05:00:00+00,925,9,STEELES AVE E,ASHCOTT ST,,Major Arterial,Scarborough,23.0,42,43.827245,-79.29169,Intersection,At Intersection,Traffic Signal,Clear,Daylight,Dry,Non-Fatal Injury,Pedestrian Collisions,55 to 59,2,,1,0,1,0,0,0,0,0,0,1,0,0,0,130,Milliken (130),9222
1336008,-8849531.273,5405631.135,7524236,2012,2012/11/29 05:00:00+00,1830,18,ROYAL YORK RD,MIMICO AVE,,Minor Arterial,Etobicoke York,3.0,22,43.612246,-79.49669200000001,Intersection,At Intersection,Traffic Signal,Clear,"Dark, artificial",Dry,Non-Fatal Injury,Pedestrian Collisions,20 to 24,2,,1,0,1,0,0,0,0,0,0,0,0,0,0,17,Mimico (includes Humber Bay Shores) (17),9909
1336042,-8841649.631000001,5419648.323,7775832,2013,2013/01/18 05:00:00+00,1031,10,BATHURST ST,VESTA DR,,Major Arterial,North York,8.0,53,43.703345,-79.42589,Intersection,,Traffic Signal,Clear,Daylight,Dry,Non-Fatal Injury,Pedestrian Collisions,unknown,2,,1,0,1,0,0,0,0,0,0,1,0,0,0,102,Forest Hill North (102),9163
1336078,-8825875.659,5422143.208,7775930,2013,2013/01/18 05:00:00+00,1529,15,WARDEN AVE,HYMUS RD,,Major Arterial,Scarborough,20.0,41,43.719545000000004,-79.28419,Intersection,,No Control,Clear,Daylight,Dry,Non-Fatal Injury,Approaching,unknown,2,,0,0,1,0,0,0,0,1,0,1,0,0,0,120,Clairlea-Birchmount (120),9634
1336399,-8832120.682,5420402.878,7531193,2012,2012/12/01 05:00:00+00,2027,20,OVERLEA BLVD,WILLIAM MORGAN DR,,Major Arterial,North York,15.0,53,43.708245,-79.34029,Mid-Block,,No Control,Clear,Dark,Dry,Non-Fatal Injury,Pedestrian Collisions,70 to 74,2,,1,0,1,0,0,0,0,0,0,0,0,0,0,55,Thorncliffe Park (55),9914
1336620,-8828725.438,5425624.855,7531315,2012,2012/12/03 05:00:00+00,650,6,VICTORIA PARK AVE,LAWRENCE AVE E,,Major Arterial,North York,,41,43.742145,-79.30979,Intersection,At Intersection,Traffic Signal,Clear,"Dawn, artificial",Dry,Non-Fatal Injury,Pedestrian Collisions,40 to 44,2,,1,0,1,0,0,0,0,0,0,0,0,0,0,119,Wexford/Maryvale (119),9937
1336921,-8825485.929,5423652.941000001,7777325,2013,2013/01/23 05:00:00+00,1556,15,EGLINTON AVE E,SINNOTT RD,,Major Arterial,Scarborough,,41,43.729346,-79.280689,Intersection,At Intersection,Traffic Signal,Clear,Daylight,Dry,Fatal,Pedestrian Collisions,unknown,3,2.0,1,0,0,0,0,1,0,0,0,1,1,0,0,120,Clairlea-Birchmount (120),9722
1337044,-8849012.302000001,5429501.966,7531617,2012,2012/12/02 05:00:00+00,210,2,KEELE ST,MURRAY ROSS PKWY,,Major Arterial,Etobicoke York,,31,43.767302,-79.49203,Intersection,At Intersection,Traffic Signal,Rain,"Dark, artificial",Wet,Non-Fatal Injury,Angle,55 to 59,2,,0,0,1,0,0,0,0,0,0,1,0,0,0,27,York University Heights (27),9916
1337045,-8830985.223,5422697.719,7525940,2012,2012/12/02 05:00:00+00,1603,16,EGLINTON AVE E,DON VALLEY PARKWAY  N,,Major Arterial,North York,16.0,33,43.723145,-79.33009,Intersection,,No Control,Rain,"Dark, artificial",Wet,Non-Fatal Injury,SMV Other,unknown,2,,0,0,1,0,0,0,0,1,1,1,0,0,0,44,Flemingdon Park (44),9932
1337714,-8838922.303,5410013.9229999995,7778864,2013,2013/01/18 05:00:00+00,221,2,BATHURST ST,FRONT ST W,,Major Arterial,Toronto and East York,10.0,14,43.640745,-79.40139,Intersection,At Intersection,Traffic Signal,Clear,"Dark, artificial",Wet,Non-Fatal Injury,Pedestrian Collisions,45 to 49,2,,1,0,1,0,0,0,0,1,0,0,0,0,0,77,Waterfront Communities-The Island (77),9143
1337921,-8820042.517,5430911.458,7543731,2012,2012/12/02 05:00:00+00,1347,13,ELLESMERE RD,MARKHAM RD,,Major Arterial,Scarborough,24.0,43,43.776445,-79.23179,Intersection,At Intersection,Traffic Signal,Rain,Daylight,Wet,Non-Fatal Injury,Pedestrian Collisions,unknown,2,,1,0,1,0,0,0,0,0,0,0,0,0,0,137,Woburn (137),9926
1337952,-8849722.409,5411444.751,7779295,2013,2013/01/25 05:00:00+00,1409,14,BLOOR ST W,OLD MILL TER,,Major Arterial,Etobicoke York,3.0,22,43.650046,-79.498409,Intersection,At Intersection,Stop Sign,Snow,Daylight,Loose Snow,Non-Fatal Injury,Rear End,unknown,2,,0,0,1,0,0,0,0,1,0,1,0,0,0,15,Kingsway South (15),9731
1338034,-8839690.408,5411721.527000001,7560857,2012,2012/12/06 05:00:00+00,50,5,DUNDAS ST W,PALMERSTON AVE,,Major Arterial,Toronto and East York,,14,43.651845,-79.40829000000001,Intersection,,No Control,Clear,Dark,Dry,Non-Fatal Injury,Pedestrian Collisions,35 to 39,2,,1,0,1,0,0,0,0,0,0,0,0,0,0,81,Trinity-Bellwoods (81),9943
1338092,-8819630.635,5435445.246,7779459,2013,2013/01/30 05:00:00+00,1707,17,TAPSCOTT RD,MCLEVIN AVE,,Minor Arterial,Scarborough,23.0,42,43.805845,-79.22809000000001,Mid-Block,At Intersection,No Control,Clear,Daylight,Wet,Non-Fatal Injury,Approaching,unknown,2,,0,0,1,0,0,0,0,1,0,0,0,0,0,132,Malvern (132),9736
1338446,-8852837.239,5411644.601,7533264,2012,2012/12/07 05:00:00+00,1819,18,ISLINGTON AVE,DUNDAS ST W,,Major Arterial,Etobicoke York,2.0,22,43.651345,-79.52639,Intersection,At Intersection,Traffic Signal,Rain,"Dark, artificial",Wet,Non-Fatal Injury,Pedestrian Collisions,35 to 39,2,,1,0,1,0,0,0,0,0,0,1,0,0,0,15,Kingsway South (15),9953
1338518,-8850577.454,5409091.026000001,7533440,2012,2012/12/08 05:00:00+00,420,4,730 ROYAL YORK RD,,,Minor Arterial,Etobicoke York,3.0,22,43.634745,-79.50609,Mid-Block,,No Control,Clear,"Dark, artificial",Dry,Non-Fatal Injury,SMV Other,25 to 29,2,,0,0,1,0,0,0,0,0,0,0,0,0,0,16,Stonegate-Queensway (16),9954
1338579,-8836078.313,5410555.707,7543882,2012,2012/12/09 05:00:00+00,1644,16,YONGE ST,LAKE SHORE BLVD E,,Major Arterial,Toronto and East York,10.0,51,43.644267,-79.375842,Intersection,At Intersection,Traffic Signal,Rain,"Dark, artificial",Wet,Non-Fatal Injury,Angle,unknown,2,,0,0,1,0,0,0,0,1,0,1,1,0,0,77,Waterfront Communities-The Island (77),9959
1338584,-8820233.764,5430843.931,7533591,2012,2012/12/07 05:00:00+00,1510,15,ELLESMERE RD,MARKHAM RD,,Major Arterial,Scarborough,24.0,43,43.776007,-79.233508,Mid-Block,At Intersection,No Control,Rain,Daylight,Wet,Non-Fatal Injury,Rear End,unknown,2,,0,0,1,0,0,0,0,1,1,1,0,0,0,137,Woburn (137),9951
1338611,-8830406.362,5415137.68,7533649,2012,2012/12/09 05:00:00+00,1900,19,WOODFIELD RD,FAIRFORD AVE,,Collector,Toronto and East York,14.0,55,43.674045,-79.32489,Intersection,At Intersection,Stop Sign,Freezing Rain,"Dark, artificial",Wet,Non-Fatal Injury,Pedestrian Collisions,25 to 29,2,,1,0,1,0,0,0,0,0,0,1,0,0,0,65,Greenwood-Coxwell (65),9965
1338693,-8817743.659,5437051.884,7533804,2012,2012/12/10 05:00:00+00,723,7,SEWELLS RD,MORNINGSIDE AVE,,Minor Arterial,Scarborough,25.0,42,43.81626,-79.211139,Intersection,At Intersection,Traffic Signal,Rain,"Dusk, artificial",Wet,Non-Fatal Injury,Pedestrian Collisions,unknown,2,,1,0,1,0,0,0,0,0,0,1,0,0,0,131,Rouge (131),9975
1338700,-8824317.297,5420972.376,7780425,2013,2013/02/02 05:00:00+00,1041,10,550 BIRCHMOUNT RD,,,Minor Arterial,Scarborough,20.0,41,43.711943,-79.270191,Mid-Block,,No Control,Snow,Daylight,Wet,Fatal,Pedestrian Collisions,65 to 69,3,4.0,1,0,1,0,0,0,0,0,0,1,0,0,0,120,Clairlea-Birchmount (120),9738
1338722,-8848250.876,5420202.683999999,7780470,2013,2013/02/02 05:00:00+00,2050,20,LAWRENCE AVE W,CULFORD RD,,Major Arterial,Etobicoke York,5.0,12,43.706945000000005,-79.48519,Mid-Block,,No Control,Clear,"Dark, artificial",Dry,Non-Fatal Injury,Pedestrian Collisions,unknown,2,,1,0,1,0,0,0,0,0,0,1,0,0,0,29,Maple Leaf (29),9744
1338878,-8832810.863,5429847.728999999,7543975,2012,2012/12/10 05:00:00+00,611,6,DON MILLS RD,HAVENBROOK BLVD,,Major Arterial,North York,17.0,33,43.769545,-79.34649,Intersection,At Intersection,Traffic Signal,Rain,Dark,Wet,Non-Fatal Injury,Pedestrian Collisions,40 to 44,2,,1,0,1,0,0,0,0,0,0,1,0,0,0,53,Henry Farm (53),9967
1338879,-8835098.256000001,5411674.294,7543978,2012,2012/12/10 05:00:00+00,704,7,KING St E,PRINCESS St,,Major Arterial,Toronto and East York,13.0,51,43.651538,-79.367038,Intersection,At Intersection,No Control,Rain,Dark,Wet,Non-Fatal Injury,Turning Movement,unknown,2,,0,0,1,1,0,0,0,0,0,1,0,0,0,73,Moss Park (73),9970
1338947,-8840169.081,5417308.056,7780849,2013,2013/02/04 05:00:00+00,1850,18,SPADINA RD,LONSDALE RD,,Minor Arterial,Toronto and East York,12.0,53,43.688145,-79.41259000000001,Mid-Block,,No Control,Clear,"Dark, artificial",Dry,Non-Fatal Injury,Pedestrian Collisions,70 to 74,2,,1,0,1,0,0,0,0,0,0,0,0,0,0,96,Casa Loma (96),9746
1339123,-8836640.254,5410121.601,7534593,2012,2012/12/11 05:00:00+00,535,5,LAKE SHORE BLVD W,YORK ST,,Major Arterial,Toronto and East York,10.0,52,43.641445000000004,-79.38089000000001,Intersection,At Intersection,Traffic Signal,Clear,Dark,Dry,Non-Fatal Injury,Pedestrian Collisions,45 to 49,2,,1,0,1,0,0,0,0,0,0,1,0,0,0,77,Waterfront Communities-The Island (77),9982
1339150,-8853148.934,5430510.618,7534659,2012,2012/12/12 05:00:00+00,1335,13,2800 STEELES AVE W,,,Major Arterial,Etobicoke York,7.0,31,43.773845,-79.52919,Mid-Block,,No Control,"Fog, Mist, Smoke, Dust",Daylight,Dry,Non-Fatal Injury,Approaching,unknown,2,,0,0,1,0,1,0,0,0,0,0,0,0,0,24,Black Creek (24),9993
1339179,-8834675.353,5411856.149,7534740,2012,2012/12/12 05:00:00+00,611,6,PARLIAMENT ST,KING ST E,,Major Arterial,Toronto and East York,13.0,51,43.65272,-79.36323900000001,Intersection,At Intersection,Traffic Signal,Clear,Dark,Dry,Non-Fatal Injury,Angle,unknown,2,,0,0,1,0,0,0,0,0,1,1,1,0,0,73,Moss Park (73),9989
1339180,-8842517.7,5411398.443,7781197,2013,2013/02/06 05:00:00+00,1045,10,DUNDAS ST W,SHERIDAN AVE,,Minor Arterial,Toronto and East York,9.0,11,43.649745,-79.433688,Intersection,At Intersection,Traffic Signal,Clear,Daylight,Dry,Fatal,Pedestrian Collisions,unknown,3,5.0,1,0,0,0,1,0,0,0,0,0,0,0,0,84,Little Portugal (84),9750
1339683,-8837141.191,5412937.04,7535654,2012,2012/12/14 05:00:00+00,1204,12,BAY ST,HAYTER ST,,Major Arterial,Toronto and East York,11.0,52,43.659745,-79.38539,Mid-Block,,No Control,Clear,Daylight,Dry,Non-Fatal Injury,Pedestrian Collisions,unknown,2,,1,0,1,0,0,0,0,0,0,0,0,0,0,76,Bay Street Corridor (76),9996
1339720,-8827923.937,5415676.379,7535719,2012,2012/12/14 05:00:00+00,1407,14,KINGSTON RD,WAVERLEY RD,,Major Arterial,Toronto and East York,19.0,55,43.677545,-79.30259000000001,Mid-Block,,No Control,Clear,Daylight,Dry,Non-Fatal Injury,Pedestrian Collisions,unknown,2,,1,0,1,0,0,0,0,0,0,0,0,0,0,63,The Beaches (63),9999
1340006,-8821151.927000001,5430584.618,7536187,2012,2012/12/16 05:00:00+00,50,5,ELLESMERE Rd,BELLAMY Rd N,,Major Arterial,Scarborough,24.0,43,43.774325,-79.24175600000001,Intersection,At Intersection,Traffic Signal,Rain,"Dark, artificial",Wet,Non-Fatal Injury,Angle,unknown,2,,0,0,1,0,0,0,0,1,0,1,1,0,0,137,Woburn (137),10000
1340236,-8848273.14,5418139.399,7536660,2012,2012/12/18 05:00:00+00,936,9,BLACK CREEK DR,TRETHEWEY DR,,Major Arterial,Etobicoke York,5.0,12,43.693545,-79.48539,Mid-Block,,No Control,Clear,Daylight,Dry,Non-Fatal Injury,Rear End,70 to 74,2,,0,0,1,0,0,0,0,0,0,0,0,0,1,112,Beechborough-Greenbrook (112),9170
1340319,-8840224.741,5413490.998,7536853,2012,2012/12/19 05:00:00+00,1720,17,PALMERSTON BLVD,LENNOX ST,,Collector,Toronto and East York,11.0,14,43.663345,-79.41309,Intersection,At Intersection,Stop Sign,Clear,"Dark, artificial",Dry,Non-Fatal Injury,Cyclist Collisions,50 to 54,2,,0,1,1,0,0,0,0,0,0,0,0,0,0,80,Palmerston-Little Italy (80),9174
1340588,-8827022.25,5434560.982999999,7783234,2013,2013/02/13 05:00:00+00,2055,20,15 KENFIN AVE,,,Local,Scarborough,22.0,42,43.800112,-79.29449,Intersection,,No Control,Clear,"Dark, artificial",Dry,Non-Fatal Injury,SMV Unattended Vehicle,unknown,2,,0,0,1,0,0,0,0,0,0,0,0,0,0,117,L'Amoreaux (117),9765
1340591,-8838729.832,5411138.445,7783245,2013,2013/02/13 05:00:00+00,1626,16,QUEEN ST W,AUGUSTA AVE,,Major Arterial,Toronto and East York,10.0,14,43.648055,-79.399661,Intersection,,Traffic Signal,Clear,Daylight,Dry,Non-Fatal Injury,Cyclist Collisions,unknown,2,,0,1,1,0,0,0,0,0,0,1,1,0,0,77,Waterfront Communities-The Island (77),9763
1340810,-8820632.511,5436741.024,7783505,2013,2013/02/14 05:00:00+00,838,8,TAPSCOTT RD,FINCH Ave E,,Minor Arterial,Scarborough,23.0,42,43.814245,-79.23709000000001,Intersection,At Intersection,Traffic Signal,Clear,Daylight,Dry,Non-Fatal Injury,Turning Movement,unknown,2,,0,0,1,0,0,0,0,0,0,1,0,0,0,131,Rouge (131),9769
1341806,-8849464.259,5415630.203,7785502,2013,2013/02/20 05:00:00+00,858,8,JANE St,DALRYMPLE Dr,,Major Arterial,Etobicoke York,5.0,12,43.677245,-79.49609,Intersection,At Intersection,Stop Sign,Clear,Daylight,Dry,Non-Fatal Injury,Turning Movement,unknown,2,,0,0,1,0,0,0,0,1,0,1,0,0,0,111,Rockcliffe-Smythe (111),9786
1342114,-8841493.783,5416353.643999999,7539771,2012,2012/12/23 05:00:00+00,2053,20,659 ST CLAIR AVE W,PINEWOOD AVE,,Major Arterial,Toronto and East York,12.0,13,43.681945,-79.42449,Intersection,,No Control,Clear,"Dark, artificial",Dry,Non-Fatal Injury,SMV Other,unknown,2,,0,0,1,0,0,0,0,1,0,0,0,0,0,94,Wychwood (94),9194
1342812,-8827500.923,5435352.698,7786903,2013,2013/01/01 05:00:00+00,1112,11,KENNEDY Rd,DANCY Ave,,Major Arterial,Scarborough,22.0,42,43.805245,-79.29879,Intersection,At Intersection,No Control,Clear,Daylight,Dry,Non-Fatal Injury,Rear End,65 to 69,2,,0,0,1,0,0,0,0,1,0,1,0,0,0,130,Milliken (130),9213
1342832,-8822970.22,5424453.8889999995,7540965,2012,2012/02/25 05:00:00+00,2040,20,MIDLAND AVE,EGLINTON AVE E,,Major Arterial,Scarborough,,41,43.734545000000004,-79.25809,Intersection,At Intersection,Traffic Signal,Clear,Dark,Dry,Non-Fatal Injury,Pedestrian Collisions,unknown,2,,1,0,1,0,0,0,0,0,0,0,0,0,0,138,Eglinton East (138),7107
1343083,-8847059.758,5414660.574,7787522,2013,2013/01/02 05:00:00+00,958,9,ST CLAIR AVE W,MONDOVI GT,,Major Arterial,Etobicoke York,5.0,12,43.670945,-79.47449,Mid-Block,,No Control,Clear,Daylight,Dry,Non-Fatal Injury,Pedestrian Collisions,75 to 79,2,,1,0,1,0,0,0,0,0,0,0,0,0,0,90,Junction Area (90),9215
1343211,-8824573.221,5418308.755,7787828,2013,2013/01/04 05:00:00+00,653,6,DANFORTH Ave,SCOTIA Ave,,Minor Arterial,Scarborough,20.0,41,43.694645,-79.27249,Intersection,,No Control,Clear,Dark,Wet,Non-Fatal Injury,Turning Movement,50 to 54,2,,0,0,1,0,0,0,0,0,0,0,0,0,0,121,Oakridge (121),9217
1343241,-8850599.718,5404247.325,7787887,2013,2013/01/04 05:00:00+00,1345,13,BIRMINGHAM ST,ISLINGTON AVE,,Major Arterial,Etobicoke York,3.0,22,43.603245,-79.50629,Intersection,At Intersection,Traffic Signal,Clear,Daylight,Wet,Non-Fatal Injury,Pedestrian Collisions,unknown,2,,1,0,1,0,0,0,0,0,0,0,0,0,0,18,New Toronto (18),9220
1343484,-8836707.045,5410352.342,7788483,2013,2013/01/08 05:00:00+00,1735,17,YORK ST,BREMNER BLVD,,Major Arterial,Toronto and East York,10.0,52,43.642945000000005,-79.38149,Intersection,At Intersection,Traffic Signal,Clear,"Dark, artificial",Dry,Non-Fatal Injury,Pedestrian Collisions,unknown,2,,1,0,1,0,0,0,0,0,0,1,1,0,0,77,Waterfront Communities-The Island (77),9227
1343587,-8833423.12,5431666.935,7788759,2013,2013/03/01 05:00:00+00,1039,10,DON MILLS RD W,GOODVIEW RD,,Major Arterial,North York,17.0,33,43.781345,-79.35199,Mid-Block,At Intersection,No Control,Clear,Daylight,Wet,Non-Fatal Injury,Pedestrian Collisions,80 to 84,2,,1,0,1,0,0,0,0,0,0,0,0,0,0,47,Don Valley Village (47),9799
1343634,-8826888.666000001,5437172.991,7788886,2013,2013/03/01 05:00:00+00,1855,18,MIDLAND AVE,MCNICOLL AVE,,Major Arterial,Scarborough,,42,43.817045,-79.29329,Mid-Block,,No Control,Clear,Dusk,Dry,Non-Fatal Injury,Pedestrian Collisions,65 to 69,2,,1,0,1,0,0,0,0,0,0,0,0,0,0,130,Milliken (130),9803
1344050,-8849441.995,5405308.11,7789928,2013,2013/03/03 05:00:00+00,951,9,ROYAL YORK RD,HILLSIDE AVE,,Minor Arterial,Etobicoke York,3.0,22,43.610145,-79.49589,Intersection,,Stop Sign,Clear,Daylight,Dry,Non-Fatal Injury,Angle,unknown,2,,0,0,1,0,0,1,0,1,0,0,0,0,0,17,Mimico (includes Humber Bay Shores) (17),9814
1344093,-8838632.872000001,5420464.477000001,7790025,2013,2013/01/16 05:00:00+00,640,6,YONGE ST,ORCHARD VIEW BLVD,,Major Arterial,North York,,53,43.708645000000004,-79.39879,Mid-Block,,No Control,Clear,"Dark, artificial",Dry,Non-Fatal Injury,Pedestrian Collisions,65 to 69,2,,1,0,1,0,0,0,0,0,0,0,0,0,0,104,Mount Pleasant West (104),9250
1344095,-8839389.845,5417292.661,7790030,2013,2013/01/16 05:00:00+00,855,8,DUNVEGAN RD,HEATH ST W,,Collector,Toronto and East York,12.0,53,43.688045,-79.40559,Intersection,At Intersection,Stop Sign,Clear,Daylight,Dry,Non-Fatal Injury,Pedestrian Collisions,65 to 69,2,,1,0,1,0,0,0,0,0,0,1,0,0,0,96,Casa Loma (96),9254
1344102,-8843686.777,5414091.157000001,7790049,2013,2013/01/16 05:00:00+00,642,6,DUPONT ST,EMERSON AVE,,Major Arterial,Toronto and East York,9.0,11,43.667245,-79.44419,Intersection,At Intersection,No Control,Clear,"Dark, artificial",Dry,Non-Fatal Injury,Turning Movement,60 to 64,2,,0,0,1,0,0,0,0,0,0,0,0,0,0,93,Dovercourt-Wallace Emerson-Junction (93),9252
1344358,-8835934.822,5412523.44,7790613,2013,2013/01/13 05:00:00+00,640,6,DUNDAS ST E,JARVIS ST,,Major Arterial,Toronto and East York,13.0,51,43.657057,-79.374553,Intersection,,No Control,Rain,"Dark, artificial",Wet,Non-Fatal Injury,Pedestrian Collisions,unknown,2,,1,0,1,0,0,1,0,0,0,0,0,0,0,73,Moss Park (73),9244
1344369,-8819430.26,5428707.054,7790635,2013,2013/01/09 05:00:00+00,520,5,MARKHAM RD,GREENBRAE CRCT Circ,,Major Arterial,Scarborough,24.0,43,43.762145000000004,-79.22629,Intersection,At Intersection,Traffic Signal,Clear,"Dark, artificial",Wet,Non-Fatal Injury,Pedestrian Collisions,50 to 54,2,,1,0,1,0,0,0,0,0,0,1,0,0,0,137,Woburn (137),9229
1344412,-8850231.918,5403939.875,7548473,2012,2012/10/12 04:00:00+00,1415,14,FIFTH Stre,LAKE SHORE Boul W,,Major Arterial,Etobicoke York,3.0,22,43.601245,-79.50298599999999,Intersection,,Traffic Signal,Clear,Daylight,Dry,Non-Fatal Injury,Cyclist Collisions,60 to 64,2,,0,1,1,0,0,0,0,0,0,0,0,0,0,18,New Toronto (18),8130
1344553,-8838521.553,5409152.55,7791069,2013,2013/01/17 05:00:00+00,1555,15,2 EIREANN QUAY Quay,,,Collector,Toronto and East York,10.0,14,43.635145,-79.39779,Mid-Block,,No Control,Clear,Daylight,Dry,Non-Fatal Injury,Pedestrian Collisions,unknown,2,,1,0,1,0,0,0,0,0,0,1,0,0,0,77,Waterfront Communities-The Island (77),9015
1344579,-8841916.797,5415245.418,7791138,2013,2013/01/19 05:00:00+00,852,8,DAVENPORT RD,SHAW ST,,Minor Arterial,Toronto and East York,12.0,13,43.674745,-79.42829,Intersection,At Intersection,Pedestrian Crossover,Clear,Dark,Wet,Non-Fatal Injury,Cyclist Collisions,60 to 64,2,,0,1,1,0,0,0,0,0,0,1,0,0,0,94,Wychwood (94),9719
1344588,-8827778.999,5422420.151000001,7791165,2013,2013/03/05 05:00:00+00,2128,21,1420 VICTORIA PARK Ave,,,Major Arterial,North York,,41,43.721343,-79.301288,Mid-Block,,No Control,Clear,"Dark, artificial",Wet,Fatal,Pedestrian Collisions,unknown,3,7.0,1,0,1,0,0,0,0,0,0,1,0,0,0,120,Clairlea-Birchmount (120),9820
1344724,-8845445.625,5415153.071,7791492,2013,2013/03/06 05:00:00+00,927,9,ST CLAIR AVE W,HOUNSLOW HEATH RD,,Major Arterial,Toronto and East York,9.0,12,43.674145,-79.45999,Intersection,,Traffic Signal,Clear,Daylight,Wet,Non-Fatal Injury,Pedestrian Collisions,unknown,2,,1,0,1,0,0,0,0,0,0,0,0,0,0,91,Weston-Pellam Park (91),9823