ACCNUM,X,Y,Index_,YEAR,DATE,TIME,HOUR,STREET1,STREET2,OFFSET,ROAD_CLASS,District,WardNum,Division,LATITUDE,LONGITUDE,LOCCOORD,ACCLOC,TRAFFCTL,VISIBILITY,LIGHT,RDSFCOND,ACCLASS,IMPACTYPE,INVAGE,INJURY,FATAL_NO,PEDESTRIAN,CYCLIST,AUTOMOBILE,MOTORCYCLE,TRUCK,TRSN_CITY_VEH,EMERG_VEH,PASSENGER,SPEEDING,AG_DRIV,REDLIGHT,ALCOHOL,DISABILITY,Hood_ID,Neighbourhood,ObjectId
141945030,-8838751.984,5411828.609,80000026,2014,2014/04/23 04:00:00+00,1755,17,DUNDAS ST W,KENSINGTON AVE,,Major Arterial,Toronto and East York,,14,43.652541,-79.39986,Intersection,,No Control,Clear,"Daylight, artificial",Dry,Fatal,Pedestrian Collisions,50 to 54,3,7.0,1,0,1,0,0,0,0,0,0,0,0,0,0,78,Kensington-Chinatown (78),10151
142041479,-8859203.156,5413047.675,80000027,2014,2014/05/08 04:00:00+00,2108,21,RENFORTH DR,ERINGATE DR,,Minor Arterial,Etobicoke York,2.0,22,43.660464000000005,-79.58357600000001,Mid-Block,,No Control,Clear,"Dusk, artificial",Dry,Fatal,Turning Movement,25 to 29,3,8.0,0,0,1,1,0,0,0,0,1,1,0,0,0,11,Eringate-Centennial-West Deane (11),10181
142049204,-8838893.805,5411785.682999999,80000028,2014,2014/05/10 04:00:00+00,233,2,DUNDAS ST W,AUGUSTA AVE,,Major Arterial,Toronto and East York,,14,43.652262,-79.401134,Intersection,,No Control,Clear,"Dark, artificial",Dry,Fatal,Pedestrian Collisions,60 to 64,3,9.0,1,0,1,0,0,0,0,1,0,0,0,0,0,78,Kensington-Chinatown (78),10187
142120007,-8859598.006000001,5419014.545,80000029,2014,2014/05/21 04:00:00+00,610,6,HIGHWAY 27  S,BELFIELD RD,,Major Arterial,Etobicoke York,1.0,23,43.699228999999995,-79.58712299999999,Intersection,,Traffic Signal,Clear,Daylight,Dry,Fatal,Rear End,60 to 64,3,10.0,0,0,1,0,0,0,0,0,0,0,0,0,0,1,West Humber-Clairville (1),10213
142211983,-8838484.372000001,5428875.217,80000030,2014,2014/06/03 04:00:00+00,1250,12,53 CRAIGMORE CRES,,,Local,North York,18.0,32,43.763236,-79.397456,Mid-Block,,No Control,Clear,Daylight,Dry,Fatal,Pedestrian Collisions,85 to 89,3,11.0,1,0,1,0,0,0,0,0,0,0,0,0,0,51,Willowdale East (51),10665
142300273,-8834074.896,5415302.518999999,80000031,2014,2014/06/16 04:00:00+00,827,8,BROADVIEW AVE,FAIRVIEW BLVD,,Minor Arterial,Toronto and East York,14.0,55,43.675115999999996,-79.357845,Mid-Block,,No Control,Rain,Daylight,Wet,Fatal,SMV Other,45 to 49,3,12.0,0,0,0,1,0,0,0,0,0,0,0,0,0,68,North Riverdale (68),10702
142454660,-8831055.577,5435178.246,80000034,2014,2014/07/08 04:00:00+00,1024,10,MCNICOLL AVE,PHARMACY AVE,,Minor Arterial,Scarborough,22.0,42,43.804114,-79.330722,Intersection,At Intersection,Traffic Signal,Clear,Daylight,Dry,Fatal,Angle,90 to 94,3,15.0,0,0,1,0,0,0,0,1,0,1,1,0,0,116,Steeles (116),10239
142471584,-8844623.197,5412493.59,80000032,2014,2014/07/10 04:00:00+00,1909,19,BLOOR ST W,DUNDAS ST W,,Minor Arterial,Toronto and East York,4.0,11,43.656863,-79.452602,Mid-Block,,No Control,Clear,Daylight,Dry,Fatal,Pedestrian Collisions,65 to 69,3,13.0,1,0,1,0,0,0,0,0,0,0,0,0,0,88,High Park North (88),10248
142510103,-8835218.815,5419868.522999999,80000033,2014,2014/07/16 04:00:00+00,1615,16,MCRAE DR,MILLWOOD RD,,Collector,North York,15.0,53,43.704775,-79.368121,Intersection,At Intersection,Traffic Signal,Clear,Daylight,Dry,Fatal,Pedestrian Collisions,50 to 54,3,14.0,1,0,1,0,0,0,0,0,0,1,0,0,0,56,Leaside-Bennington (56),10261
142586405,-8863019.856,5424528.61,80000035,2014,2014/07/28 04:00:00+00,553,5,HUMBERLINE DR,FINCH AVE W,,Major Arterial,Etobicoke York,1.0,23,43.73503,-79.617862,Intersection,At Intersection,Traffic Signal,Rain,"Dawn, artificial",Wet,Fatal,Pedestrian Collisions,60 to 64,3,16.0,1,0,0,0,0,1,0,0,0,0,0,0,0,1,West Humber-Clairville (1),10274
142588079,-8839847.591,5431620.987000001,80000036,2014,2014/07/28 04:00:00+00,1200,12,DUDLEY AVE,FINCH AVE E,,Major Arterial,North York,18.0,32,43.781046999999994,-79.409702,Intersection,,Stop Sign,Clear,Daylight,Dry,Fatal,Turning Movement,90 to 94,3,17.0,0,0,1,0,0,0,0,1,0,1,0,0,0,51,Willowdale East (51),10278
142655086,-8840624.712000001,5432135.052999999,80000038,2014,2014/08/07 04:00:00+00,1618,16,5800 YONGE ST,,,Major Arterial,North York,18.0,32,43.784380999999996,-79.41668299999999,Intersection,At Intersection,Traffic Signal,Clear,Daylight,Dry,Fatal,Pedestrian Collisions,40 to 44,3,19.0,1,0,1,0,0,0,0,1,0,1,1,0,0,50,Newtonbrook East (50),10312
142657110,-8844548.39,5415437.654,80000039,2014,2014/08/07 04:00:00+00,2214,22,ST CLAIR AVE W,LANSDOWNE AVE,,Major Arterial,Toronto and East York,9.0,13,43.675994,-79.45193,Mid-Block,,No Control,Clear,"Dark, artificial",Dry,Fatal,Pedestrian Collisions,65 to 69,3,20.0,1,0,0,0,0,1,0,0,0,0,0,0,0,92,Corso Italia-Davenport (92),10006
142723300,-8827293.201,5419479.096,80000041,2014,2014/08/17 04:00:00+00,2306,23,DAWES RD,GOWER ST,,Minor Arterial,Toronto and East York,19.0,54,43.702246,-79.296924,Intersection,At Intersection,Traffic Signal,Clear,"Dark, artificial",Dry,Fatal,Pedestrian Collisions,60 to 64,3,22.0,1,0,1,0,0,0,0,1,0,1,0,0,0,54,O'Connor-Parkview (54),10051
142723818,-8834565.703,5412373.884,80000040,2014,2014/08/18 04:00:00+00,125,1,QUEEN ST E,TRACY ST,,Major Arterial,Toronto and East York,13.0,51,43.656085,-79.36225400000001,Intersection,,No Control,Clear,"Dark, artificial",Dry,Fatal,Pedestrian Collisions,60 to 64,3,21.0,1,0,1,0,0,0,0,0,0,0,0,0,0,73,Moss Park (73),10054
142740894,-8827868.166000001,5422732.685,80000042,2014,2014/08/20 04:00:00+00,1639,16,VICTORIA PARK AVE,O CONNOR DR,,Major Arterial,North York,,41,43.723372,-79.302089,Intersection,At Intersection,Traffic Signal,Clear,Daylight,Dry,Fatal,Pedestrian Collisions,75 to 79,3,23.0,1,0,1,0,0,0,0,0,0,1,0,0,0,120,Clairlea-Birchmount (120),10061
142879736,-8836525.928,5412266.488,80000046,2014,2014/09/10 04:00:00+00,620,6,OKEEFE LANE,DUNDAS SQ,,Laneway,Toronto and East York,13.0,51,43.655387,-79.379863,Mid-Block,,No Control,Clear,"Dark, artificial",Dry,Fatal,Pedestrian Collisions,30 to 34,3,27.0,1,0,0,0,1,0,0,0,0,0,0,0,0,75,Church-Yonge Corridor (75),11478
142937129,-8838410.567,5417212.61,80000047,2014,2014/09/18 04:00:00+00,2001,20,ST CLAIR AVE W,DEER PARK CRES,,Major Arterial,Toronto and East York,12.0,53,43.687525,-79.396793,Mid-Block,,No Control,Clear,"Dark, artificial",Dry,Fatal,Pedestrian Collisions,75 to 79,3,28.0,1,0,0,0,0,1,0,0,0,0,0,0,0,97,Yonge-St.Clair (97),11768
142962876,-8842631.58,5409507.0879999995,80000048,2014,2014/09/22 04:00:00+00,2059,20,KING ST W,CLOSE AVE,,Major Arterial,Toronto and East York,4.0,14,43.63745,-79.434711,Intersection,,Pedestrian Crossover,Clear,"Dark, artificial",Dry,Fatal,Pedestrian Collisions,35 to 39,3,29.0,1,0,1,0,0,0,0,0,0,1,0,0,0,85,South Parkdale (85),11775
143015764,-8846393.956,5414873.884,80000049,2014,2014/09/30 04:00:00+00,1608,16,ST CLAIR AVE W,KEELE ST,,Major Arterial,Etobicoke York,5.0,12,43.672331,-79.468509,Mid-Block,,No Control,Clear,Daylight,Dry,Fatal,Pedestrian Collisions,70 to 74,3,30.0,1,0,0,0,0,1,0,0,0,0,0,0,0,90,Junction Area (90),11791
143022510,-8856034.335,5423137.038,80000050,2014,2014/10/01 04:00:00+00,1620,16,35 IRWIN RD,,,Local,Etobicoke York,1.0,23,43.725997,-79.55511,Mid-Block,,No Control,Clear,Daylight,Wet,Fatal,SMV Other,20 to 24,3,31.0,0,0,0,1,0,0,0,0,1,1,0,0,0,5,Elms-Old Rexdale (5),11792
143084786,-8843576.794,5421644.485,80000053,2014,2014/10/11 04:00:00+00,1024,10,LAWRENCE AVE W,ALLEN X N LAWRENCE RAMP,,Major Arterial,North York,8.0,32,43.716307,-79.443202,Intersection,At Intersection,Traffic Signal,Clear,Daylight,Dry,Fatal,Pedestrian Collisions,65 to 69,3,34.0,1,0,0,0,0,1,0,0,0,0,0,0,0,32,Englemount-Lawrence (32),11818
143117140,-8827981.156,5423111.775,80000054,2014,2014/10/16 04:00:00+00,1927,19,VICTORIA PARK AVE,EGLINTON AVE E,,Major Arterial,North York,,41,43.725833,-79.303104,Mid-Block,,No Control,Rain,"Dark, artificial",Wet,Fatal,Pedestrian Collisions,55 to 59,3,35.0,1,0,1,0,0,0,0,0,0,0,0,0,0,119,Wexford/Maryvale (119),11832
143234908,-8817828.595,5431146.266,8000220,2014,2014/11/04 05:00:00+00,807,8,ORTON PARK RD,SLAN AVE,,Minor Arterial,Scarborough,24.0,43,43.777968,-79.211902,Mid-Block,,No Control,Clear,Daylight,Dry,Fatal,SMV Other,25 to 29,3,37.0,0,0,1,0,0,0,0,0,1,1,0,0,0,135,Morningside (135),11198
143250160,-8823045.806,5424683.14,8000167,2014,2014/11/06 05:00:00+00,1254,12,MIDLAND AVE,GILDER DR,,Major Arterial,Scarborough,21.0,41,43.736033,-79.258769,Intersection,At Intersection,Traffic Signal,Clear,Daylight,Dry,Fatal,Pedestrian Collisions,40 to 44,3,38.0,1,0,1,0,0,0,0,0,0,0,0,0,0,138,Eglinton East (138),11202
143335677,-8844665.61,5412708.387999999,8000173,2014,2014/11/20 05:00:00+00,1245,12,2440 DUNDAS ST W,,,Minor Arterial,Toronto and East York,4.0,11,43.658259,-79.45298299999999,Intersection,At Intersection,Traffic Signal,Clear,Daylight,Dry,Fatal,Pedestrian Collisions,65 to 69,3,42.0,1,0,1,0,0,0,0,0,0,1,0,0,0,88,High Park North (88),11232
143339762,-8851394.65,5428075.581,8000171,2014,2014/11/21 05:00:00+00,600,6,FINCH AVE W,DRIFTWOOD AVE,,Major Arterial,Etobicoke York,7.0,31,43.758047999999995,-79.51343100000001,Intersection,At Intersection,Traffic Signal,Clear,"Dawn, artificial",Dry,Fatal,Pedestrian Collisions,60 to 64,3,41.0,1,0,1,0,0,0,0,0,0,0,0,0,0,25,Glenfield-Jane Heights (25),11234
143357519,-8833138.922,5418749.558999999,8000203,2014,2014/11/24 05:00:00+00,350,3,DON VALLEY PARKWAY  N,LEASIDE BDGE,,Major Arterial,Toronto and East York,14.0,54,43.697508,-79.349437,Mid-Block,,No Control,Rain,"Dark, artificial",Wet,Fatal,SMV Other,20 to 24,3,43.0,0,0,1,0,0,0,0,0,1,1,0,1,0,58,Old East York (58),11243
143362651,-8818411.242,5431419.779,8000205,2014,2014/11/24 05:00:00+00,1800,18,ELLESMERE RD,MILITARY TRL,,Major Arterial,Scarborough,24.0,43,43.779742,-79.217136,Intersection,At Intersection,Traffic Signal,Clear,"Dark, artificial",Dry,Fatal,Angle,25 to 29,3,44.0,0,0,1,0,0,0,0,0,0,1,1,1,0,135,Morningside (135),11245
143380193,-8840104.85,5412295.26,8000221,2014,2014/11/27 05:00:00+00,1420,14,549 COLLEGE ST,,,Major Arterial,Toronto and East York,11.0,14,43.655574,-79.412013,Mid-Block,,No Control,Clear,Daylight,Dry,Fatal,SMV Other,90 to 94,3,45.0,0,0,1,0,0,0,0,1,0,0,0,0,0,81,Trinity-Bellwoods (81),11253
143440580,-8824524.463,5425628.8610000005,8000224,2014,2014/12/07 05:00:00+00,944,9,KENNEDY RD,RANSTONE GDNS,,Major Arterial,Scarborough,21.0,41,43.742171,-79.272052,Intersection,,Traffic Signal,Clear,Daylight,Dry,Fatal,Approaching,80 to 84,3,46.0,0,0,1,0,0,0,0,0,0,0,0,0,0,125,Ionview (125),11853
143471771,-8831837.819,5430815.101,8000210,2014,2014/12/12 05:00:00+00,1320,13,SHEPPARD AVE E,404 N SHEPPARD W RAMP,,Major Arterial,North York,17.0,33,43.77582,-79.337749,Intersection,,Traffic Signal,Clear,Daylight,Wet,Fatal,Turning Movement,50 to 54,3,47.0,0,0,1,0,0,0,0,1,0,1,1,0,0,46,Pleasant View (46),11864
143474139,-8830753.234,5418228.695,8000214,2014,2014/12/12 05:00:00+00,1840,18,COXWELL AVE,COSBURN AVE,,Minor Arterial,Toronto and East York,,54,43.694125,-79.328006,Intersection,At Intersection,Traffic Signal,Clear,"Dusk, artificial",Dry,Fatal,Pedestrian Collisions,75 to 79,3,51.0,1,0,1,0,0,0,0,0,0,0,0,0,0,59,Danforth East York (59),11866
143507481,-8843962.404,5432782.069,8000304,2014,2014/12/18 05:00:00+00,843,8,6030 BATHURST ST,,,Major Arterial,North York,,32,43.788577000000004,-79.44666600000001,Mid-Block,,No Control,Clear,Daylight,Dry,Fatal,Pedestrian Collisions,unknown,3,50.0,1,0,1,0,0,0,0,1,0,0,0,0,0,36,Newtonbrook West (36),11882
178057130,-8836696.692,5423774.027000001,80790060,2017,2017/11/22 05:00:00+00,1110,11,BAYVIEW AVE,LAWRENCE AVE E,,Major Arterial,North York,15.0,33,43.730132,-79.38139699999999,Mid-Block,Non Intersection,No Control,Clear,Daylight,Dry,Non-Fatal Injury,SMV Other,30 to 34,2,,0,0,1,0,0,0,0,0,0,0,0,0,0,41,Bridle Path-Sunnybrook-York Mills (41),14835
188016123,-8836808.791000001,5425173.399,81005232,2018,2018/03/24 04:00:00+00,1700,17,BAYVIEW,THE BRIDLE PATH,,Major Arterial,North York,15.0,33,43.739215,-79.38240400000001,Mid-Block,Non Intersection,No Control,Clear,Daylight,Dry,Non-Fatal Injury,Pedestrian Collisions,unknown,2,,1,0,1,0,0,0,0,0,0,0,0,0,0,41,Bridle Path-Sunnybrook-York Mills (41),14500
3000108221,-8848348.17,5418292.743,80622703,2013,2013/12/02 05:00:00+00,20,2,BLACK CREEK DR,TRETHEWEY DR,,Major Arterial,Etobicoke York,5.0,12,43.694541,-79.486064,Intersection,At Intersection,Traffic Signal,Clear,"Dark, artificial",Dry,Non-Fatal Injury,Pedestrian Collisions,40 to 44,2,,1,0,1,0,0,0,0,1,0,1,0,0,0,112,Beechborough-Greenbrook (112),10350
3000777885,-8852487.696,5418841.788,80709508,2013,2013/12/03 05:00:00+00,700,7,SCARLETT RD,LAWRENCE AVE W,234 m South of,Major Arterial,Etobicoke York,2.0,23,43.698107,-79.52325,Intersection,At Intersection,Traffic Signal,Clear,Daylight,Dry,Non-Fatal Injury,Pedestrian Collisions,50 to 54,2,,1,0,1,0,0,0,0,0,0,0,0,0,0,8,Humber Heights-Westmount (8),10352
3000935041,-8837628.325,5412699.618,80143893,2013,2013/11/07 05:00:00+00,900,9,610 UNIVERSITY AVE,,,Major Arterial,Toronto and East York,11.0,52,43.658202,-79.38976600000001,Mid-Block,Non Intersection,No Control,Clear,Daylight,Dry,Non-Fatal Injury,Pedestrian Collisions,55 to 59,2,,1,0,1,0,0,0,0,0,0,0,0,0,0,76,Bay Street Corridor (76),10962
3000936141,-8843986.227,5409680.747,80197580,2013,2013/11/08 05:00:00+00,1813,18,QUEEN ST W,RONCESVALLES AVE,,Major Arterial,Toronto and East York,4.0,11,43.638579,-79.44688000000001,Mid-Block,Non Intersection,No Control,Clear,"Dark, artificial",Dry,Non-Fatal Injury,SMV Other,65 to 69,2,,0,0,1,0,0,0,0,1,0,0,0,0,0,87,High Park-Swansea (87),10970
3000936395,-8837340.453,5413647.036,80144005,2013,2013/11/08 05:00:00+00,1900,19,955 BAY ST,,,Major Arterial,Toronto and East York,,52,43.664359000000005,-79.38718,Intersection,Private Driveway,No Control,Clear,"Dark, artificial",Dry,Non-Fatal Injury,Pedestrian Collisions,45 to 49,2,,1,0,1,0,0,0,0,0,0,1,0,0,0,76,Bay Street Corridor (76),10972
3000937530,-8843998.027,5409580.458,80144022,2013,2013/11/08 05:00:00+00,2304,23,F G GARDINER XY  W,PARKSIDE DR,,,Toronto and East York,4.0,11,43.637927000000005,-79.446986,Mid-Block,Non Intersection,No Control,Clear,"Dark, artificial",Dry,Non-Fatal Injury,Pedestrian Collisions,50 to 54,2,,1,0,1,0,0,0,0,0,0,0,0,0,0,85,South Parkdale (85),10974
3000972719,-8857667.615,5411697.063999999,80144680,2013,2013/11/14 05:00:00+00,1945,19,545 THE WEST MALL,,,Minor Arterial,Etobicoke York,2.0,22,43.651686,-79.56978199999999,Mid-Block,Non Intersection,No Control,Clear,"Dark, artificial",Dry,Non-Fatal Injury,Pedestrian Collisions,unknown,2,,1,0,1,0,0,0,0,0,0,0,0,0,0,13,Etobicoke West Mall (13),10978
3000983486,-8825716.027,5421623.385,80198010,2013,2013/11/16 05:00:00+00,1516,15,FAIRFAX CR,WARDEN AV,,Major Arterial,Scarborough,20.0,41,43.71617,-79.282756,Intersection,At Intersection,Traffic Signal,Clear,Daylight,Dry,Non-Fatal Injury,Turning Movement,75 to 79,2,,0,0,1,0,0,0,0,1,1,1,0,0,0,120,Clairlea-Birchmount (120),10987
3000986891,-8844008.268,5414250.436000001,80144942,2013,2013/11/17 05:00:00+00,412,4,LANSDOWNE AVE,BRANDON AVE,,Minor Arterial,Toronto and East York,9.0,13,43.668279999999996,-79.447078,Mid-Block,Non Intersection,No Control,Rain,"Dark, artificial",Wet,Non-Fatal Injury,Pedestrian Collisions,60 to 64,2,,1,0,1,0,0,0,0,0,0,0,0,0,0,93,Dovercourt-Wallace Emerson-Junction (93),10989
3000989119,-8813028.388,5435193.516,80198089,2013,2013/11/17 05:00:00+00,1506,15,MEADOWVALE RD,DEAN PARK  RD,,Minor Arterial,Scarborough,25.0,42,43.804213,-79.16878100000001,Intersection,At Intersection,Traffic Signal,Clear,Daylight,Dry,Non-Fatal Injury,Angle,60 to 64,2,,0,0,1,0,0,0,0,1,0,1,1,0,0,131,Rouge (131),10992
3000996799,-8842019.211000001,5421720.262,80145124,2013,2013/11/18 05:00:00+00,2035,20,BATHURST ST,FRONTENAC AVE,,Major Arterial,North York,8.0,53,43.716799,-79.42921,Intersection,Non Intersection,No Control,Clear,"Dark, artificial",Dry,Non-Fatal Injury,SMV Other,30 to 34,2,,0,0,1,0,0,0,0,1,0,0,0,1,0,39,Bedford Park-Nortown (39),10994
3001000463,-8836529.379,5414509.444,80198195,2013,2013/11/19 05:00:00+00,1327,13,MOUNT PLEASANT RD,TED ROGERS WAY,,Major Arterial,Toronto and East York,,51,43.669963,-79.379894,Intersection,Intersection Related,Traffic Signal,Clear,Daylight,Dry,Non-Fatal Injury,Rear End,65 to 69,2,,0,0,1,0,0,0,0,1,0,1,0,0,0,74,North St.James Town (74),10999
3001002195,-8827700.853,5422178.634,80145207,2013,2013/11/19 05:00:00+00,1820,18,VICTORIA PARK AVE,SUNRISE AVE,,Major Arterial,North York,,41,43.719775,-79.300586,Intersection,,Traffic Signal,Clear,"Dark, artificial",Dry,Non-Fatal Injury,Pedestrian Collisions,60 to 64,2,,1,0,0,0,0,0,0,0,0,1,0,0,0,120,Clairlea-Birchmount (120),11000
3001005166,-8846249.575,5427123.137,8000106,2013,2013/11/20 05:00:00+00,937,9,SHEPPARD AVE W,KODIAK CRES,,Major Arterial,North York,6.0,32,43.751868,-79.467212,Intersection,,Traffic Signal,Clear,Daylight,Dry,Fatal,Cyclist Collisions,20 to 24,3,54.0,0,1,1,0,0,0,0,0,1,1,1,0,0,27,York University Heights (27),10215
3001013927,-8836182.842,5410889.531,80145440,2013,2013/11/21 05:00:00+00,1650,16,YONGE ST,FRONT ST,,Major Arterial,Toronto and East York,,51,43.646437,-79.37678100000001,Mid-Block,Non Intersection,No Control,Clear,"Dusk, artificial",Dry,Non-Fatal Injury,Pedestrian Collisions,65 to 69,2,,1,0,1,0,0,0,0,0,0,0,0,0,0,77,Waterfront Communities-The Island (77),10323
3001015663,-8838593.131000001,5413607.026000001,80198362,2013,2013/11/22 05:00:00+00,31,3,HOSKIN AVE,ST GEORGE ST,,Minor Arterial,Toronto and East York,11.0,52,43.664099,-79.398433,Intersection,Intersection Related,Traffic Signal,Rain,"Dark, artificial",Wet,Non-Fatal Injury,Cyclist Collisions,20 to 24,2,,0,1,1,0,0,0,0,0,0,0,0,0,0,79,University (79),10325
3001021983,-8858239.129,5414406.64,80145639,2013,2013/11/23 05:00:00+00,1,1,HIGHWAY 427  S,27 S 427 C S RAMP,,,Etobicoke York,2.0,22,43.669295,-79.574916,Mid-Block,Non Intersection,No Control,Clear,"Dark, artificial",Dry,Non-Fatal Injury,SMV Other,25 to 29,2,,0,0,1,0,0,0,0,0,0,0,0,1,0,11,Eringate-Centennial-West Deane (11),10326
3001022701,-8846686.058,5423417.862000001,80198452,2013,2013/11/23 05:00:00+00,130,1,WINSTON PARK BLVD,ANTHONY RD,,Local,North York,6.0,32,43.72782,-79.471133,Intersection,At/Near Private Drive,Stop Sign,Clear,"Dark, artificial",Dry,Non-Fatal Injury,SMV Unattended Vehicle,25 to 29,2,,0,0,1,0,0,0,0,0,1,1,0,0,0,26,Downsview-Roding-CFB (26),10327
3001029733,-8821479.763,5424896.527000001,80503925,2013,2013/11/24 05:00:00+00,1018,10,EGLINTON AVE E,OSWEGO RD,,Major Arterial,Scarborough,,43,43.737418,-79.244701,Mid-Block,Non Intersection,No Control,Clear,Daylight,Dry,Fatal,Approaching,45 to 49,3,57.0,0,0,1,0,0,0,0,1,1,1,0,0,0,138,Eglinton East (138),10333
3001047627,-8836084.324,5413040.597,80146150,2013,2013/11/27 05:00:00+00,1120,11,JARVIS ST,GERRARD ST E,,Major Arterial,Toronto and East York,13.0,51,43.660418,-79.375896,Intersection,At Intersection,Traffic Signal,Clear,Daylight,Dry,Non-Fatal Injury,Pedestrian Collisions,30 to 34,2,,1,0,1,0,0,0,0,0,0,1,0,0,0,73,Moss Park (73),10340
3001054757,-8856791.976,5409145.628,80198851,2013,2013/11/28 05:00:00+00,1423,14,295 THE WEST MALL,,,Minor Arterial,Etobicoke York,2.0,22,43.6351,-79.561916,Mid-Block,Non Intersection,No Control,Clear,Daylight,Dry,Non-Fatal Injury,SMV Other,80 to 84,2,,0,0,1,0,0,0,0,0,0,0,0,0,0,12,Markland Wood (12),10341
3001061187,-8839597.011,5431843.324,80146401,2013,2013/11/29 05:00:00+00,1545,15,WILLOWDALE AVE,PEMBERTON AVE,,Minor Arterial,North York,18.0,32,43.782489,-79.407451,Intersection,At Intersection,No Control,Clear,Daylight,Dry,Non-Fatal Injury,Pedestrian Collisions,unknown,2,,1,0,1,0,0,0,0,0,0,0,0,0,0,50,Newtonbrook East (50),10344
3001064601,-8838745.194,5415179.852000001,80622575,2013,2013/11/30 05:00:00+00,509,5,295 DAVENPORT RD,,,Major Arterial,Toronto and East York,11.0,53,43.674319,-79.399799,Intersection,Non Intersection,No Control,Clear,Dark,Dry,Non-Fatal Injury,SMV Other,45 to 49,2,,0,0,1,0,0,0,0,0,1,1,0,1,0,95,Annex (95),10345
3001085931,-8826085.496,5420813.289,80199142,2013,2013/12/03 05:00:00+00,1815,18,ST CLAIR AVE E,HERRON AVE,,Major Arterial,Scarborough,20.0,41,43.71091,-79.286075,Intersection,Intersection Related,Traffic Signal,Clear,"Dark, artificial",Dry,Non-Fatal Injury,Pedestrian Collisions,70 to 74,2,,1,0,1,0,0,0,0,0,1,1,0,0,0,120,Clairlea-Birchmount (120),10356
3001089776,-8840229.75,5414518.832,80622766,2013,2013/12/04 05:00:00+00,1143,11,BATHURST ST,WELLS ST,,Major Arterial,Toronto and East York,11.0,14,43.670024,-79.413135,Intersection,At Intersection,Traffic Signal,Clear,Daylight,Dry,Non-Fatal Injury,Pedestrian Collisions,70 to 74,2,,1,0,1,0,0,0,0,0,0,0,0,0,0,95,Annex (95),10361
3001090818,-8825371.27,5418348.477999999,80199201,2013,2013/12/04 05:00:00+00,1435,14,DENTON AVE,ROBINSON AVE,,Collector,Scarborough,20.0,41,43.694903000000004,-79.279659,Intersection,At Intersection,Stop Sign,Clear,Daylight,Dry,Non-Fatal Injury,Cyclist Collisions,55 to 59,2,,0,1,1,0,0,0,0,0,0,0,0,0,0,121,Oakridge (121),10363
3001098840,-8838727.271,5409356.811000001,80199280,2013,2013/12/05 05:00:00+00,1905,19,LAKE SHORE BLVD W,BATHURST ST,,Major Arterial,Toronto and East York,10.0,14,43.636472999999995,-79.399638,Intersection,Intersection Related,Traffic Signal,Clear,"Dark, artificial",Dry,Non-Fatal Injury,Turning Movement,45 to 49,2,,0,0,1,1,0,0,0,1,0,0,0,0,0,77,Waterfront Communities-The Island (77),10370
3001104210,-8820524.308,5428361.334,80622875,2013,2013/12/06 05:00:00+00,1616,16,BELLAMY RD N,ROCHMAN BLVD,,Minor Arterial,Scarborough,24.0,43,43.759902000000004,-79.236118,Intersection,At Intersection,Stop Sign,Clear,Daylight,Dry,Non-Fatal Injury,Angle,45 to 49,2,,0,0,1,0,0,0,0,0,0,1,0,0,0,137,Woburn (137),10372
3001107258,-8850247.28,5428701.197000001,80622908,2013,2013/12/07 05:00:00+00,304,3,35 FOUNTAINHEAD RD,,,Local,Etobicoke York,7.0,31,43.762107,-79.503124,Mid-Block,Non Intersection,No Control,Clear,"Dark, artificial",Dry,Non-Fatal Injury,Pedestrian Collisions,unknown,2,,1,0,1,0,0,0,0,0,0,1,0,0,0,27,York University Heights (27),10374
3001129731,-8837155.217,5411252.289,80623083,2013,2013/12/11 05:00:00+00,135,1,UNIVERSITY AVE,ADELAIDE ST W,,Major Arterial,Toronto and East York,10.0,52,43.648795,-79.38551600000001,Intersection,At Intersection,Traffic Signal,Clear,"Dark, artificial",Dry,Non-Fatal Injury,Pedestrian Collisions,unknown,2,,1,0,1,0,0,0,0,0,0,0,0,0,0,76,Bay Street Corridor (76),10376
3001131937,-8822886.174,5419102.002,80682325,2013,2013/12/11 05:00:00+00,1153,11,CLAREMORE AVE,KINGSTON RD,450 m West of,Minor Arterial,Scarborough,20.0,41,43.699797,-79.257335,Mid-Block,Non Intersection,No Control,Clear,Daylight,Dry,Non-Fatal Injury,Sideswipe,15 to 19,2,,0,0,1,0,0,0,0,1,1,1,0,0,0,122,Birchcliffe-Cliffside (122),10380
3001133431,-8842197.545,5427912.6729999995,80903559,2013,2013/12/11 05:00:00+00,1605,16,SHEPPARD AVE W,DON RIVER BLVD,7 m West of,Major Arterial,North York,6.0,32,43.756991,-79.430812,Intersection,At Intersection,No Control,Clear,Dusk,Dry,Non-Fatal Injury,Pedestrian Collisions,85 to 89,2,,1,0,1,0,0,0,0,1,0,0,0,0,0,38,Lansing-Westgate (38),10383
3001139681,-8831551.617,5421381.272999999,80890818,2013,2013/12/12 05:00:00+00,1705,17,200 GATEWAY BLVD,,,Collector,North York,16.0,54,43.714597999999995,-79.335178,Mid-Block,At/Near Private Drive,No Control,Clear,"Dark, artificial",Dry,Non-Fatal Injury,Pedestrian Collisions,45 to 49,2,,1,0,1,0,0,0,0,0,0,1,0,0,0,44,Flemingdon Park (44),10385