ACCNUM,X,Y,Index_,YEAR,DATE,TIME,HOUR,STREET1,STREET2,OFFSET,ROAD_CLASS,District,WardNum,Division,LATITUDE,LONGITUDE,LOCCOORD,ACCLOC,TRAFFCTL,VISIBILITY,LIGHT,RDSFCOND,ACCLASS,IMPACTYPE,INVAGE,INJURY,FATAL_NO,PEDESTRIAN,CYCLIST,AUTOMOBILE,MOTORCYCLE,TRUCK,TRSN_CITY_VEH,EMERG_VEH,PASSENGER,SPEEDING,AG_DRIV,REDLIGHT,ALCOHOL,DISABILITY,Hood_ID,Neighbourhood,ObjectId
3001161677,-8846021.926,5428525.946,80623387,2013,2013/12/16 05:00:00+00,1237,12,DUFFERIN ST,OVERBROOK PL,,Major Arterial,North York,6.0,32,43.76097,-79.46516700000001,Intersection,At Intersection,Traffic Signal,Clear,Daylight,Wet,Non-Fatal Injury,Turning Movement,80 to 84,2,,0,0,1,0,0,0,0,1,0,1,0,0,0,34,Bathurst Manor (34),10389
3001181592,-8851677.402,5422095.767999999,80623596,2013,2013/12/19 05:00:00+00,1558,15,WILSON AVE,HAYMARKET RD,314 m  of,Major Arterial,Etobicoke York,7.0,31,43.719237,-79.515971,Intersection,At Intersection,No Control,Clear,Daylight,Dry,Non-Fatal Injury,Pedestrian Collisions,65 to 69,2,,1,0,1,0,0,0,0,0,0,1,0,0,0,26,Downsview-Roding-CFB (26),10391
3001182127,-8852868.186,5407850.182,80623601,2013,2013/12/19 05:00:00+00,1728,17,JUTLAND RD,KIPLING AVE,,Collector,Etobicoke York,3.0,22,43.626677,-79.526668,Mid-Block,Non Intersection,No Control,Clear,"Dark, artificial",Loose Sand or Gravel,Non-Fatal Injury,Pedestrian Collisions,80 to 84,2,,1,0,1,0,0,0,0,0,0,0,0,0,0,14,Islington-City Centre West (14),10394
3001182464,-8848082.339,5407433.118,80623611,2013,2013/12/19 05:00:00+00,1837,18,90 PARK LAWN RD,,,Major Arterial,Etobicoke York,3.0,22,43.623965000000005,-79.483676,Mid-Block,Non Intersection,No Control,Clear,"Dark, artificial",Dry,Non-Fatal Injury,Pedestrian Collisions,40 to 44,2,,1,0,1,0,0,0,0,0,0,0,0,0,0,17,Mimico (includes Humber Bay Shores) (17),10396
3001188681,-8835436.332999999,5435926.668,80623673,2013,2013/12/20 05:00:00+00,1919,19,STEELES AVE E,LESLIE ST,192 m East of,Major Arterial,North York,17.0,33,43.808966,-79.370075,Mid-Block,Non Intersection,No Control,Rain,"Dark, artificial",Slush,Non-Fatal Injury,Pedestrian Collisions,55 to 59,2,,1,0,1,0,0,0,0,0,0,0,0,0,0,48,Hillcrest Village (48),10399
3001220302,-8842742.009,5409336.353999999,80146560,2013,2013/12/24 05:00:00+00,1645,16,JAMESON AVE,KING ST W,,Minor Arterial,Toronto and East York,4.0,14,43.636340000000004,-79.435703,Mid-Block,Non Intersection,No Control,Clear,Daylight,Dry,Non-Fatal Injury,Pedestrian Collisions,75 to 79,2,,1,0,1,0,0,0,0,0,0,0,0,0,0,85,South Parkdale (85),10403
3001238664,-8825832.467,5429171.631,81113892,2013,2013/12/28 05:00:00+00,942,9,ELLESMERE RD,DUNDALK DR,,Major Arterial,Scarborough,21.0,41,43.765159000000004,-79.28380200000001,Intersection,At Intersection,Traffic Signal,Clear,Daylight,Wet,Non-Fatal Injury,Turning Movement,75 to 79,2,,0,0,1,0,0,0,0,1,0,1,0,0,0,126,Dorset Park (126),10406
3001256436,-8848460.268,5412309.877,80624217,2013,2013/12/31 05:00:00+00,1303,13,JANE ST,ARDAGH ST,,Major Arterial,Toronto and East York,4.0,11,43.655669,-79.487071,Intersection,At Intersection,Traffic Signal,Clear,Daylight,Dry,Non-Fatal Injury,Pedestrian Collisions,45 to 49,2,,1,0,1,0,0,0,0,0,0,1,0,0,0,89,Runnymede-Bloor West Village (89),10408
3001877674,-8832238.681,5427920.841,80143680,2013,2013/10/10 04:00:00+00,837,8,YORK MILLS RD,SILVERDALE CRES,,Major Arterial,North York,16.0,33,43.757044,-79.34135,Intersection,At Intersection,Traffic Signal,Rain,"Daylight, artificial",Dry,Non-Fatal Injury,Pedestrian Collisions,50 to 54,2,,1,0,1,0,0,0,0,0,0,1,0,0,0,45,Parkwoods-Donalda (45),10594
3002013081,-8840034.496,5412315.878,81099885,2013,2013/10/23 04:00:00+00,1704,17,COLLEGE ST,EUCLID AV,,Major Arterial,Toronto and East York,11.0,14,43.655708000000004,-79.411381,Intersection,Intersection Related,No Control,Clear,Daylight,Dry,Non-Fatal Injury,Turning Movement,40 to 44,2,,0,0,1,1,0,0,0,0,0,0,0,0,0,80,Palmerston-Little Italy (80),10914
3013932599,-8812755.766,5430359.999,80199653,2013,2013/11/08 05:00:00+00,725,7,LAWRENCE AVE E,BENNETT RD,,Minor Arterial,Scarborough,25.0,43,43.772868,-79.166332,Intersection,Intersection Related,Traffic Signal,Clear,Daylight,Dry,Fatal,Pedestrian Collisions,35 to 39,3,52.0,1,0,1,0,0,0,0,0,0,1,0,0,0,136,West Hill (136),10968
3013962476,-8847501.474,5423430.802,80624293,2013,2013/11/13 05:00:00+00,750,7,WILSON AVE,INGLESIDE DR,1 m West of,Major Arterial,North York,6.0,31,43.727903999999995,-79.47845799999999,Intersection,Non Intersection,No Control,Clear,Daylight,Dry,Non-Fatal Injury,SMV Other,55 to 59,2,,0,0,0,0,1,0,0,0,0,1,0,0,0,26,Downsview-Roding-CFB (26),10975
4000008445,-8809769.621,5431294.431,80164241,2014,2014/06/17 04:00:00+00,1050,10,5450 LAWRENCE AVE E,,,Minor Arterial,Scarborough,25.0,43,43.778929,-79.139507,Mid-Block,At/Near Private Drive,No Control,Clear,Daylight,Dry,Non-Fatal Injury,Cyclist Collisions,70 to 74,2,,0,1,1,0,0,0,0,0,0,1,0,0,0,133,Centennial Scarborough (133),10706
4000009508,-8826512.629,5416087.042,80631964,2014,2014/08/17 04:00:00+00,2159,21,KINGSTON RD,PICKERING ST,10 m East of,Major Arterial,Toronto and East York,19.0,55,43.680213,-79.289912,Intersection,At Intersection,No Control,Clear,"Dark, artificial",Dry,Non-Fatal Injury,Cyclist Collisions,50 to 54,2,,0,1,1,0,0,0,0,0,0,0,0,0,0,63,The Beaches (63),10046
4000047040,-8837261.416000001,5418850.102000001,80199677,2014,2014/12/08 05:00:00+00,1700,17,MT PLEASANT RD,MERTON ST,,Major Arterial,North York,,53,43.698161,-79.38646999999999,Intersection,At Intersection,Traffic Signal,Clear,"Dark, artificial",Dry,Non-Fatal Injury,Pedestrian Collisions,75 to 79,2,,1,0,1,0,0,0,0,0,0,1,0,0,0,99,Mount Pleasant East (99),11855
4001311712,-8820773.107,5425115.774,80200382,2014,2014/01/09 05:00:00+00,1545,15,MCCOWAN RD,EGLINTON AVE E,2 m North of,Major Arterial,Scarborough,,43,43.738841,-79.238353,Intersection,Intersection Related,No Control,Clear,Daylight,Wet,Non-Fatal Injury,Pedestrian Collisions,unknown,2,,1,0,0,0,0,0,0,0,0,0,0,0,0,138,Eglinton East (138),10410
4001313188,-8850598.827,5404244.712,80147780,2014,2014/01/09 05:00:00+00,2025,20,ISLINGTON AVE,BRIMINGHAM ST,,Major Arterial,Etobicoke York,3.0,22,43.603228,-79.506282,Intersection,Intersection Related,Traffic Signal,Clear,"Dark, artificial",Wet,Non-Fatal Injury,Pedestrian Collisions,40 to 44,2,,1,0,1,0,0,0,0,0,0,0,0,0,0,18,New Toronto (18),10412
4001338478,-8855715.85,5406063.493,80200594,2014,2014/01/13 05:00:00+00,2125,21,THE QUEENSWAY,427 C S QUEENSWAY RAMP,,Major Arterial,Etobicoke York,3.0,22,43.615058000000005,-79.552249,Intersection,At Intersection,Traffic Signal,Clear,"Dark, artificial",Wet,Non-Fatal Injury,Turning Movement,65 to 69,2,,0,0,1,0,0,0,0,0,0,1,0,0,0,14,Islington-City Centre West (14),10414
4001339945,-8849899.852,5406143.755,80200599,2014,2014/01/14 05:00:00+00,710,7,JUDSON ST,HAROLD ST,,Collector,Etobicoke York,3.0,22,43.61558,-79.500003,Mid-Block,Non Intersection,No Control,Clear,"Dawn, artificial",Dry,Non-Fatal Injury,SMV Other,30 to 34,2,,0,0,1,0,0,0,0,0,1,1,0,0,0,17,Mimico (includes Humber Bay Shores) (17),10415
4001342712,-8852305.911,5414890.352000001,80148199,2014,2014/01/14 05:00:00+00,1518,15,3 BELL ROYAL CRT,,,Local,Etobicoke York,2.0,22,43.672438,-79.521617,Mid-Block,At/Near Private Drive,No Control,Clear,Daylight,Ice,Non-Fatal Injury,Pedestrian Collisions,35 to 39,2,,1,0,0,0,1,0,0,0,0,0,0,0,0,9,Edenbridge-Humber Valley (9),10417
4001344082,-8828514.487,5431262.207,80200657,2014,2014/01/14 05:00:00+00,1929,19,WARDEN AVE,SHEPPARD AVE E,,Major Arterial,Scarborough,22.0,42,43.77872,-79.307895,Intersection,Intersection Related,Traffic Signal,Clear,"Dark, artificial",Dry,Non-Fatal Injury,Turning Movement,20 to 24,2,,0,0,1,0,0,0,0,0,0,1,0,0,0,118,Tam O'Shanter-Sullivan (118),10419
4001361731,-8849098.129,5414433.1110000005,80148478,2014,2014/01/17 05:00:00+00,1528,15,JANE ST,PRITCHARD AVE,,Major Arterial,Etobicoke York,5.0,12,43.669467,-79.492801,Intersection,At Intersection,Traffic Signal,Clear,Daylight,Dry,Non-Fatal Injury,Pedestrian Collisions,65 to 69,2,,1,0,1,0,0,0,0,1,0,1,1,0,0,111,Rockcliffe-Smythe (111),10435
4001374034,-8822825.059,5418754.948,80200915,2014,2014/01/19 05:00:00+00,1702,17,KINGSTON RD,GLEN EVEREST RD,,Major Arterial,Scarborough,20.0,41,43.697542999999996,-79.256786,Intersection,At Intersection,Traffic Signal,Snow,"Dark, artificial",Ice,Non-Fatal Injury,SMV Other,60 to 64,2,,0,0,1,0,0,0,0,1,1,1,0,0,0,122,Birchcliffe-Cliffside (122),10570
4001383742,-8819155.19,5424167.795,80201054,2014,2014/01/21 05:00:00+00,1000,10,KINGSTON RD,TOLLGATE MEWS,100 m East of,Major Arterial,Scarborough,20.0,43,43.732688,-79.22381899999999,Mid-Block,Intersection Related,No Control,Clear,Daylight,Dry,Non-Fatal Injury,Rear End,60 to 64,2,,0,0,1,0,1,0,0,1,0,1,0,0,0,139,Scarborough Village (139),10829
4001384194,-8846723.462000001,5429580.7360000005,80148866,2014,2014/01/21 05:00:00+00,1222,12,FINCH AVE W,ALNESS ST,,Major Arterial,North York,6.0,32,43.767813000000004,-79.471469,Intersection,At Intersection,Traffic Signal,Clear,Daylight,Dry,Non-Fatal Injury,Pedestrian Collisions,55 to 59,2,,1,0,0,0,1,0,0,0,0,1,0,0,0,27,York University Heights (27),10831
4001392181,-8816235.28,5428214.9120000005,80149021,2014,2014/01/22 05:00:00+00,1846,18,KINGSTON RD,PAYZAC AVE,,Major Arterial,Scarborough,24.0,43,43.758952,-79.19758900000001,Intersection,At Intersection,Traffic Signal,Clear,Dark,Dry,Non-Fatal Injury,Pedestrian Collisions,35 to 39,2,,1,0,1,0,0,0,0,0,0,0,0,0,0,136,West Hill (136),10833
4001414099,-8833451.507000001,5413318.344,80201379,2014,2014/01/26 05:00:00+00,1510,15,DUNDAS ST E,HAMILTON ST,,Major Arterial,Toronto and East York,14.0,55,43.662223,-79.352245,Intersection,Intersection Related,Stop Sign,Snow,Daylight,Slush,Non-Fatal Injury,Angle,unknown,2,,0,0,1,0,0,0,0,1,0,1,0,0,0,70,South Riverdale (70),10840
4001426631,-8823721.849,5431388.017999999,80201577,2014,2014/01/28 05:00:00+00,1740,17,BRIMLEY RD,HIGHWAY 401 C  W,,Major Arterial,Scarborough,,42,43.779536,-79.264842,Mid-Block,Non Intersection,No Control,Clear,"Dark, artificial",Dry,Non-Fatal Injury,Approaching,65 to 69,2,,0,0,1,0,0,0,0,1,0,1,0,0,0,128,Agincourt South-Malvern West (128),10845
4001435138,-8820775.668,5430692.227000001,80201702,2014,2014/01/30 05:00:00+00,640,6,1970 ELLESMERE RD,,,Major Arterial,Scarborough,24.0,43,43.775023,-79.238376,Mid-Block,Non Intersection,No Control,Clear,Daylight,Dry,Non-Fatal Injury,Approaching,45 to 49,2,,0,0,1,0,0,0,0,1,0,0,0,0,0,137,Woburn (137),10848
4001436264,-8861660.979,5425235.03,80149893,2014,2014/01/30 05:00:00+00,1027,10,HIGHWAY 27  S,CARRIER DR,,Major Arterial,Etobicoke York,1.0,23,43.739615,-79.605655,Mid-Block,Non Intersection,No Control,Clear,Daylight,Dry,Non-Fatal Injury,Rear End,70 to 74,2,,0,0,1,0,0,0,0,0,1,1,0,0,1,1,West Humber-Clairville (1),10852
4001438202,-8849992.47,5429968.895,80201751,2014,2014/01/30 05:00:00+00,1540,15,THE POND RD,ATKINSON RD,7 m West of,Minor Arterial,Etobicoke York,7.0,31,43.770331,-79.500835,,At/Near Private Drive,Stop Sign,Clear,Daylight,Wet,Non-Fatal Injury,SMV Other,40 to 44,2,,0,0,1,0,0,0,0,0,0,0,0,0,1,27,York University Heights (27),10853
4001460471,-8846274.176,5416287.762,80150375,2014,2014/02/03 05:00:00+00,1043,10,OLD WESTON RD,ROGERS RD,,Minor Arterial,Etobicoke York,,12,43.681517,-79.467433,Mid-Block,Non Intersection,No Control,Clear,Daylight,Dry,Non-Fatal Injury,Cyclist Collisions,50 to 54,2,,0,1,1,0,0,0,0,0,0,0,0,0,0,110,Keelesdale-Eglinton West (110),10855
4001467875,-8858209.407,5423464.847,80150470,2014,2014/02/04 05:00:00+00,1255,12,KIPLING AVE,WESTHUMBER BLVD,,Major Arterial,Etobicoke York,1.0,23,43.728125,-79.574649,Intersection,At Intersection,Traffic Signal,Clear,Daylight,Dry,Non-Fatal Injury,Pedestrian Collisions,60 to 64,2,,1,0,1,0,0,0,0,0,0,1,1,1,0,4,Rexdale-Kipling (4),10858
4001484501,-8848691.256000001,5405906.199,80202307,2014,2014/02/07 05:00:00+00,806,8,LAKE SHORE BLVD W,PRIMROSE AVE,,Major Arterial,Etobicoke York,3.0,22,43.614035,-79.48914599999999,Intersection,Non Intersection,No Control,Clear,Daylight,Wet,Non-Fatal Injury,Angle,55 to 59,2,,0,0,1,0,0,0,0,1,1,1,0,0,0,17,Mimico (includes Humber Bay Shores) (17),10861
4001490210,-8841211.477,5410446.4860000005,80150889,2014,2014/02/08 05:00:00+00,241,2,QUEEN ST W,LISGAR ST,,Major Arterial,Toronto and East York,10.0,14,43.643557,-79.421954,Mid-Block,Non Intersection,No Control,Clear,"Dark, artificial",Slush,Non-Fatal Injury,Pedestrian Collisions,unknown,2,,1,0,1,0,0,0,0,1,1,1,0,0,0,82,Niagara (82),10867
4001492410,-8832412.785,5414211.808999999,80150943,2014,2014/02/08 05:00:00+00,1309,13,CARLAW AVE,GERRARD ST E,,Minor Arterial,Toronto and East York,14.0,55,43.668029,-79.34291400000001,Mid-Block,Non Intersection,No Control,Clear,Daylight,Wet,Non-Fatal Injury,Pedestrian Collisions,60 to 64,2,,1,0,1,0,0,0,0,1,0,0,0,0,0,68,North Riverdale (68),10870
4001495277,-8854689.038999999,5412882.722999999,80202495,2014,2014/02/08 05:00:00+00,2245,22,KIPLING AVE,RATHBURN RD,51 m South of,Major Arterial,Etobicoke York,2.0,22,43.659392,-79.543025,Mid-Block,Non Intersection,No Control,Clear,"Dark, artificial",Wet,Non-Fatal Injury,Sideswipe,35 to 39,2,,0,0,1,0,1,0,0,0,0,0,0,0,0,10,Princess-Rosethorn (10),10872
4001500296,-8820156.509,5430872.761,80202564,2014,2014/02/09 05:00:00+00,2134,21,2087 ELLESMERE RD,,43 m West of,Major Arterial,Scarborough,24.0,43,43.776194,-79.232814,Mid-Block,Non Intersection,No Control,Clear,"Dark, artificial",Slush,Non-Fatal Injury,Approaching,40 to 44,2,,0,0,1,0,0,1,0,0,0,1,0,0,0,137,Woburn (137),10874
4001503315,-8858802.183,5425127.484,80151169,2014,2014/02/10 05:00:00+00,1142,11,KIPLING AVE,ALBION RD,,Major Arterial,Etobicoke York,1.0,23,43.738917,-79.57997399999999,Mid-Block,At/Near Private Drive,No Control,Clear,Daylight,Wet,Non-Fatal Injury,Pedestrian Collisions,80 to 84,2,,1,0,1,0,0,0,0,0,0,0,0,0,0,3,Thistletown-Beaumond Heights (3),10876
4001505378,-8845823.221,5426871.48,80202638,2014,2014/02/10 05:00:00+00,1728,17,WILLIAM R ALLEN RD,SHEPPARD AVE W,5 m North of,Major Arterial,North York,6.0,32,43.750234999999996,-79.463382,Intersection,At Intersection,Traffic Signal,Clear,"Dusk, artificial",Dry,Non-Fatal Injury,Turning Movement,50 to 54,2,,0,0,0,0,1,1,0,0,0,0,0,0,0,26,Downsview-Roding-CFB (26),10878
4001521629,-8837131.506000001,5414150.7129999995,80151470,2014,2014/02/13 05:00:00+00,1054,10,7 ISABELLA ST,,,Collector,Toronto and East York,13.0,51,43.667632,-79.38530300000001,Mid-Block,Non Intersection,No Control,Clear,Daylight,Wet,Non-Fatal Injury,Pedestrian Collisions,45 to 49,2,,1,0,1,0,0,0,0,0,0,0,0,0,0,75,Church-Yonge Corridor (75),10884
4001533324,-8827554.802000001,5421698.546,80202986,2014,2014/02/15 05:00:00+00,643,6,VICTORIA PARK AVE,PARMA CRT,8 m North of,Major Arterial,Toronto and East York,,41,43.716658,-79.299274,Intersection,Non Intersection,Traffic Signal,Clear,Dawn,Dry,Non-Fatal Injury,Approaching,40 to 44,2,,0,0,1,0,0,0,0,1,0,0,0,0,0,120,Clairlea-Birchmount (120),10888
4001540834,-8836254.977,5410218.204,80626613,2014,2014/02/16 05:00:00+00,1321,13,BAY ST,HARBOUR ST,,Major Arterial,Toronto and East York,10.0,52,43.642072999999996,-79.377429,Intersection,At Intersection,Traffic Signal,Clear,Daylight,Dry,Non-Fatal Injury,Pedestrian Collisions,70 to 74,2,,1,0,1,0,0,0,0,1,0,1,0,0,0,77,Waterfront Communities-The Island (77),10894
4001551952,-8815041.155,5430010.672,80151885,2014,2014/02/18 05:00:00+00,1237,12,MORNINGSIDE AVE,KINGSTON RD,,Major Arterial,Scarborough,,43,43.770602000000004,-79.186862,Intersection,At Intersection,Traffic Signal,Clear,Daylight,Wet,Non-Fatal Injury,Pedestrian Collisions,55 to 59,2,,1,0,1,0,0,0,0,1,0,1,0,0,0,136,West Hill (136),10898
4001557370,-8844977.304,5414565.156,80151975,2014,2014/02/19 05:00:00+00,956,9,DAVENPORT RD,LAUGHTON AVE,,Minor Arterial,Toronto and East York,9.0,11,43.670325,-79.455783,Intersection,At Intersection,Traffic Signal,Clear,Daylight,Wet,Non-Fatal Injury,Pedestrian Collisions,65 to 69,2,,1,0,1,0,0,0,0,0,0,1,0,0,0,91,Weston-Pellam Park (91),10900
4001558896,-8826929.742999999,5419665.415,80203228,2014,2014/02/19 05:00:00+00,1410,14,VICTORIA PARK AVE,ST BEDES RD,,Major Arterial,Toronto and East York,,41,43.703456,-79.29365899999999,Intersection,Intersection Related,Stop Sign,Rain,Daylight,Wet,Non-Fatal Injury,Turning Movement,80 to 84,2,,0,0,1,0,0,0,0,0,0,1,0,0,0,120,Clairlea-Birchmount (120),10902
4001560471,-8831441.188,5421430.095,80152020,2014,2014/02/19 05:00:00+00,1836,18,GRENOBLE DR,GATEWAY BLVD,,Minor Arterial,North York,16.0,54,43.714915000000005,-79.334186,Intersection,Intersection Related,Traffic Signal,Clear,"Dark, artificial",Dry,Non-Fatal Injury,Pedestrian Collisions,unknown,2,,1,0,1,0,0,0,0,0,0,1,0,0,0,44,Flemingdon Park (44),10904
4001567446,-8824061.596,5424081.984,80626766,2014,2014/02/20 05:00:00+00,2020,20,EGLINTON AVE E,KENNEDY RD,,Major Arterial,Scarborough,,41,43.732131,-79.267894,Intersection,At/Near Private Drive,No Control,Rain,"Dark, artificial",Wet,Non-Fatal Injury,Pedestrian Collisions,unknown,2,,1,0,1,0,0,0,0,0,0,0,0,0,0,124,Kennedy Park (124),10906
4001576606,-8840368.121,5414997.316000001,80152256,2014,2014/02/22 05:00:00+00,935,9,DUPONT ST,BATHURST ST,,Major Arterial,Toronto and East York,11.0,14,43.673133,-79.414378,Intersection,At Intersection,Traffic Signal,Clear,Daylight,Dry,Non-Fatal Injury,Pedestrian Collisions,60 to 64,2,,1,0,1,0,0,0,0,0,0,1,0,0,0,95,Annex (95),10908
4001580826,-8834676.132000001,5411854.918,80152337,2014,2014/02/22 05:00:00+00,2334,23,PARLIAMENT ST,KING ST E,,Major Arterial,Toronto and East York,13.0,51,43.652712,-79.36324599999999,Intersection,Non Intersection,Traffic Signal,Clear,"Dark, artificial",Dry,Non-Fatal Injury,Other,40 to 44,2,,0,0,0,0,0,1,0,1,0,0,0,0,0,73,Moss Park (73),10910
4001595656,-8827965.794,5414417.721,80203633,2014,2014/02/25 05:00:00+00,1327,13,QUEEN ST E,ELMER AVE,6 m West of,Minor Arterial,Toronto and East York,19.0,55,43.669367,-79.302966,Mid-Block,Non Intersection,No Control,Clear,Daylight,Dry,Non-Fatal Injury,Pedestrian Collisions,30 to 34,2,,1,0,1,0,0,0,0,0,1,1,0,0,0,63,The Beaches (63),10911
4001608537,-8838372.273,5418732.623,80152758,2014,2014/02/27 05:00:00+00,1432,14,YONGE ST,BALLIOL ST,,Major Arterial,Toronto and East York,12.0,53,43.697398,-79.396449,Intersection,Non Intersection,No Control,Clear,Daylight,Dry,Non-Fatal Injury,Pedestrian Collisions,70 to 74,2,,1,0,0,0,0,1,0,0,0,0,0,0,0,104,Mount Pleasant West (104),10433
4001616287,-8850164.792000001,5407353.922,80627030,2014,2014/02/28 05:00:00+00,1845,18,7 QUEEN ELIZABETH BLVD,,,Local,Etobicoke York,3.0,22,43.62345,-79.502383,Mid-Block,Non Intersection,No Control,Clear,"Dark, artificial",Dry,Non-Fatal Injury,SMV Other,60 to 64,2,,0,0,1,0,0,0,0,0,1,1,0,1,0,16,Stonegate-Queensway (16),10438
4001617003,-8838993.102,5422868.392000001,80627033,2014,2014/02/28 05:00:00+00,2049,20,3035 YONGE ST,,,Major Arterial,North York,,53,43.724253000000004,-79.402026,Mid-Block,At/Near Private Drive,No Control,Clear,"Dark, artificial",Dry,Non-Fatal Injury,Pedestrian Collisions,55 to 59,2,,1,0,0,0,0,0,0,0,0,0,0,0,0,103,Lawrence Park South (103),10440
4001626103,-8846564.609,5432582.069,80627082,2014,2014/03/02 05:00:00+00,1208,12,STEELES AVE W,DUFFERIN ST,,Major Arterial,North York,6.0,32,43.787279999999996,-79.470042,Intersection,At Intersection,Traffic Signal,Clear,Daylight,Wet,Non-Fatal Injury,Turning Movement,75 to 79,2,,0,0,1,0,0,0,0,0,0,0,0,0,0,34,Bathurst Manor (34),10444
4001645257,-8847232.192,5416317.778,80204279,2014,2014/03/05 05:00:00+00,1528,15,ROGERS RD,WESTON RD,,Minor Arterial,Etobicoke York,5.0,12,43.681712,-79.476039,Mid-Block,Non Intersection,No Control,Clear,Daylight,Dry,Non-Fatal Injury,Turning Movement,40 to 44,2,,0,0,1,0,0,0,0,1,0,1,0,0,0,110,Keelesdale-Eglinton West (110),10451
4001647653,-8821672.569,5428217.222999999,80204303,2014,2014/03/05 05:00:00+00,2309,23,MCCOWAN RD,BENLEIGH  DR,30 m North of,Major Arterial,Scarborough,,43,43.758967,-79.246433,Mid-Block,Non Intersection,No Control,Clear,"Dark, artificial",Wet,Non-Fatal Injury,SMV Other,35 to 39,2,,0,0,1,0,0,0,0,1,1,1,0,0,0,137,Woburn (137),10461
4001652316,-8847570.269,5411513.367000001,80153607,2014,2014/03/06 05:00:00+00,1730,17,BLOOR ST W,DURIE ST,,Major Arterial,Toronto and East York,4.0,11,43.650492,-79.479076,Intersection,At Intersection,Traffic Signal,Clear,Daylight,Dry,Non-Fatal Injury,Pedestrian Collisions,60 to 64,2,,1,0,1,0,0,0,0,0,0,1,1,0,0,87,High Park-Swansea (87),10464
4001655411,-8831693.438,5437142.444,80153670,2014,2014/03/07 05:00:00+00,825,8,STEELES AVE E,PHARMACY AVE,,Major Arterial,Scarborough,22.0,42,43.816846999999996,-79.33645200000001,Intersection,At Intersection,Traffic Signal,Clear,Daylight,Dry,Non-Fatal Injury,Pedestrian Collisions,60 to 64,2,,1,0,1,0,0,0,0,0,0,1,0,0,0,116,Steeles (116),10470
4001659738,-8835407.39,5410754.615,80153750,2014,2014/03/07 05:00:00+00,2053,20,LOWER JARVIS ST,LAKE SHORE BLVD E,,Major Arterial,Toronto and East York,10.0,51,43.645559999999996,-79.369815,Intersection,At Intersection,Traffic Signal,Clear,"Dark, artificial",Dry,Non-Fatal Injury,Pedestrian Collisions,unknown,2,,1,0,0,0,0,0,0,0,0,1,0,0,0,77,Waterfront Communities-The Island (77),10472
4001678969,-8864818.668,5427022.658,80204589,2014,2014/03/11 04:00:00+00,335,3,7001 STEELES AVE W,,,Major Arterial,Etobicoke York,1.0,23,43.751216,-79.63402099999999,Mid-Block,Non Intersection,No Control,Clear,Dark,Dry,Non-Fatal Injury,SMV Other,45 to 49,2,,0,0,1,0,0,0,0,0,1,1,0,0,0,1,West Humber-Clairville (1),10475
4001680945,-8838363.813,5411245.828,80153899,2014,2014/03/09 05:00:00+00,30,3,QUEEN ST W,SPADINA AVE,,Major Arterial,Toronto and East York,10.0,52,43.648753,-79.396373,Intersection,At Intersection,Traffic Signal,Clear,"Dark, artificial",Dry,Non-Fatal Injury,Pedestrian Collisions,unknown,2,,1,0,0,0,0,0,0,0,0,0,0,0,0,77,Waterfront Communities-The Island (77),10474
4001694942,-8835368.317,5412132.0139999995,80154371,2014,2014/03/13 04:00:00+00,1755,17,QUEEN ST E,SHERBOURNE ST,,Major Arterial,Toronto and East York,13.0,51,43.654513,-79.36946400000001,Intersection,Intersection Related,Traffic Signal,Clear,Daylight,Dry,Non-Fatal Injury,Pedestrian Collisions,45 to 49,2,,1,0,1,0,0,0,0,0,0,0,0,0,0,73,Moss Park (73),10477
4001700272,-8836637.137,5410117.909,80154458,2014,2014/03/14 04:00:00+00,1545,15,YORK ST,YORK ST GARDINER W  RAMP,,Major Arterial,Toronto and East York,10.0,52,43.641421,-79.380862,Intersection,At Intersection,Traffic Signal,Clear,Daylight,Dry,Non-Fatal Injury,Pedestrian Collisions,55 to 59,2,,1,0,1,0,0,0,0,1,0,1,0,0,0,77,Waterfront Communities-The Island (77),10480
4001701923,-8821572.27,5425279.712,80154496,2014,2014/03/14 04:00:00+00,2041,20,DANFORTH RD,TRUDELLE ST,,Major Arterial,Scarborough,21.0,43,43.739905,-79.245532,Intersection,Intersection Related,Traffic Signal,Clear,"Dark, artificial",Dry,Non-Fatal Injury,Pedestrian Collisions,50 to 54,2,,1,0,1,0,0,0,0,1,0,1,0,0,0,138,Eglinton East (138),10486
4001715026,-8823897.734,5423536.632999999,80154698,2014,2014/03/17 04:00:00+00,700,7,711 KENNEDY RD,,,Major Arterial,Scarborough,20.0,41,43.728590999999994,-79.26642199999999,Mid-Block,Non Intersection,No Control,Clear,Dark,Dry,Non-Fatal Injury,Pedestrian Collisions,80 to 84,2,,1,0,1,0,0,0,0,0,0,0,0,0,0,124,Kennedy Park (124),10488