ACCNUM,X,Y,Index_,YEAR,DATE,TIME,HOUR,STREET1,STREET2,OFFSET,ROAD_CLASS,District,WardNum,Division,LATITUDE,LONGITUDE,LOCCOORD,ACCLOC,TRAFFCTL,VISIBILITY,LIGHT,RDSFCOND,ACCLASS,IMPACTYPE,INVAGE,INJURY,FATAL_NO,PEDESTRIAN,CYCLIST,AUTOMOBILE,MOTORCYCLE,TRUCK,TRSN_CITY_VEH,EMERG_VEH,PASSENGER,SPEEDING,AG_DRIV,REDLIGHT,ALCOHOL,DISABILITY,Hood_ID,Neighbourhood,ObjectId
4001727505,-8833864.279,5413682.737000001,80154894,2014,2014/03/19 04:00:00+00,615,6,DON VALLEY PARKWAY  S,GERRARD ST E,,Minor Arterial,Toronto and East York,14.0,55,43.664590999999994,-79.355953,Mid-Block,Non Intersection,No Control,Clear,Dark,Dry,Non-Fatal Injury,Pedestrian Collisions,35 to 39,2,,1,0,1,0,0,0,0,0,0,0,0,0,0,70,South Riverdale (70),10490
4001729186,-8833854.929,5413643.496,80205212,2014,2014/03/19 04:00:00+00,615,6,DON VALLEY PARKWAY  S,GERRARD ST E,,Minor Arterial,Toronto and East York,14.0,55,43.664336,-79.355869,Mid-Block,Non Intersection,No Control,Clear,Dark,Dry,Non-Fatal Injury,Pedestrian Collisions,60 to 64,2,,1,0,1,0,0,0,0,0,0,0,0,0,0,70,South Riverdale (70),10492
4001738828,-8817844.737,5427237.795,80155077,2014,2014/03/21 04:00:00+00,126,1,321 SCARBOROUGH GOLF CLUB RD,,,Minor Arterial,Scarborough,24.0,43,43.752612,-79.212047,Mid-Block,Non Intersection,No Control,Clear,"Dark, artificial",Loose Sand or Gravel,Non-Fatal Injury,SMV Other,30 to 34,2,,0,0,1,0,0,0,0,0,0,0,0,0,0,137,Woburn (137),10493
4001748870,-8843621.877999999,5413073.526000001,80155273,2014,2014/03/22 04:00:00+00,1750,17,PATON RD,LANSDOWNE AVE,,Minor Arterial,Toronto and East York,9.0,11,43.660632,-79.443607,Intersection,Intersection Related,Stop Sign,Clear,Daylight,Dry,Non-Fatal Injury,Pedestrian Collisions,85 to 89,2,,1,0,1,0,0,0,0,0,0,1,0,0,0,93,Dovercourt-Wallace Emerson-Junction (93),10495
4001752528,-8842441.335,5424242.36,80205480,2014,2014/03/23 04:00:00+00,1059,10,BATHURST  ST,HOTSPUR RD,,Major Arterial,North York,8.0,32,43.733171999999996,-79.433002,Intersection,At Intersection,No Control,Clear,Daylight,Dry,Non-Fatal Injury,Turning Movement,55 to 59,2,,0,0,1,0,0,0,0,1,0,1,0,0,0,39,Bedford Park-Nortown (39),10500
4001769884,-8836069.852,5411044.447000001,80155633,2014,2014/03/26 04:00:00+00,955,9,FRONT ST E,SCOTT ST,,Minor Arterial,Toronto and East York,13.0,51,43.647444,-79.375766,Intersection,Intersection Related,Stop Sign,Clear,Daylight,Dry,Non-Fatal Injury,Pedestrian Collisions,30 to 34,2,,1,0,1,0,0,0,0,0,0,0,0,0,0,77,Waterfront Communities-The Island (77),10502
4001774208,-8835146.68,5430098.85,80205693,2014,2014/03/27 04:00:00+00,2303,23,SHEPPARD AVE E,OLD LESLIE ST,,Major Arterial,North York,17.0,33,43.771174,-79.367473,Mid-Block,Non Intersection,No Control,Clear,"Dark, artificial",Dry,Non-Fatal Injury,SMV Other,70 to 74,2,,0,0,1,0,0,0,0,0,0,0,0,0,1,52,Bayview Village (52),10503
4001784791,-8839081.49,5411039.217,80155845,2014,2014/03/28 04:00:00+00,1644,16,QUEEN ST W,BATHURST ST,,Major Arterial,Toronto and East York,10.0,14,43.64741,-79.40281999999999,Mid-Block,Non Intersection,No Control,Clear,Daylight,Dry,Non-Fatal Injury,Pedestrian Collisions,40 to 44,2,,1,0,1,0,0,0,0,0,0,0,0,0,0,77,Waterfront Communities-The Island (77),10505
4001787575,-8819660.58,5433262.581,80205837,2014,2014/03/29 04:00:00+00,236,2,455 MILNER AVE,,,Minor Arterial,Scarborough,23.0,42,43.791693,-79.228359,Mid-Block,Non Intersection,No Control,Clear,"Dark, artificial",Dry,Non-Fatal Injury,SMV Other,25 to 29,2,,0,0,1,0,0,0,0,1,0,0,0,1,0,132,Malvern (132),10507
4001787637,-8839196.928,5413998.052999999,80155880,2014,2014/03/29 04:00:00+00,247,2,BLOOR ST W,SPADINA AVE,,Major Arterial,Toronto and East York,11.0,53,43.66664,-79.40385699999999,Intersection,At Intersection,Traffic Signal,Clear,"Dark, artificial",Dry,Non-Fatal Injury,Pedestrian Collisions,unknown,2,,1,0,1,0,0,0,0,0,0,0,0,0,0,79,University (79),10509
4001802886,-8840760.522,5423428.491,80156119,2014,2014/03/31 04:00:00+00,1715,17,AVENUE RD,FAIRLAWN AVE,,Major Arterial,North York,8.0,32,43.727889000000005,-79.41790300000001,Intersection,At Intersection,Traffic Signal,Clear,Daylight,Dry,Non-Fatal Injury,Pedestrian Collisions,25 to 29,2,,1,0,1,0,0,0,0,0,0,1,1,0,0,39,Bedford Park-Nortown (39),10511
4001819203,-8850522.351,5422425.387999999,80156398,2014,2014/04/03 04:00:00+00,930,9,1505 WILSON AVE,,,Major Arterial,North York,6.0,31,43.721377000000004,-79.505595,Mid-Block,Non Intersection,No Control,Clear,Daylight,Dry,Non-Fatal Injury,Pedestrian Collisions,65 to 69,2,,1,0,1,0,0,0,0,0,0,0,0,0,0,26,Downsview-Roding-CFB (26),10513
4001829726,-8832182.576,5423390.904,80156528,2014,2014/04/04 04:00:00+00,2225,22,DON MILLS RD,BARBER GREENE RD,,Major Arterial,North York,16.0,33,43.727645,-79.340846,Intersection,Intersection Related,Traffic Signal,Rain,Dark,Wet,Non-Fatal Injury,Pedestrian Collisions,45 to 49,2,,1,0,1,0,0,0,0,0,0,0,0,0,0,42,Banbury-Don Mills (42),10515
4001839598,-8851460.885,5411977.695,80206357,2014,2014/04/06 04:00:00+00,1555,15,ROYAL YORK RD,KINGSGROVE BLVD,,Minor Arterial,Etobicoke York,3.0,22,43.65351,-79.514026,Intersection,At Intersection,Stop Sign,Clear,Daylight,Dry,Non-Fatal Injury,Turning Movement,40 to 44,2,,0,0,1,1,0,0,0,0,0,1,0,0,0,15,Kingsway South (15),10517
4001839979,-8838065.7,5417150.417,80508066,2014,2014/04/06 04:00:00+00,1725,17,YONGE ST,PLEASANT BLVD,,Major Arterial,Toronto and East York,12.0,53,43.687121000000005,-79.393695,Intersection,At Intersection,No Control,Clear,Daylight,Dry,Non-Fatal Injury,Pedestrian Collisions,75 to 79,2,,1,0,1,1,0,0,0,0,1,1,0,0,0,98,Rosedale-Moore Park (98),10520
4001840034,-8853299.661,5410939.99,80156690,2014,2014/04/06 04:00:00+00,1730,17,DUNDAS ST W,MABELLE AVE,,Major Arterial,Etobicoke York,3.0,22,43.646765,-79.53054399999999,Intersection,At Intersection,Traffic Signal,Clear,Daylight,Dry,Non-Fatal Injury,Pedestrian Collisions,80 to 84,2,,1,0,1,0,0,0,0,1,0,1,0,0,0,14,Islington-City Centre West (14),10523
4001840724,-8836131.857,5420471.869,80156697,2014,2014/04/06 04:00:00+00,2002,20,BAYVIEW AVE,PARKHURST BLVD,,Major Arterial,North York,15.0,53,43.708693,-79.376323,Intersection,At Intersection,Pedestrian Crossover,Clear,"Dark, artificial",Dry,Non-Fatal Injury,Pedestrian Collisions,20 to 24,2,,1,0,1,0,0,0,0,1,0,1,0,0,0,56,Leaside-Bennington (56),10526
4001851906,-8822857.342,5422344.831,80156893,2014,2014/04/08 04:00:00+00,1550,15,DANFORTH RD,LINDEN AVE,,Major Arterial,Scarborough,20.0,41,43.720853999999996,-79.257076,Intersection,At Intersection,No Control,Clear,Daylight,Dry,Non-Fatal Injury,Pedestrian Collisions,30 to 34,2,,1,0,1,0,0,0,0,0,0,0,0,0,0,124,Kennedy Park (124),10528
4001856099,-8844669.84,5433125.025,80206548,2014,2014/04/09 04:00:00+00,1005,10,STEELES AVE W,TORRESDALE AVE,,Major Arterial,North York,6.0,32,43.790801,-79.45302099999999,Intersection,At Intersection,Traffic Signal,Clear,Daylight,Dry,Non-Fatal Injury,Turning Movement,60 to 64,2,,0,0,1,0,0,0,0,1,1,1,0,0,0,35,Westminster-Branson (35),10537
4001858374,-8834293.973,5421380.811000001,80206576,2014,2014/04/09 04:00:00+00,1604,16,EGLINTON AVE E,BRENTCLIFFE RD,,Major Arterial,North York,15.0,53,43.714595,-79.359813,Intersection,At Intersection,Traffic Signal,Clear,Daylight,Dry,Non-Fatal Injury,Turning Movement,45 to 49,2,,0,0,1,1,0,0,0,0,1,1,1,0,0,55,Thorncliffe Park (55),10107
4001876057,-8848732.89,5417129.3270000005,80206718,2014,2014/04/12 04:00:00+00,1030,10,WESTON RD,EGLINTON AVE W,,Major Arterial,Etobicoke York,5.0,12,43.686984,-79.48952,Intersection,Intersection Related,Traffic Signal,Clear,Daylight,Dry,Non-Fatal Injury,Turning Movement,75 to 79,2,,0,0,1,0,0,0,0,1,0,0,0,0,0,115,Mount Dennis (115),10118
4001879766,-8831155.765,5416001.921,80206767,2014,2014/04/12 04:00:00+00,2030,20,GREENWOOD AVE,OAKVALE AVE,,Minor Arterial,Toronto and East York,14.0,55,43.67966,-79.331622,Intersection,Intersection Related,Stop Sign,Clear,"Dark, artificial",Dry,Non-Fatal Injury,Turning Movement,35 to 39,2,,0,0,1,1,0,0,0,0,1,1,0,0,0,65,Greenwood-Coxwell (65),10121
4001887812,-8847261.135,5411610.292,80157480,2014,2014/04/14 04:00:00+00,934,9,BLOOR ST W,RUNNYMEDE RD,,Major Arterial,Toronto and East York,4.0,11,43.651121999999994,-79.476299,Intersection,Intersection Related,Traffic Signal,Clear,Daylight,Dry,Non-Fatal Injury,Sideswipe,75 to 79,2,,0,0,1,0,0,0,0,1,0,0,0,0,1,88,High Park North (88),10126
4001888181,-8862051.71,5422277.982000001,80157492,2014,2014/04/14 04:00:00+00,1030,10,REXDALE BLVD,HUMBERWOOD BLVD,,Major Arterial,Etobicoke York,1.0,23,43.720420000000004,-79.609165,Mid-Block,Non Intersection,No Control,Clear,Daylight,Dry,Non-Fatal Injury,Cyclist Collisions,unknown,2,,0,1,1,0,0,0,0,0,0,1,0,0,0,1,West Humber-Clairville (1),10128
4001889890,-8838436.06,5433230.351,80206861,2014,2014/04/14 04:00:00+00,1440,14,CUMMER AVE,CONACHER DR,,Minor Arterial,North York,18.0,32,43.791484000000004,-79.39702199999999,Intersection,At Intersection,Pedestrian Crossover,Clear,Daylight,Dry,Non-Fatal Injury,SMV Other,20 to 24,2,,0,0,1,0,0,0,0,0,1,1,0,0,0,50,Newtonbrook East (50),10129
4001900462,-8844669.84,5433125.025,80157603,2014,2014/04/16 04:00:00+00,718,7,TORRESDALE AVE,STEELES AVE W,,Major Arterial,North York,6.0,32,43.790801,-79.45302099999999,Intersection,At Intersection,Traffic Signal,Clear,Daylight,Dry,Non-Fatal Injury,Turning Movement,50 to 54,2,,0,0,1,0,0,0,0,0,0,1,1,0,0,35,Westminster-Branson (35),10131
4001902313,-8860611.236,5428291.359,80485411,2014,2014/04/16 04:00:00+00,1453,14,STEELES AVE W,GIHON SPRING DR,60 m East of,Major Arterial,Etobicoke York,1.0,23,43.759448,-79.596225,Mid-Block,Non Intersection,No Control,Clear,Daylight,Dry,Non-Fatal Injury,Approaching,45 to 49,2,,0,0,1,0,0,0,0,1,1,1,0,0,0,2,Mount Olive-Silverstone-Jamestown (2),10138
4001910374,-8839000.783,5413444.526000001,80207053,2014,2014/04/08 04:00:00+00,1955,19,HARBORD ST,SPADINA AVE,25 m East of,Major Arterial,Toronto and East York,11.0,52,43.663043,-79.40209499999999,Intersection,Non Intersection,No Control,Other,Daylight,Dry,Non-Fatal Injury,Cyclist Collisions,50 to 54,2,,0,1,1,0,0,0,0,1,0,0,0,0,0,79,University (79),10531
4001911454,-8846947.659,5409200.846,80207062,2014,2014/04/17 04:00:00+00,2030,20,THE QUEENSWAY,SOUTH KINGSWAY,,Major Arterial,Toronto and East York,4.0,11,43.635459000000004,-79.473483,Mid-Block,Underpass or Tunnel,No Control,Clear,"Dark, artificial",Dry,Non-Fatal Injury,Sideswipe,60 to 64,2,,0,0,1,0,0,0,0,1,1,1,0,0,0,87,High Park-Swansea (87),10141
4001912926,-8827335.614,5418596.3610000005,80207074,2014,2014/04/18 04:00:00+00,232,2,DAWES RD,CRESCENT TOWN RD,,Minor Arterial,Toronto and East York,19.0,54,43.696513,-79.29730500000001,Intersection,Non Intersection,Traffic Signal,Clear,"Dark, artificial",Dry,Non-Fatal Injury,SMV Other,40 to 44,2,,0,0,1,0,0,0,0,0,1,1,0,1,0,61,Taylor-Massey (61),10142
4001931404,-8814588.53,5428388.9229999995,80158038,2014,2014/04/21 04:00:00+00,1433,14,MORNINGSIDE AVE,GARDENTREE ST,,Minor Arterial,Scarborough,,43,43.760081,-79.182796,Intersection,Non Intersection,No Control,Clear,Daylight,Dry,Non-Fatal Injury,Cyclist Collisions,55 to 59,2,,0,1,1,0,0,0,0,0,0,0,0,0,0,136,West Hill (136),10144
4001933544,-8828725.104,5425621.772999999,80158067,2014,2014/04/21 04:00:00+00,2201,22,VICTORIA PARK AVE,LAWRENCE AVE E,,Major Arterial,North York,,41,43.742125,-79.309787,Intersection,Intersection Related,Traffic Signal,Clear,"Dark, artificial",Dry,Non-Fatal Injury,Pedestrian Collisions,55 to 59,2,,1,0,1,0,0,0,0,1,0,1,0,0,0,119,Wexford/Maryvale (119),10147
4001938263,-8835643.499,5411211.828,80628217,2014,2014/04/22 04:00:00+00,1700,17,MARKET ST,THE ESPLANADE,44 m North of,Local,Toronto and East York,13.0,51,43.648532,-79.371936,Mid-Block,Non Intersection,No Control,Clear,Daylight,Dry,Non-Fatal Injury,Pedestrian Collisions,40 to 44,2,,1,0,1,0,0,0,0,0,0,0,0,0,0,77,Waterfront Communities-The Island (77),10149
4001952133,-8846100.963,5413809.539,80158372,2014,2014/04/24 04:00:00+00,1956,19,MAVETY ST,DUNDAS ST W,,Major Arterial,Toronto and East York,4.0,11,43.665415,-79.465877,Intersection,At Intersection,No Control,Clear,"Dusk, artificial",Dry,Non-Fatal Injury,Cyclist Collisions,65 to 69,2,,0,1,1,0,0,0,0,0,0,0,0,0,0,90,Junction Area (90),10153
4001953344,-8842086.337000001,5411371.981000001,80158382,2014,2014/04/25 04:00:00+00,5,5,DUNDAS ST W,GLADSTONE AVE,,Minor Arterial,Toronto and East York,9.0,14,43.649573,-79.429813,Intersection,Non Intersection,No Control,Clear,"Dark, artificial",Dry,Non-Fatal Injury,Cyclist Collisions,40 to 44,2,,0,1,1,0,0,0,0,0,0,0,0,0,0,84,Little Portugal (84),10155
4001968230,-8851394.65,5428075.581,80158569,2014,2014/04/27 04:00:00+00,1053,10,FINCH AVE W,DRIFTWOOD AVE,,Major Arterial,Etobicoke York,7.0,31,43.758047999999995,-79.51343100000001,Intersection,At Intersection,Traffic Signal,Clear,Daylight,Dry,Non-Fatal Injury,Pedestrian Collisions,30 to 34,2,,1,0,0,0,0,1,0,0,0,0,0,0,0,25,Glenfield-Jane Heights (25),10157
4001981966,-8838644.895,5412224.176,80628460,2014,2014/04/29 04:00:00+00,1447,14,SPADINA AVE,BALDWIN ST,,Major Arterial,Toronto and East York,11.0,52,43.655112,-79.398898,Intersection,At Intersection,No Control,Rain,Daylight,Wet,Non-Fatal Injury,Pedestrian Collisions,60 to 64,2,,1,0,0,0,0,1,0,0,0,0,0,0,0,78,Kensington-Chinatown (78),10159
4001988525,-8858264.621,5408672.215,80207797,2014,2014/04/30 04:00:00+00,1555,15,BLOOR ST W,MILL RD,,Major Arterial,Etobicoke York,2.0,22,43.632022,-79.57514499999999,Intersection,Intersection Related,Traffic Signal,Clear,Daylight,Dry,Non-Fatal Injury,Turning Movement,50 to 54,2,,0,0,1,0,0,0,0,0,0,1,0,0,0,12,Markland Wood (12),10161
4001989403,-8842020.881000001,5433916.771000001,80628496,2014,2014/04/30 04:00:00+00,1822,18,STEELES AVE W,HILDA AVE,,Major Arterial,North York,18.0,32,43.795935,-79.429225,Intersection,At Intersection,Traffic Signal,Rain,Daylight,Wet,Non-Fatal Injury,Other,85 to 89,2,,0,0,0,0,0,1,0,1,0,0,0,0,0,36,Newtonbrook West (36),10163
4001994857,-8828770.077,5428224.312999999,80158992,2014,2014/05/01 04:00:00+00,1520,15,ELLESMERE RD,PHARMACY AVE,,Major Arterial,Scarborough,21.0,41,43.759013,-79.310191,Intersection,At Intersection,Traffic Signal,Clear,Daylight,Dry,Non-Fatal Injury,Other,80 to 84,2,,0,0,0,0,0,1,0,1,0,0,0,0,0,119,Wexford/Maryvale (119),10165
4001997279,-8854068.21,5423984.312000001,80628553,2014,2014/05/01 04:00:00+00,2244,22,WESTON RD,MAINSHEP RD,,Major Arterial,Etobicoke York,7.0,31,43.731497,-79.537448,Intersection,Non Intersection,No Control,Clear,"Dark, artificial",Dry,Non-Fatal Injury,Rear End,55 to 59,2,,0,0,1,0,0,0,0,1,1,1,0,1,0,23,Pelmo Park-Humberlea (23),10171
4002013081,-8840034.496,5412315.878,81152764,2013,2013/10/23 04:00:00+00,1704,17,COLLEGE ST,EUCLID AV,,Major Arterial,Toronto and East York,11.0,14,43.655708000000004,-79.411381,Intersection,Intersection Related,No Control,Clear,Daylight,Dry,Non-Fatal Injury,Turning Movement,40 to 44,2,,0,0,1,1,0,0,0,0,0,0,0,0,0,80,Palmerston-Little Italy (80),10916
4002017268,-8828954.422,5416578.5370000005,80159337,2014,2014/05/05 04:00:00+00,644,6,WOODBINE AVE,MERRILL AVE E,,Major Arterial,Toronto and East York,19.0,55,43.683406,-79.311847,Intersection,Intersection Related,Stop Sign,Clear,Daylight,Dry,Non-Fatal Injury,Cyclist Collisions,unknown,2,,0,1,1,0,0,0,0,1,0,1,0,0,0,62,East End-Danforth (62),10176
4002018320,-8828517.048,5415118.134,80159365,2014,2014/05/05 04:00:00+00,1009,10,WOODBINE AVE,KINGSTON RD,,Major Arterial,Toronto and East York,19.0,55,43.673918,-79.307918,Intersection,At Intersection,Traffic Signal,Clear,Daylight,Dry,Non-Fatal Injury,Cyclist Collisions,50 to 54,2,,0,1,1,0,0,0,0,1,0,1,0,0,0,63,The Beaches (63),10179
4002043758,-8821856.023,5424783.592999999,80208372,2014,2014/05/09 04:00:00+00,954,9,EGLINTON AVE E,BRIMLEY RD,,Major Arterial,Scarborough,,43,43.736684999999994,-79.248081,Intersection,Intersection Related,Traffic Signal,Clear,Daylight,Dry,Non-Fatal Injury,Angle,75 to 79,2,,0,0,1,0,0,0,0,0,0,1,1,0,1,138,Eglinton East (138),10183
4002053519,-8847611.012,5407791.589,80208508,2014,2014/05/10 04:00:00+00,1910,19,LAKE SHORE BLVD W,BROOKERS LANE,132 m West of,Major Arterial,Etobicoke York,3.0,22,43.626296,-79.479442,Mid-Block,Non Intersection,No Control,Clear,Daylight,Dry,Non-Fatal Injury,Sideswipe,50 to 54,2,,0,0,1,1,0,0,0,0,0,0,0,0,0,17,Mimico (includes Humber Bay Shores) (17),10189
4002056901,-8845181.13,5423279.837,80628845,2014,2014/05/11 04:00:00+00,1033,10,DUFFERIN ST,BRIDGELAND AVE,,Major Arterial,North York,8.0,32,43.726924,-79.457614,Intersection,Intersection Related,Traffic Signal,Clear,Daylight,Dry,Non-Fatal Injury,Pedestrian Collisions,35 to 39,2,,1,0,1,0,0,0,0,0,0,1,0,0,0,31,Yorkdale-Glen Park (31),10191
4002062071,-8831166.006000001,5414010.98,80160040,2014,2014/05/12 04:00:00+00,740,7,DUNDAS ST E,LESLIE ST,,Minor Arterial,Toronto and East York,14.0,55,43.666724,-79.331714,Intersection,At Intersection,Traffic Signal,Clear,Daylight,Dry,Non-Fatal Injury,Cyclist Collisions,5 to 9,2,,0,1,1,0,0,0,0,1,0,1,0,0,0,70,South Riverdale (70),10196
4002067851,-8817281.683,5433432.062000001,80160119,2014,2014/05/12 04:00:00+00,2330,23,KEELER BLVD,TWEEDROCK CRES,,Collector,Scarborough,24.0,43,43.792792,-79.20698900000001,Intersection,At Intersection,No Control,Rain,Dark,Wet,Non-Fatal Injury,Pedestrian Collisions,unknown,2,,1,0,0,0,0,0,0,0,0,0,0,0,0,135,Morningside (135),10198
4002082136,-8845522.547,5429945.926,80629004,2014,2014/05/15 04:00:00+00,737,7,FINCH AVE W,WILMINGTON AVE,,Major Arterial,North York,6.0,32,43.770182,-79.46068100000001,Intersection,At Intersection,Traffic Signal,Clear,Daylight,Dry,Non-Fatal Injury,Turning Movement,60 to 64,2,,0,0,1,0,0,0,0,1,0,1,0,0,0,34,Bathurst Manor (34),10205
4002084310,-8844605.274,5412408.503,80160348,2014,2014/05/14 04:00:00+00,1908,19,BLOOR ST W,DUNDAS ST W,,Major Arterial,Toronto and East York,4.0,11,43.65631,-79.45244100000001,Intersection,At Intersection,Traffic Signal,Rain,Dusk,Wet,Non-Fatal Injury,Pedestrian Collisions,40 to 44,2,,1,0,1,0,0,0,0,0,0,1,0,0,0,86,Roncesvalles (86),10200
4002098742,-8836493.646,5411930.153,80160614,2014,2014/05/17 04:00:00+00,1729,17,YONGE ST,QUEEN ST,,Major Arterial,Toronto and East York,13.0,51,43.653201,-79.379573,Mid-Block,Non Intersection,No Control,Clear,Daylight,Dry,Non-Fatal Injury,Pedestrian Collisions,60 to 64,2,,1,0,1,0,0,0,0,1,0,0,0,0,0,75,Church-Yonge Corridor (75),10208
4002131801,-8834790.012,5429827.226,80209227,2014,2014/05/22 04:00:00+00,2020,20,LESLIE ST,ESTHER SHINER BLVD,,Major Arterial,North York,17.0,33,43.769412,-79.364269,Intersection,At Intersection,Traffic Signal,Clear,"Dark, artificial",Dry,Non-Fatal Injury,Turning Movement,60 to 64,2,,0,0,1,0,0,0,0,1,0,1,1,1,0,52,Bayview Village (52),10318
4002138456,-8813253.364,5435833.806,80161160,2014,2014/05/23 04:00:00+00,2011,20,MEADOWVALE RD,SHEPPARD AVE E,,Major Arterial,Scarborough,25.0,42,43.808364000000005,-79.170802,Intersection,At Intersection,Traffic Signal,Clear,Dark,Dry,Non-Fatal Injury,Turning Movement,45 to 49,2,,0,0,1,1,0,0,0,0,0,1,0,0,0,131,Rouge (131),10422
4002140437,-8820683.05,5429784.217,80629257,2014,2014/05/24 04:00:00+00,319,3,BRIMORTON DR,ALBACORE CRES,48 m East of,Collector,Scarborough,24.0,43,43.769133000000004,-79.237544,Mid-Block,Non Intersection,No Control,Clear,"Dark, artificial",Dry,Non-Fatal Injury,SMV Other,40 to 44,2,,0,0,1,0,0,0,0,1,1,1,0,0,0,137,Woburn (137),10426
4002144979,-8821453.381000001,5426718.147000001,80209375,2014,2014/05/24 04:00:00+00,1954,19,1484 DANFORTH RD,,30 m South of,Major Arterial,Scarborough,21.0,43,43.74924,-79.24446400000001,Intersection,Non Intersection,No Control,Clear,Daylight,Dry,Non-Fatal Injury,Angle,35 to 39,2,,0,0,1,1,0,0,0,0,1,1,0,0,0,127,Bendale (127),10430
4002159560,-8834498.689,5428427.147999999,80161524,2014,2014/05/26 04:00:00+00,2322,23,1999 LESLIE ST,,,Major Arterial,North York,,33,43.760329,-79.361652,Mid-Block,Non Intersection,No Control,Clear,"Dark, artificial",Dry,Non-Fatal Injury,Cyclist Collisions,unknown,2,,0,1,0,0,0,0,0,0,0,1,0,0,0,40,St.Andrew-Windfields (40),10538
4002160939,-8852992.196,5430549.93,80161545,2014,2014/05/27 04:00:00+00,755,7,STEELES AVE W,PETER KAISER GT,,Major Arterial,Etobicoke York,7.0,31,43.7741,-79.527782,Mid-Block,Non Intersection,No Control,Clear,Daylight,Dry,Non-Fatal Injury,Cyclist Collisions,50 to 54,2,,0,1,1,0,0,0,0,0,0,0,0,0,0,24,Black Creek (24),10543
4002164733,-8813195.701,5443099.147999999,80209619,2014,2014/05/27 04:00:00+00,1729,17,STEELES AVE E,PICKERING TOWN LINE,,Minor Arterial,Scarborough,25.0,42,43.855445,-79.170284,Intersection,At Intersection,Traffic Signal,Clear,Daylight,Dry,Non-Fatal Injury,Turning Movement,40 to 44,2,,0,0,1,0,0,0,0,0,0,1,0,0,0,131,Rouge (131),10631
4002166140,-8817093.998,5431970.222,80161685,2014,2014/05/27 04:00:00+00,2125,21,NEILSON RD.,ELLESMERE RD,,Minor Arterial,Scarborough,24.0,43,43.783312,-79.205303,Mid-Block,At/Near Private Drive,No Control,Clear,"Dark, artificial",Dry,Non-Fatal Injury,Pedestrian Collisions,50 to 54,2,,1,0,1,0,0,0,0,0,0,0,0,0,0,135,Morningside (135),10633
4002168339,-8836850.313,5410302.808999999,80161720,2014,2014/05/28 04:00:00+00,837,8,BREMNER BLVD,GRAND TRUNK CRES,,Minor Arterial,Toronto and East York,10.0,52,43.642623,-79.382777,Intersection,Non Intersection,No Control,Clear,Daylight,Dry,Non-Fatal Injury,Cyclist Collisions,65 to 69,2,,0,1,1,0,0,0,0,0,0,1,0,0,0,77,Waterfront Communities-The Island (77),10635
4002174888,-8852140.268,5406652.405,80209767,2014,2014/05/29 04:00:00+00,814,8,FRED GARDINER EXPR,KIPLING AVENUE,500 m East of,,Etobicoke York,3.0,22,43.618888,-79.520129,Mid-Block,Non Intersection,No Control,Clear,Daylight,Dry,Non-Fatal Injury,Rear End,65 to 69,2,,0,0,1,0,1,0,0,0,1,1,0,0,0,17,Mimico (includes Humber Bay Shores) (17),10637
4002177658,-8836339.913999999,5410495.251,80161917,2014,2014/05/29 04:00:00+00,1450,14,45 BAY ST,,,Major Arterial,Toronto and East York,10.0,52,43.643874,-79.378192,Mid-Block,At/Near Private Drive,No Control,Clear,Daylight,Dry,Non-Fatal Injury,Pedestrian Collisions,35 to 39,2,,1,0,1,0,0,0,0,0,0,1,0,0,0,77,Waterfront Communities-The Island (77),10639
4002187226,-8851781.931,5403460.118,80629485,2014,2014/05/30 04:00:00+00,2205,22,LAKE SHORE BLVD W,KIPLING AVE,1 m North of,Major Arterial,Etobicoke York,3.0,22,43.598124,-79.51691,Intersection,At Intersection,Traffic Signal,Clear,"Dark, artificial",Dry,Non-Fatal Injury,Rear End,35 to 39,2,,0,0,1,1,0,0,0,0,0,1,0,1,0,18,New Toronto (18),10641
4002194232,-8837763.356,5409728.892000001,80629517,2014,2014/05/31 04:00:00+00,2217,22,F G GARDINER XY  W,SPADINA AVE,,Major Arterial,Toronto and East York,10.0,52,43.638892,-79.390979,Mid-Block,Non Intersection,No Control,Clear,"Dark, artificial",Dry,Non-Fatal Injury,Sideswipe,45 to 49,2,,0,0,1,0,0,0,0,1,0,0,0,0,0,77,Waterfront Communities-The Island (77),10648
4002194958,-8829518.366,5437842.27,80503092,2014,2014/06/01 04:00:00+00,40,4,BIRCHMOUNT RD,STEELES AVE E,,Major Arterial,Scarborough,22.0,42,43.821383000000004,-79.316913,Intersection,At Intersection,Traffic Signal,Clear,"Dark, artificial",Dry,Non-Fatal Injury,Turning Movement,35 to 39,2,,0,0,1,0,0,0,0,0,0,0,0,0,0,116,Steeles (116),10650
4002199465,-8821556.129,5427679.334,80210118,2014,2014/06/01 04:00:00+00,1747,17,LAWRENCE AVE E,MCCOWAN RD,,Major Arterial,Scarborough,,43,43.755477,-79.245387,Intersection,At Intersection,Traffic Signal,Clear,Daylight,Dry,Non-Fatal Injury,Rear End,70 to 74,2,,0,0,1,0,0,0,0,1,0,1,0,0,0,127,Bendale (127),10654