ACCNUM,X,Y,Index_,YEAR,DATE,TIME,HOUR,STREET1,STREET2,OFFSET,ROAD_CLASS,District,WardNum,Division,LATITUDE,LONGITUDE,LOCCOORD,ACCLOC,TRAFFCTL,VISIBILITY,LIGHT,RDSFCOND,ACCLASS,IMPACTYPE,INVAGE,INJURY,FATAL_NO,PEDESTRIAN,CYCLIST,AUTOMOBILE,MOTORCYCLE,TRUCK,TRSN_CITY_VEH,EMERG_VEH,PASSENGER,SPEEDING,AG_DRIV,REDLIGHT,ALCOHOL,DISABILITY,Hood_ID,Neighbourhood,ObjectId
4002781365,-8845814.761,5416479.867000001,80172239,2014,2014/08/26 04:00:00+00,1720,17,ROGERS RD,SILVERTHORN AVE,,Minor Arterial,Etobicoke York,,12,43.682765,-79.463306,Intersection,Intersection Related,Traffic Signal,Clear,Daylight,Dry,Non-Fatal Injury,Cyclist Collisions,30 to 34,2,,0,1,1,0,0,0,0,0,0,0,0,0,0,110,Keelesdale-Eglinton West (110),10067
4002786358,-8843049.362,5427675.1729999995,80217084,2014,2014/08/27 04:00:00+00,1205,12,SHEPPARD AVE W,BATHURST ST,25 m West of,Major Arterial,North York,6.0,32,43.75545,-79.438464,Intersection,Intersection Related,Traffic Signal,Clear,Daylight,Dry,Non-Fatal Injury,Other,60 to 64,2,,0,0,0,0,0,1,0,1,0,0,0,0,0,34,Bathurst Manor (34),10069
4002788366,-8840809.836000001,5433180.848999999,80217104,2014,2014/08/27 04:00:00+00,1719,17,YONGE ST,HOMEWOOD AVE,,Major Arterial,North York,18.0,32,43.791163,-79.418346,Intersection,Non Intersection,No Control,Clear,Daylight,Dry,Non-Fatal Injury,Rear End,45 to 49,2,,0,0,1,0,0,0,0,0,0,1,0,0,0,50,Newtonbrook East (50),10072
4002797820,-8828517.048,5415118.134,80217226,2014,2014/08/29 04:00:00+00,610,6,KINGSTON  RD,WOODBINE AVE,,Major Arterial,Toronto and East York,19.0,55,43.673918,-79.307918,Intersection,At Intersection,Traffic Signal,Clear,Dawn,Dry,Non-Fatal Injury,Turning Movement,60 to 64,2,,0,0,1,1,0,0,0,0,0,0,0,0,0,63,The Beaches (63),10074
4002799906,-8838050.449,5433344.931,80631877,2014,2014/08/29 04:00:00+00,1322,13,BAYVIEW AVE,CUMMER AVE,,Major Arterial,North York,,33,43.792227000000004,-79.393558,Intersection,At Intersection,Traffic Signal,Clear,Daylight,Dry,Non-Fatal Injury,Turning Movement,70 to 74,2,,0,0,1,0,0,0,0,0,0,1,0,0,0,49,Bayview Woods-Steeles (49),10078
4002803822,-8840784.344,5416471.554,80217288,2014,2014/08/30 04:00:00+00,108,1,BATHURST ST,ST CLAIR AVE W,41 m South of,Major Arterial,Toronto and East York,12.0,13,43.682711,-79.41811700000001,Mid-Block,Non Intersection,No Control,Clear,"Dark, artificial",Dry,Non-Fatal Injury,Pedestrian Collisions,60 to 64,2,,1,0,1,0,0,0,0,1,0,0,0,0,0,96,Casa Loma (96),10082
4002803863,-8841868.038999999,5410252.815,80631879,2014,2014/08/30 04:00:00+00,115,1,QUEEN ST W,DUFFERIN ST,50 m East of,Major Arterial,Toronto and East York,,14,43.642298,-79.427852,Mid-Block,Non Intersection,No Control,Clear,"Dark, artificial",Dry,Non-Fatal Injury,Cyclist Collisions,35 to 39,2,,0,1,0,0,0,1,0,0,0,0,0,0,0,84,Little Portugal (84),10084
4002804562,-8847284.067,5414601.0139999995,80485256,2014,2014/08/30 04:00:00+00,459,4,ST CLAIR AVE W,SYMES RD,39 m East of,Major Arterial,Etobicoke York,5.0,12,43.670558,-79.476505,Mid-Block,Non Intersection,No Control,Clear,"Dark, artificial",Dry,Fatal,Pedestrian Collisions,unknown,3,25.0,1,0,1,0,0,0,0,0,0,0,0,0,0,90,Junction Area (90),10086
4002809837,-8848048.386,5414294.45,80508324,2014,2014/08/30 04:00:00+00,2240,22,741 RUNNYMEDE RD,,10 m South of,Minor Arterial,Etobicoke York,5.0,11,43.668566,-79.48337099999999,Mid-Block,Non Intersection,No Control,Clear,"Dark, artificial",Dry,Non-Fatal Injury,Pedestrian Collisions,25 to 29,2,,1,0,1,1,0,0,0,0,0,0,0,0,0,90,Junction Area (90),10090
4002811941,-8833184.785,5412801.7870000005,80172812,2014,2014/08/31 04:00:00+00,855,8,BROADVIEW AVE,QUEEN ST E,,Major Arterial,Toronto and East York,14.0,55,43.658865999999996,-79.349849,Intersection,At Intersection,Traffic Signal,Clear,Daylight,Dry,Non-Fatal Injury,Pedestrian Collisions,65 to 69,2,,1,0,1,0,0,0,0,0,0,1,0,0,0,70,South Riverdale (70),10092
4002817424,-8818713.585,5425752.283,80217473,2014,2014/09/01 04:00:00+00,147,1,EGLINTON AVE E,MARKHAM RD,76 m West of,Major Arterial,Scarborough,,43,43.742971999999995,-79.219852,Mid-Block,Non Intersection,No Control,Clear,"Dark, artificial",Dry,Fatal,Pedestrian Collisions,30 to 34,3,26.0,0,0,0,0,0,1,0,1,0,0,0,0,0,139,Scarborough Village (139),10094
4002824583,-8835843.985,5414087.925,80631881,2014,2014/08/29 04:00:00+00,1200,12,WELLESLEY ST E,BLEECKER ST,18 m East of,Minor Arterial,Toronto and East York,13.0,51,43.667224,-79.373737,Intersection,Intersection Related,No Control,Clear,Daylight,Dry,Non-Fatal Injury,Cyclist Collisions,unknown,2,,0,1,1,0,0,0,0,0,0,1,0,0,0,71,Cabbagetown-South St.James Town (71),10076
4002835706,-8849768.272,5416741.708,80173183,2014,2014/09/03 04:00:00+00,1736,17,JANE ST,EGLINTON AVE W,,Major Arterial,Etobicoke York,5.0,12,43.684466,-79.49882099999999,Intersection,Intersection Related,No Control,Clear,Daylight,Dry,Non-Fatal Injury,Pedestrian Collisions,50 to 54,2,,1,0,1,0,0,0,0,0,0,0,0,0,0,115,Mount Dennis (115),10096
4002843049,-8829701.821,5430890.491,80485550,2014,2014/09/04 04:00:00+00,1729,17,SHEPPARD AVE E,PHARMACY AVE,50 m West of,Major Arterial,Scarborough,22.0,42,43.776309000000005,-79.318561,Mid-Block,Non Intersection,No Control,Clear,Daylight,Dry,Non-Fatal Injury,Turning Movement,45 to 49,2,,0,0,1,0,0,0,0,0,0,0,0,0,0,118,Tam O'Shanter-Sullivan (118),10098
4002856687,-8845086.843,5414194.727000001,80173514,2014,2014/09/06 04:00:00+00,1610,16,PELHAM AVE,UXBRIDGE AVE,,Local,Toronto and East York,9.0,11,43.667918,-79.456767,Mid-Block,Non Intersection,No Control,Clear,Daylight,Dry,Non-Fatal Injury,Cyclist Collisions,50 to 54,2,,0,1,1,0,0,0,0,0,0,0,0,0,0,91,Weston-Pellam Park (91),10100
4002857204,-8855653.066,5411155.367000001,80217933,2014,2014/09/06 04:00:00+00,1744,17,BURNHAMTHORPE RD,SHAVER AVE N,,Major Arterial,Etobicoke York,2.0,22,43.648165000000006,-79.55168499999999,Intersection,Intersection Related,Stop Sign,Clear,Daylight,Dry,Non-Fatal Injury,Turning Movement,45 to 49,2,,0,0,1,0,0,0,0,1,1,1,0,0,0,14,Islington-City Centre West (14),10105
4002857314,-8829960.861,5416658.891,80173528,2014,2014/09/06 04:00:00+00,1758,17,DANFORTH AVE,WOODINGTON AVE,,Major Arterial,Toronto and East York,19.0,54,43.683928,-79.320888,Intersection,At Intersection,Traffic Signal,Clear,Daylight,Dry,Non-Fatal Injury,Pedestrian Collisions,60 to 64,2,,1,0,1,0,0,0,0,0,0,1,0,0,0,64,Woodbine Corridor (64),11121
4002858983,-8853884.756000001,5424406.283,80217946,2014,2014/09/07 04:00:00+00,2313,23,2324 SHEPPARD AVE W,,,Major Arterial,Etobicoke York,7.0,31,43.734235999999996,-79.5358,Intersection,Private Driveway,No Control,Clear,"Dark, artificial",Dry,Non-Fatal Injury,SMV Other,unknown,2,,0,0,1,0,0,0,0,1,0,1,0,1,0,23,Pelmo Park-Humberlea (23),11363
4002864815,-8840499.812,5431422.708,80173621,2014,2014/09/07 04:00:00+00,2130,21,YONGE ST,FINCH AVE W,,Major Arterial,North York,18.0,32,43.779761,-79.415561,Intersection,At Intersection,Traffic Signal,Clear,"Dark, artificial",Dry,Non-Fatal Injury,Pedestrian Collisions,25 to 29,2,,1,0,1,0,0,0,0,0,0,0,0,0,0,51,Willowdale East (51),11149
4002867975,-8846074.58,5416020.084,80631882,2014,2014/09/08 04:00:00+00,1145,11,OLD WESTON RD,ALGARVE CRES,1 m North of,Minor Arterial,Toronto and East York,9.0,12,43.679778000000006,-79.46564000000001,Intersection,At Intersection,No Control,Clear,Daylight,Dry,Non-Fatal Injury,SMV Unattended Vehicle,60 to 64,2,,0,0,1,0,0,0,0,0,0,0,0,0,0,91,Weston-Pellam Park (91),11369
4002874669,-8846297.108,5413474.995,80218099,2014,2014/09/09 04:00:00+00,1115,11,ANNETTE ST,PACIFIC AVE,,Minor Arterial,Toronto and East York,4.0,11,43.663241,-79.467639,Intersection,At Intersection,Traffic Signal,Clear,Daylight,Dry,Non-Fatal Injury,Pedestrian Collisions,80 to 84,2,,1,0,1,0,0,0,0,0,0,1,0,0,0,90,Junction Area (90),11382
4002881159,-8823327.777999999,5421666.818,80218172,2014,2014/09/10 04:00:00+00,1030,10,ST CLAIR AVE E,KENNEDY RD,,Major Arterial,Scarborough,20.0,41,43.716452000000004,-79.261302,Intersection,Intersection Related,No Control,Clear,Daylight,Dry,Non-Fatal Injury,SMV Other,unknown,2,,0,0,0,1,0,0,0,0,0,1,0,0,0,120,Clairlea-Birchmount (120),11571
4002884654,-8827048.632000001,5426120.249,80173916,2014,2014/09/10 04:00:00+00,2012,20,LAWRENCE AVE E,WARDEN AVE,,Major Arterial,Scarborough,21.0,41,43.74536,-79.29472700000001,Intersection,At Intersection,Traffic Signal,Rain,"Dark, artificial",Wet,Non-Fatal Injury,Pedestrian Collisions,55 to 59,2,,1,0,1,0,0,0,0,0,0,1,0,0,0,119,Wexford/Maryvale (119),11746
4002886498,-8845800.288999999,5432791.476,80485565,2014,2014/09/11 04:00:00+00,625,6,STEELES AVE W,CONLEY ST,,Major Arterial,North York,6.0,32,43.788638,-79.463176,Intersection,At Intersection,Traffic Signal,Clear,"Dark, artificial",Wet,Non-Fatal Injury,Turning Movement,60 to 64,2,,0,0,1,1,0,0,0,0,0,0,0,0,0,35,Westminster-Branson (35),11748
4002906646,-8854048.729,5421753.222999999,80218397,2014,2014/09/14 04:00:00+00,643,6,WALSH AVE,WESTON N WALSH RAMP,,Major Arterial,Etobicoke York,7.0,31,43.717013,-79.537273,Intersection,At Intersection,Traffic Signal,Clear,Daylight,Dry,Non-Fatal Injury,Turning Movement,65 to 69,2,,0,0,1,0,0,0,0,0,0,1,1,0,0,23,Pelmo Park-Humberlea (23),11751
4002915951,-8863249.174,5422774.429,80218468,2014,2014/09/15 04:00:00+00,1655,16,HUMBERWOOD BLVD,HULLRICK DR,15 m East of,Collector,Etobicoke York,1.0,23,43.723643,-79.619922,Intersection,Non Intersection,No Control,Rain,Daylight,Wet,Non-Fatal Injury,Approaching,30 to 34,2,,0,0,1,0,0,0,0,0,1,1,0,0,0,1,West Humber-Clairville (1),11753
4002916967,-8827694.953,5422977.142999999,80218504,2014,2014/09/15 04:00:00+00,2010,20,EGLINTON AVE E,EGLINTON SQ,,Major Arterial,Scarborough,,41,43.724959000000005,-79.300533,Intersection,At Intersection,Traffic Signal,Rain,"Dark, artificial",Wet,Non-Fatal Injury,Angle,45 to 49,2,,0,0,1,0,0,0,0,1,0,1,1,0,0,119,Wexford/Maryvale (119),11763
4002919707,-8831833.589,5419177.297,80218522,2014,2014/09/16 04:00:00+00,932,9,DVP S DON MILLS S RAMP RD,DON MILLS RD,10 m South of,Major Arterial,Toronto and East York,14.0,54,43.700286,-79.337711,Mid-Block,Overpass or Bridge,No Control,Clear,Daylight,Dry,Non-Fatal Injury,SMV Other,50 to 54,2,,0,0,0,0,1,0,0,0,1,1,0,0,0,58,Old East York (58),11764
4002929082,-8834100.277,5433301.443,80174498,2014,2014/09/17 04:00:00+00,1620,16,FINCH AVE E,LINUS RD,,Major Arterial,North York,17.0,33,43.791945,-79.358073,Intersection,Intersection Related,Traffic Signal,Clear,Daylight,Dry,Non-Fatal Injury,Pedestrian Collisions,50 to 54,2,,1,0,1,0,0,0,0,0,0,0,0,0,0,47,Don Valley Village (47),11766
4002949644,-8858932.983,5416198.484,80631885,2014,2014/09/20 04:00:00+00,2003,20,SKYWAY AVE,MERIDIAN RD,220 m South of,Minor Arterial,Etobicoke York,1.0,23,43.680937,-79.581149,Mid-Block,Non Intersection,No Control,Clear,"Dark, artificial",Dry,Non-Fatal Injury,SMV Other,35 to 39,2,,0,0,0,1,0,0,0,0,0,1,0,0,0,1,West Humber-Clairville (1),11769
4002952213,-8843859.656,5433371.455,80174910,2014,2014/09/21 04:00:00+00,700,7,STEELES AVE W,BATHURST ST,,Major Arterial,North York,,32,43.792398999999996,-79.44574300000001,Intersection,At Intersection,Traffic Signal,Rain,Daylight,Wet,Non-Fatal Injury,Pedestrian Collisions,unknown,2,,1,0,1,0,0,0,0,0,0,1,1,0,0,36,Newtonbrook West (36),11771
4002954632,-8823078.089,5427246.579,80631887,2014,2014/09/21 04:00:00+00,1542,15,2715 LAWRENCE AVE E,,50 m West of,Major Arterial,Scarborough,21.0,41,43.752669,-79.259059,Mid-Block,At/Near Private Drive,No Control,Clear,Daylight,Dry,Non-Fatal Injury,Turning Movement,60 to 64,2,,0,0,1,1,0,0,0,0,1,1,0,0,0,127,Bendale (127),11773
4002973094,-8834029.032,5424540.32,80219096,2014,2014/09/24 04:00:00+00,1130,11,BANBURY RD,LAWRENCE AVE E,10 m North of,Collector,North York,15.0,33,43.735106,-79.357433,Intersection,Non Intersection,No Control,Clear,Daylight,Dry,Non-Fatal Injury,SMV Other,65 to 69,2,,0,0,1,0,0,0,0,0,1,1,0,0,1,42,Banbury-Don Mills (42),11776
4002973211,-8857692.216,5411719.373,80219107,2014,2014/09/24 04:00:00+00,1151,11,551 THE WEST MALL,,,Minor Arterial,Etobicoke York,2.0,22,43.651831,-79.570003,Mid-Block,Non Intersection,No Control,Clear,Daylight,Dry,Non-Fatal Injury,SMV Other,75 to 79,2,,0,0,1,0,0,0,0,0,1,1,0,0,0,13,Etobicoke West Mall (13),11777
4002979452,-8835530.51,5411163.06,80175297,2014,2014/09/25 04:00:00+00,940,9,LOWER JARVIS ST,THE ESPLANADE,,Major Arterial,Toronto and East York,,51,43.648215,-79.370921,Intersection,At Intersection,Traffic Signal,Clear,Daylight,Dry,Non-Fatal Injury,Pedestrian Collisions,20 to 24,2,,1,0,1,0,0,0,0,0,0,1,0,0,0,77,Waterfront Communities-The Island (77),11779
4002986275,-8838087.852,5420761.544,80175409,2014,2014/09/26 04:00:00+00,918,9,REDPATH AVE,BROADWAY AVE,,Collector,North York,,53,43.710574,-79.39389399999999,Intersection,At Intersection,Stop Sign,Clear,Daylight,Dry,Non-Fatal Injury,Pedestrian Collisions,55 to 59,2,,1,0,0,0,0,0,1,0,0,1,0,0,0,104,Mount Pleasant West (104),11781
4002987190,-8844647.798,5424264.083,80631889,2014,2014/09/26 04:00:00+00,1153,11,WILSON AVE,BILLY BISHOP WAY,4 m South of,Major Arterial,North York,6.0,32,43.733313,-79.452823,Intersection,At Intersection,Traffic Signal,Clear,Daylight,Dry,Non-Fatal Injury,Cyclist Collisions,50 to 54,2,,0,1,1,0,0,0,0,0,0,0,0,0,0,33,Clanton Park (33),11783
4003003255,-8844014.168,5422869.007999999,80631890,2014,2014/09/28 04:00:00+00,1820,18,WILLIAM R ALLEN RD N,RANEE AVE,100 m North of,,North York,8.0,32,43.724257,-79.447131,Mid-Block,Non Intersection,No Control,Clear,Daylight,Dry,Non-Fatal Injury,SMV Other,45 to 49,2,,0,0,0,1,0,0,0,0,0,0,0,0,0,32,Englemount-Lawrence (32),11784
4003007939,-8841023.013,5412191.25,80175683,2014,2014/09/29 04:00:00+00,1325,13,COLLEGE ST,SHAW ST,,Major Arterial,Toronto and East York,11.0,14,43.654897999999996,-79.420261,Intersection,Non Intersection,Pedestrian Crossover,Clear,Daylight,Dry,Non-Fatal Injury,Cyclist Collisions,35 to 39,2,,0,1,1,0,0,0,0,1,0,1,0,0,0,81,Trinity-Bellwoods (81),11787
4003015546,-8836057.941,5412484.82,80175763,2014,2014/09/30 04:00:00+00,1538,15,DUNDAS ST E,MUTUAL ST,,Major Arterial,Toronto and East York,13.0,51,43.656806,-79.375659,Intersection,At Intersection,No Control,Clear,Daylight,Dry,Non-Fatal Injury,Pedestrian Collisions,45 to 49,2,,1,0,0,1,0,0,0,0,0,0,0,0,0,75,Church-Yonge Corridor (75),11789
4003025669,-8848998.721,5418634.545,80175906,2014,2014/10/02 04:00:00+00,740,7,581 TRETHEWEY DR,,,Minor Arterial,Etobicoke York,5.0,12,43.696760999999995,-79.491908,Mid-Block,Non Intersection,No Control,Clear,Daylight,Dry,Non-Fatal Injury,Sideswipe,55 to 59,2,,0,0,1,0,0,0,0,1,0,1,0,0,0,30,Brookhaven-Amesbury (30),11799
4003042543,-8828618.905,5427398.842999999,80219808,2014,2014/10/04 04:00:00+00,1730,17,PHARMACY AVE,PRINCEWAY DR,55 m North of,Minor Arterial,Scarborough,21.0,41,43.753657000000004,-79.30883299999999,Mid-Block,Non Intersection,No Control,Clear,Daylight,Dry,Non-Fatal Injury,Turning Movement,80 to 84,2,,0,0,1,1,0,0,0,1,0,1,0,0,0,119,Wexford/Maryvale (119),11805
4003056806,-8837274.997000001,5411557.368,80631892,2014,2014/10/07 04:00:00+00,9,9,UNIVERSITY AVE,QUEEN ST W,,Major Arterial,Toronto and East York,10.0,52,43.650778,-79.38659200000001,Intersection,At Intersection,Traffic Signal,Rain,"Dark, artificial",Wet,Non-Fatal Injury,Pedestrian Collisions,45 to 49,2,,1,0,1,0,0,0,0,0,0,0,0,0,0,76,Bay Street Corridor (76),11807
4003063238,-8857468.019,5426805.061000001,80220030,2014,2014/10/08 04:00:00+00,2348,23,2835 ISLINGTON AVE,,25 m South of,Major Arterial,Etobicoke York,7.0,31,43.749804,-79.567989,Mid-Block,At/Near Private Drive,No Control,Clear,"Dark, artificial",Wet,Non-Fatal Injury,SMV Other,50 to 54,2,,0,0,1,0,0,0,0,0,1,1,0,1,0,21,Humber Summit (21),11808
4003072697,-8832888.341,5428635.227000001,80176726,2014,2014/10/09 04:00:00+00,1240,12,DON MILLS RD,DUNCAN MILL RD,,Major Arterial,North York,16.0,33,43.761679,-79.347186,Intersection,At Intersection,Traffic Signal,Clear,Daylight,Dry,Non-Fatal Injury,Pedestrian Collisions,50 to 54,2,,1,0,0,0,1,0,0,0,0,1,0,0,0,45,Parkwoods-Donalda (45),11810
4003073382,-8826593.336000001,5424575.601,80485686,2014,2014/10/09 04:00:00+00,1410,14,WARDEN AVE,MARBLE ARCH CRES,,Major Arterial,Scarborough,21.0,41,43.735335,-79.290637,Intersection,Non Intersection,Traffic Signal,Clear,Daylight,Dry,Fatal,Cyclist Collisions,60 to 64,3,32.0,0,1,1,0,0,0,0,0,0,1,1,0,0,119,Wexford/Maryvale (119),11812
4003074555,-8842838.745,5409446.022999999,80485688,2014,2014/10/09 04:00:00+00,1745,17,KING ST W,JAMESON AVE,14 m West of,Major Arterial,Toronto and East York,4.0,14,43.637053,-79.436572,Mid-Block,Intersection Related,No Control,Clear,Dusk,Dry,Fatal,Pedestrian Collisions,80 to 84,3,33.0,1,0,0,0,1,0,0,0,0,0,0,0,0,85,South Parkdale (85),11814
4003078638,-8843993.796,5409577.997,80176786,2014,2014/10/10 04:00:00+00,1138,11,F G GARDINER XY  W,PARKSIDE DR,,,Toronto and East York,4.0,11,43.637910999999995,-79.44694799999999,Mid-Block,Non Intersection,No Control,Clear,Daylight,Dry,Non-Fatal Injury,Pedestrian Collisions,35 to 39,2,,1,0,1,0,0,0,0,0,0,0,0,0,0,85,South Parkdale (85),11816
4003092212,-8856047.916000001,5412518.209,80220385,2014,2014/10/12 04:00:00+00,1640,16,MARTIN GROVE RD,RATHBURN  RD,,Minor Arterial,Etobicoke York,2.0,22,43.657022999999995,-79.55523199999999,Intersection,At Intersection,Traffic Signal,Clear,Daylight,Dry,Non-Fatal Injury,Angle,90 to 94,2,,0,0,1,0,0,0,1,1,0,1,1,0,0,14,Islington-City Centre West (14),11824
4003101857,-8825659.142,5429827.226,80220495,2014,2014/10/14 04:00:00+00,1255,12,KENNEDY RD,GLAMORGAN AVE,,Major Arterial,Scarborough,21.0,41,43.769412,-79.28224499999999,Intersection,At Intersection,Traffic Signal,Clear,Daylight,Wet,Non-Fatal Injury,Turning Movement,50 to 54,2,,0,0,1,1,0,0,0,0,0,1,0,0,0,126,Dorset Park (126),11826
4003102605,-8829785.088,5433902.12,80220509,2014,2014/10/14 04:00:00+00,1448,14,BRIDLETOWNE CRCL,FINCH AVE E,,Major Arterial,Scarborough,22.0,42,43.795840000000005,-79.31930899999999,Intersection,At Intersection,Traffic Signal,Clear,Daylight,Dry,Non-Fatal Injury,Turning Movement,50 to 54,2,,0,0,1,1,0,0,0,0,0,1,0,0,0,117,L'Amoreaux (117),11828
4003112757,-8825394.202,5424558.499,80177278,2014,2014/10/16 04:00:00+00,644,6,BERTRAND AVE,BIRCHMOUNT RD,,Major Arterial,Scarborough,21.0,41,43.735224,-79.279865,Intersection,At Intersection,Traffic Signal,Clear,"Dark, artificial",Dry,Non-Fatal Injury,Pedestrian Collisions,65 to 69,2,,1,0,1,0,0,0,0,0,0,1,0,0,0,125,Ionview (125),11830
4003142204,-8836731.424,5411727.065,80177788,2014,2014/10/20 04:00:00+00,1803,18,BAY ST,QUEEN ST W,,Major Arterial,Toronto and East York,,52,43.651881,-79.381709,Intersection,At Intersection,Traffic Signal,Rain,Dusk,Wet,Non-Fatal Injury,Cyclist Collisions,unknown,2,,0,1,1,0,0,0,0,0,0,1,0,0,0,76,Bay Street Corridor (76),11135
4003143526,-8837057.59,5411503.982000001,80220995,2014,2014/10/20 04:00:00+00,2229,22,YORK ST,RICHMOND ST W,,Major Arterial,Toronto and East York,10.0,52,43.650431,-79.384639,Intersection,At Intersection,Traffic Signal,Rain,"Dark, artificial",Wet,Non-Fatal Injury,Angle,35 to 39,2,,0,0,1,1,0,0,0,0,0,1,1,0,0,76,Bay Street Corridor (76),11151
4003148755,-8845858.064,5412035.699,80177890,2014,2014/10/21 04:00:00+00,1909,19,BLOOR ST W,PACIFIC AVE,,Major Arterial,Toronto and East York,4.0,11,43.653887,-79.463695,Intersection,At Intersection,No Control,Rain,"Dark, artificial",Wet,Non-Fatal Injury,Pedestrian Collisions,35 to 39,2,,1,0,1,0,0,0,0,0,0,0,0,0,0,87,High Park-Swansea (87),11153
4003149103,-8842041.252999999,5424966.476,80221042,2014,2014/10/21 04:00:00+00,2015,20,WILSON AVE,ALLARD AVE,,Major Arterial,North York,8.0,32,43.737871999999996,-79.429408,Intersection,Intersection Related,Stop Sign,Rain,"Dark, artificial",Wet,Non-Fatal Injury,Turning Movement,60 to 64,2,,0,0,1,0,0,0,0,1,0,1,0,0,0,39,Bedford Park-Nortown (39),11156
4003152521,-8831019.065,5423520.15,80221057,2014,2014/10/22 04:00:00+00,1145,11,DON VALLEY PARKWAY  S,WYNFORD DR,200 m North of,,North York,16.0,33,43.728484,-79.330394,Mid-Block,Non Intersection,No Control,Clear,Daylight,Dry,Non-Fatal Injury,Rear End,55 to 59,2,,0,0,1,1,0,0,0,0,1,1,0,0,0,42,Banbury-Don Mills (42),11158
4003154882,-8821648.746,5430418.119,80177978,2014,2014/10/22 04:00:00+00,1803,18,PARKINGTON CRES,ELLESMERE RD,,Major Arterial,Scarborough,24.0,43,43.773245,-79.246219,Intersection,At Intersection,Traffic Signal,Clear,Dusk,Dry,Non-Fatal Injury,Pedestrian Collisions,65 to 69,2,,1,0,1,0,1,0,0,0,0,1,1,0,0,137,Woburn (137),11161
4003158007,-8852221.865,5430057.073,80221111,2014,2014/10/23 04:00:00+00,1229,12,4709 JANE ST,,,Major Arterial,Etobicoke York,7.0,31,43.770903000000004,-79.520862,Intersection,At Intersection,Traffic Signal,Clear,Daylight,Dry,Non-Fatal Injury,Sideswipe,40 to 44,2,,0,0,0,0,1,0,0,1,0,0,0,0,0,24,Black Creek (24),11165
4003162994,-8840152.161,5429526.63,80221198,2014,2014/10/24 04:00:00+00,2315,23,YONGE ST,HILLCREST AVE,,Major Arterial,North York,18.0,32,43.767462,-79.412438,Intersection,Non Intersection,No Control,Clear,"Dark, artificial",Dry,Non-Fatal Injury,Sideswipe,unknown,2,,0,0,1,0,0,1,0,1,0,0,0,0,0,51,Willowdale East (51),11176
4003167923,-8849070.967,5414780.002,80631896,2014,2014/10/24 04:00:00+00,1727,17,220 WOOLNER AVE,,65 m East of,Collector,Etobicoke York,5.0,12,43.671721000000005,-79.49255699999999,Mid-Block,At/Near Private Drive,No Control,Clear,Dusk,Dry,Non-Fatal Injury,Pedestrian Collisions,80 to 84,2,,1,0,1,0,0,0,0,0,0,0,0,0,0,111,Rockcliffe-Smythe (111),11167
4003174449,-8838297.578,5411021.063999999,80631898,2014,2014/10/25 04:00:00+00,1736,17,123 SPADINA AVE,,,Major Arterial,Toronto and East York,10.0,52,43.647292,-79.395778,Intersection,Intersection Related,No Control,Clear,Daylight,Dry,Non-Fatal Injury,Sideswipe,35 to 39,2,,0,0,1,1,0,0,0,0,0,0,0,0,0,77,Waterfront Communities-The Island (77),11178
4003176267,-8835407.39,5410754.0,80221349,2014,2014/10/26 04:00:00+00,2335,23,LAKE SHORE BLVD E,LOWER JARVIS ST,27 m East of,Major Arterial,Toronto and East York,10.0,51,43.645556,-79.369815,Intersection,At Intersection,Traffic Signal,Clear,"Dark, artificial",Dry,Non-Fatal Injury,Rear End,30 to 34,2,,0,0,1,0,0,0,0,0,1,1,0,0,0,77,Waterfront Communities-The Island (77),11182
4003192512,-8827868.166000001,5422732.685,80221527,2014,2014/10/28 04:00:00+00,1515,15,VICTORIA PARK AVE,O CONNOR DR,,Major Arterial,North York,,41,43.723372,-79.302089,Intersection,Intersection Related,Traffic Signal,Other,Daylight,Dry,Fatal,Cyclist Collisions,70 to 74,3,36.0,0,1,1,0,0,0,0,0,0,0,0,0,0,120,Clairlea-Birchmount (120),11184
4003207779,-8852688.962000001,5407026.069,80178782,2014,2014/10/30 04:00:00+00,2111,21,1255 QUEENSWAY AVE,,,Major Arterial,Etobicoke York,3.0,22,43.621318,-79.525058,Mid-Block,Non Intersection,No Control,Clear,"Dark, artificial",Wet,Non-Fatal Injury,Turning Movement,unknown,2,,0,0,0,1,0,0,0,0,0,1,0,0,0,14,Islington-City Centre West (14),11186
4003213460,-8860542.441,5421790.802999999,80178889,2014,2014/10/31 04:00:00+00,1845,18,REXDALE BLVD,HIGHWAY 27  S,,Major Arterial,Etobicoke York,1.0,23,43.717257000000004,-79.595607,Intersection,At Intersection,Traffic Signal,Rain,"Dark, artificial",Wet,Non-Fatal Injury,Cyclist Collisions,75 to 79,2,,0,1,1,0,0,0,0,1,0,0,0,0,0,1,West Humber-Clairville (1),11192
4003224177,-8840313.017,5419665.877,80179135,2014,2014/11/02 04:00:00+00,1205,12,EGLINGTON AVE,HEDDINGTON AVE,,Major Arterial,North York,,53,43.703459,-79.413883,Intersection,At Intersection,Traffic Signal,Clear,Daylight,Dry,Non-Fatal Injury,Pedestrian Collisions,75 to 79,2,,1,0,1,0,0,0,0,0,0,1,0,0,0,101,Forest Hill South (101),11197