ACCNUM,X,Y,Index_,YEAR,DATE,TIME,HOUR,STREET1,STREET2,OFFSET,ROAD_CLASS,District,WardNum,Division,LATITUDE,LONGITUDE,LOCCOORD,ACCLOC,TRAFFCTL,VISIBILITY,LIGHT,RDSFCOND,ACCLASS,IMPACTYPE,INVAGE,INJURY,FATAL_NO,PEDESTRIAN,CYCLIST,AUTOMOBILE,MOTORCYCLE,TRUCK,TRSN_CITY_VEH,EMERG_VEH,PASSENGER,SPEEDING,AG_DRIV,REDLIGHT,ALCOHOL,DISABILITY,Hood_ID,Neighbourhood,ObjectId
4003235849,-8844217.993999999,5421826.074,80222021,2014,2014/11/02 04:00:00+00,1015,10,BLOSSOMFIELD DR,DANE AVE,,Collector,North York,8.0,32,43.717486,-79.448962,Intersection,At Intersection,Stop Sign,Clear,"Dark, artificial",Dry,Non-Fatal Injury,Pedestrian Collisions,65 to 69,2,,1,0,1,0,0,0,0,0,0,1,0,0,0,31,Yorkdale-Glen Park (31),11194
4003249661,-8847108.182,5416752.33,80179438,2014,2014/11/06 05:00:00+00,1130,11,BICKNELL AVE,WESTBURY CRES,,Collector,Etobicoke York,5.0,12,43.684535,-79.474925,Intersection,Non Intersection,Stop Sign,Clear,Daylight,Dry,Non-Fatal Injury,Pedestrian Collisions,90 to 94,2,,1,0,1,0,0,0,0,0,0,0,0,0,0,110,Keelesdale-Eglinton West (110),11200
4003253640,-8838478.472000001,5411640.1389999995,80631901,2014,2014/11/06 05:00:00+00,2300,23,SPADINA AVE,SULLIVAN ST,64 m North of,Major Arterial,Toronto and East York,10.0,52,43.651315999999994,-79.397403,Mid-Block,Non Intersection,No Control,Rain,"Dark, artificial",Wet,Non-Fatal Injury,Pedestrian Collisions,40 to 44,2,,1,0,0,0,0,1,0,0,0,0,0,0,0,78,Kensington-Chinatown (78),11204
4003257164,-8834257.46,5435990.222,80222235,2014,2014/11/07 05:00:00+00,1247,12,DON MILLS RD,FRESHMEADOW DR,,Major Arterial,North York,17.0,33,43.809378,-79.35948499999999,Mid-Block,Non Intersection,No Control,Clear,Daylight,Dry,Fatal,Pedestrian Collisions,70 to 74,3,39.0,1,0,1,0,0,0,0,0,0,0,0,0,0,48,Hillcrest Village (48),11206
4003258482,-8819919.509,5430455.272999999,80179561,2014,2014/11/07 05:00:00+00,1700,17,BRIMORTON DR,MARKHAM RD,,Major Arterial,Scarborough,24.0,43,43.773486,-79.230685,Intersection,At Intersection,Traffic Signal,Clear,"Daylight, artificial",Dry,Non-Fatal Injury,Pedestrian Collisions,65 to 69,2,,1,0,0,0,0,0,0,0,0,0,0,0,0,137,Woburn (137),11208
4003267619,-8858208.516,5423465.4629999995,80501557,2014,2014/11/09 05:00:00+00,559,5,KIPLING AVE,WESTHUMBER BLVD,,Major Arterial,Etobicoke York,1.0,23,43.728128999999996,-79.574641,Intersection,At Intersection,Traffic Signal,Clear,"Dark, artificial",Dry,Fatal,Angle,50 to 54,3,40.0,0,0,1,0,0,1,0,1,0,1,1,0,0,4,Rexdale-Kipling (4),11218
4003269360,-8827772.208999999,5424502.727000001,80222388,2014,2014/11/09 05:00:00+00,1356,13,PHARMACY AVE,INNISDALE DR,,Minor Arterial,Scarborough,21.0,41,43.734862,-79.301227,Intersection,Intersection Related,Traffic Signal,Clear,Daylight,Dry,Non-Fatal Injury,Rear End,80 to 84,2,,0,0,1,1,0,0,0,0,0,1,0,0,0,119,Wexford/Maryvale (119),11220
4003270015,-8840775.884,5423491.342999999,80179746,2014,2014/11/09 05:00:00+00,1555,15,AVENUE RD,ST GERMAIN AVE,,Major Arterial,North York,8.0,32,43.728297,-79.418041,Mid-Block,Non Intersection,No Control,Clear,Daylight,Dry,Non-Fatal Injury,SMV Unattended Vehicle,unknown,2,,0,0,1,0,0,0,0,0,0,0,0,0,1,39,Bedford Park-Nortown (39),11222
4003276888,-8855096.691,5418667.956,80631903,2014,2014/11/10 05:00:00+00,1750,17,DIXON RD,ISLINGTON AVE,28 m East of,Major Arterial,Etobicoke York,,23,43.696978,-79.546687,Intersection,At Intersection,Traffic Signal,Clear,Dark,Dry,Non-Fatal Injury,Pedestrian Collisions,30 to 34,2,,1,0,1,0,0,0,0,0,0,0,0,0,0,6,Kingsview Village-The Westway (6),11224
4003298111,-8842057.394,5421959.457,80631905,2014,2014/11/14 05:00:00+00,645,6,BATHURST ST,FAIRHOLME AVE,5 m North of,Major Arterial,North York,8.0,53,43.718352,-79.429553,Intersection,At Intersection,No Control,Clear,"Dawn, artificial",Dry,Non-Fatal Injury,Pedestrian Collisions,60 to 64,2,,1,0,1,0,0,0,0,0,0,1,0,0,0,39,Bedford Park-Nortown (39),11226
4003323321,-8838466.561,5434999.325,80631907,2014,2014/11/18 05:00:00+00,1211,12,STEELES AVE E,BAYVIEW AVE,85 m West of,Major Arterial,North York,18.0,32,43.802954,-79.397296,Mid-Block,Non Intersection,No Control,Clear,Daylight,Dry,Non-Fatal Injury,Other,55 to 59,2,,0,0,0,0,0,1,0,1,0,0,0,0,0,50,Newtonbrook East (50),11228
4003325282,-8841757.611,5433325.654,80180578,2014,2014/11/18 05:00:00+00,1804,18,MOORE PARK AVE,HILDA AVE,,Collector,North York,18.0,32,43.792102,-79.42685999999999,Intersection,At Intersection,Stop Sign,Clear,"Dark, artificial",Dry,Non-Fatal Injury,Cyclist Collisions,unknown,2,,0,1,1,0,0,0,0,0,0,1,0,0,0,36,Newtonbrook West (36),11230
4003340766,-8845816.43,5416479.251,80180799,2014,2014/11/21 05:00:00+00,1005,10,SILVERTHORN AVE,ROGERS RD,,Minor Arterial,Etobicoke York,,12,43.682761,-79.463321,Intersection,Intersection Related,Traffic Signal,Clear,Daylight,Dry,Non-Fatal Injury,Pedestrian Collisions,70 to 74,2,,1,0,1,0,0,0,0,0,0,1,0,0,0,110,Keelesdale-Eglinton West (110),11236
4003346402,-8849333.347000001,5422781.5139999995,80631911,2014,2014/11/22 05:00:00+00,520,5,WILSON AVE,RIDGE RD,55 m West of,Major Arterial,North York,6.0,31,43.723689,-79.494914,Mid-Block,Non Intersection,No Control,Clear,"Dawn, artificial",Dry,Non-Fatal Injury,Approaching,45 to 49,2,,0,0,1,0,0,0,0,1,0,0,0,0,0,26,Downsview-Roding-CFB (26),11240
4003346463,-8845712.013,5426512.885,80223280,2014,2014/11/22 05:00:00+00,545,5,WILLIAM R ALLEN RD,SHEPPARD AVE W,200 m South of,Major Arterial,North York,6.0,32,43.747908,-79.462383,Intersection,At/Near Private Drive,Traffic Signal,Clear,"Dark, artificial",Dry,Non-Fatal Injury,Turning Movement,30 to 34,2,,0,0,0,0,1,0,0,1,0,1,0,0,0,26,Downsview-Roding-CFB (26),11242
4003369105,-8827525.859,5425962.767000001,80631913,2014,2014/11/25 05:00:00+00,1859,18,LAWRENCE AVE E,TOWER DR,40 m West of,Major Arterial,Scarborough,21.0,41,43.744338,-79.299014,Mid-Block,Non Intersection,No Control,Clear,"Dark, artificial",Dry,Non-Fatal Injury,Pedestrian Collisions,70 to 74,2,,1,0,1,0,0,0,0,0,0,1,0,0,0,119,Wexford/Maryvale (119),11247
4003374622,-8819195.152999999,5431686.208,80181212,2014,2014/11/26 05:00:00+00,1625,16,23 CASTOR CRES,,,Local,Scarborough,24.0,43,43.78147,-79.22417800000001,Mid-Block,At/Near Private Drive,No Control,Clear,Dusk,Dry,Non-Fatal Injury,Cyclist Collisions,55 to 59,2,,0,1,1,0,0,0,0,0,0,0,0,0,0,137,Woburn (137),11248
4003375177,-8826069.355,5417131.636,80181230,2014,2014/11/26 05:00:00+00,1808,18,GERRARD ST E,VICTORIA PARK AVE,,Minor Arterial,Scarborough,20.0,41,43.686999,-79.28593000000001,Mid-Block,Non Intersection,No Control,Clear,"Dark, artificial",Dry,Non-Fatal Injury,Pedestrian Collisions,80 to 84,2,,1,0,1,0,0,0,0,0,0,0,0,0,0,122,Birchcliffe-Cliffside (122),11131
4003382352,-8847981.261,5426569.901000001,80223608,2014,2014/11/27 05:00:00+00,2125,21,SHEPPARD AVE W,JOHN DRURY DR,,Major Arterial,North York,6.0,31,43.748278000000006,-79.48276800000001,Intersection,At Intersection,Traffic Signal,Clear,"Dark, artificial",Loose Snow,Non-Fatal Injury,SMV Other,55 to 59,2,,0,0,1,0,0,0,0,0,0,0,0,1,0,26,Downsview-Roding-CFB (26),11359
4003389037,-8837768.477,5415300.21,80181438,2014,2014/11/28 05:00:00+00,2245,22,55 BELMONT ST,,,Minor Arterial,Toronto and East York,11.0,53,43.675101,-79.391025,Mid-Block,Non Intersection,No Control,Clear,"Dark, artificial",Dry,Non-Fatal Injury,Pedestrian Collisions,unknown,2,,1,0,1,0,0,0,0,0,0,0,0,0,0,95,Annex (95),11475
4003393065,-8833172.874,5418831.933999999,80223752,2014,2014/11/29 05:00:00+00,1306,13,DON VALLEY PARKWAY  S,LEASIDE BDGE,,Major Arterial,Toronto and East York,14.0,54,43.698043,-79.349742,Mid-Block,Non Intersection,No Control,Clear,Daylight,Dry,Non-Fatal Injury,Pedestrian Collisions,60 to 64,2,,1,0,1,0,0,0,0,0,0,0,0,0,0,58,Old East York (58),11648
4003398142,-8851324.964,5417007.097999999,80631918,2014,2014/11/30 05:00:00+00,1345,13,500 SCARLETT RD,,,Major Arterial,Etobicoke York,2.0,23,43.68619,-79.512805,Mid-Block,Non Intersection,No Control,Clear,Daylight,Wet,Non-Fatal Injury,Approaching,80 to 84,2,,0,0,1,0,0,0,0,1,0,0,0,0,0,8,Humber Heights-Westmount (8),11745
4003399258,-8827268.6,5426866.857000001,80181592,2014,2014/11/30 05:00:00+00,1716,17,1240 WARDEN AVE,,,Major Arterial,Scarborough,21.0,41,43.750205,-79.29670300000001,Mid-Block,Non Intersection,No Control,Clear,"Dark, artificial",Dry,Non-Fatal Injury,Approaching,45 to 49,2,,0,0,1,0,0,0,0,0,0,0,0,0,0,119,Wexford/Maryvale (119),11835
4003399384,-8844254.617999999,5426389.4520000005,80631920,2014,2014/11/30 05:00:00+00,1702,17,203 FAYWOOD BLVD,,,Collector,North York,6.0,32,43.747107,-79.449291,Mid-Block,At/Near Private Drive,No Control,Rain,"Dark, artificial",Wet,Non-Fatal Injury,Cyclist Collisions,35 to 39,2,,0,1,1,0,0,0,0,0,0,0,0,0,0,33,Clanton Park (33),11833
4003405816,-8835773.409,5420952.509,80631922,2014,2014/12/01 05:00:00+00,1811,18,EGLINTON AVE E,HANNA RD,58 m West of,Major Arterial,North York,15.0,53,43.711814000000004,-79.373103,Intersection,Non Intersection,Traffic Signal,Clear,"Dark, artificial",Dry,Non-Fatal Injury,Approaching,30 to 34,2,,0,0,1,0,0,0,0,0,0,1,1,0,0,56,Leaside-Bennington (56),11837
4003410596,-8825443.405,5423512.448,80631925,2014,2014/12/02 05:00:00+00,1335,13,CIVIC RD,SINNOTT RD,,Collector,Scarborough,20.0,41,43.728434,-79.280307,Intersection,At Intersection,Stop Sign,Clear,Daylight,Dry,Non-Fatal Injury,Pedestrian Collisions,55 to 59,2,,1,0,0,0,0,0,0,1,0,0,0,0,0,120,Clairlea-Birchmount (120),11840
4003411081,-8859079.146,5417550.369,80631927,2014,2014/12/02 05:00:00+00,1450,14,HIGHWAY 27  N,DIXON RD,100 m North of,Major Arterial,Etobicoke York,1.0,23,43.689719000000004,-79.58246199999999,Mid-Block,Non Intersection,No Control,Rain,Daylight,Wet,Non-Fatal Injury,Turning Movement,40 to 44,2,,0,0,0,0,1,0,0,0,0,0,0,0,0,1,West Humber-Clairville (1),11842
4003419867,-8856564.327,5424465.752,80631929,2014,2014/12/03 05:00:00+00,2153,21,ALBION RD,THISTLE DOWN BLVD,100 m East of,Major Arterial,Etobicoke York,1.0,23,43.734621999999995,-79.559871,Mid-Block,Non Intersection,No Control,Clear,"Dark, artificial",Dry,Non-Fatal Injury,Approaching,35 to 39,2,,0,0,1,0,0,0,0,0,0,0,0,0,0,3,Thistletown-Beaumond Heights (3),11844
4003437550,-8824701.127,5434394.566000001,80631931,2014,2014/12/06 05:00:00+00,1906,19,BRIMLEY RD,HUNTINGWOOD DR,46 m North of,Major Arterial,Scarborough,23.0,42,43.799033,-79.273639,Mid-Block,Non Intersection,No Control,Clear,"Dark, artificial",Dry,Non-Fatal Injury,SMV Other,55 to 59,2,,0,0,1,0,0,0,0,1,0,0,0,0,1,129,Agincourt North (129),11846
4003439452,-8827357.766,5423082.352999999,80224307,2014,2014/12/07 05:00:00+00,215,2,EGLINTON AVE E,PHARMACY AVE,,Major Arterial,Scarborough,,41,43.725642,-79.297504,Intersection,Intersection Related,Traffic Signal,Clear,"Dark, artificial",Dry,Non-Fatal Injury,Turning Movement,45 to 49,2,,0,0,1,0,1,0,0,1,1,1,0,1,0,119,Wexford/Maryvale (119),11850
4003465091,-8833412.434,5430535.285,80545150,2014,2014/12/11 05:00:00+00,1100,11,SHEPPARD AVE E,DON MILLS RD,,Major Arterial,North York,17.0,33,43.774004999999995,-79.351894,Mid-Block,Non Intersection,No Control,Snow,Daylight,Packed Snow,Non-Fatal Injury,Sideswipe,unknown,2,,0,0,1,0,0,0,0,0,0,0,0,0,0,53,Henry Farm (53),11859
4003469913,-8834040.832,5436380.347999999,80224656,2014,2014/12/12 05:00:00+00,720,7,STEELES AVE E,TOWNSEND RD,,Major Arterial,North York,17.0,33,43.811907,-79.357539,Intersection,At Intersection,Traffic Signal,Clear,Daylight,Wet,Non-Fatal Injury,Pedestrian Collisions,60 to 64,2,,1,0,0,0,0,0,0,0,0,1,0,0,0,48,Hillcrest Village (48),11861
4003482087,-8841079.897,5411332.596,80182802,2014,2014/12/14 05:00:00+00,324,3,OSSINGTON AVE,DUNDAS ST W,,Major Arterial,Toronto and East York,,14,43.649316999999996,-79.420772,Intersection,Non Intersection,No Control,Clear,"Dark, artificial",Dry,Non-Fatal Injury,Pedestrian Collisions,25 to 29,2,,1,0,1,0,0,0,0,0,0,0,0,0,0,81,Trinity-Bellwoods (81),11868
4003487975,-8854020.677000001,5409532.312999999,80631933,2014,2014/12/15 05:00:00+00,725,7,SUBWAY CRES,AUKLAND RD,4 m West of,Collector,Etobicoke York,3.0,22,43.637614,-79.537021,Intersection,At Intersection,Stop Sign,Clear,"Dark, artificial",Wet,Non-Fatal Injury,Pedestrian Collisions,80 to 84,2,,1,0,1,0,0,0,0,0,0,1,0,0,0,14,Islington-City Centre West (14),11870
4003498144,-8836352.715,5413932.342,80631935,2014,2014/12/16 05:00:00+00,1800,18,JARVIS ST,WELLESLEY ST E,,Major Arterial,Toronto and East York,13.0,51,43.666213,-79.37830699999999,Intersection,At Intersection,Traffic Signal,Rain,"Dark, artificial",Wet,Non-Fatal Injury,Pedestrian Collisions,50 to 54,2,,1,0,1,0,0,0,0,0,0,1,0,0,0,71,Cabbagetown-South St.James Town (71),11872
4003498374,-8843558.983,5415729.48,80183109,2014,2014/12/16 05:00:00+00,1850,18,ST CLAIR AVE W,DUFFERIN ST,,Major Arterial,Toronto and East York,9.0,13,43.677890000000005,-79.443042,Intersection,At Intersection,Traffic Signal,Rain,"Dark, artificial",Wet,Non-Fatal Injury,Pedestrian Collisions,60 to 64,2,,1,0,1,0,0,0,0,0,0,0,0,0,0,92,Corso Italia-Davenport (92),11874
4003498466,-8856731.64,5424577.295,80183116,2014,2014/12/16 05:00:00+00,1910,19,ALBION RD,RIVERDALE DR,,Major Arterial,Etobicoke York,1.0,23,43.735346,-79.561374,Intersection,Intersection Related,Traffic Signal,Rain,Dark,Wet,Non-Fatal Injury,Pedestrian Collisions,5 to 9,2,,1,0,1,0,0,0,0,1,0,0,0,0,0,3,Thistletown-Beaumond Heights (3),11877
4003506049,-8843660.061,5411564.445,80631937,2014,2014/12/18 05:00:00+00,2,2,DUNDAS ST W,STERLING RD,70 m West of,Minor Arterial,Toronto and East York,,11,43.650824,-79.44395,Mid-Block,Non Intersection,No Control,Clear,"Dark, artificial",Wet,Non-Fatal Injury,Approaching,40 to 44,2,,0,0,1,0,0,1,0,0,0,0,0,0,0,83,Dufferin Grove (83),11879
4003516677,-8819575.643,5437050.65,80485919,2014,2014/12/19 05:00:00+00,1740,17,FINCH AVE E,NEILSON RD,,Minor Arterial,Scarborough,,42,43.816252,-79.22759599999999,Intersection,At Intersection,Traffic Signal,Clear,Dark,Dry,Fatal,Pedestrian Collisions,25 to 29,3,48.0,1,0,0,0,0,1,0,0,0,1,0,0,0,132,Malvern (132),11884
4003518072,-8859106.308,5425775.242000001,80631939,2014,2014/12/19 05:00:00+00,2228,22,KIPLING AVE,FINCH AVE W,,Major Arterial,Etobicoke York,1.0,23,43.743121,-79.582706,Mid-Block,Non Intersection,No Control,Clear,Dark,Dry,Non-Fatal Injury,Pedestrian Collisions,45 to 49,2,,1,0,1,0,0,0,0,0,0,0,0,0,0,2,Mount Olive-Silverstone-Jamestown (2),11886
4003521992,-8841622.58,5413279.567000001,80225389,2014,2014/12/20 05:00:00+00,1410,14,OSSINGTON AVE,BLOOR ST W,15 m South of,Major Arterial,Toronto and East York,,14,43.661971,-79.425647,Intersection,Non Intersection,No Control,Clear,Daylight,Dry,Non-Fatal Injury,Cyclist Collisions,55 to 59,2,,0,1,1,0,0,0,0,1,0,1,0,0,0,80,Palmerston-Little Italy (80),11889
4003523985,-8822861.572,5428204.892999999,80631943,2014,2014/12/20 05:00:00+00,2308,23,BRIMLEY RD,DORCOT AVE,,Major Arterial,Scarborough,21.0,43,43.758887,-79.257114,Intersection,At Intersection,Traffic Signal,Clear,"Dark, artificial",Dry,Non-Fatal Injury,Pedestrian Collisions,25 to 29,2,,1,0,1,0,0,0,0,1,0,0,0,0,0,127,Bendale (127),11893
4003526196,-8819071.923,5427292.505,80631945,2014,2014/12/21 05:00:00+00,1132,11,MARKHAM RD,BLAKEMANOR BLVD,246 m North of,Major Arterial,Scarborough,24.0,43,43.752967,-79.22307099999999,Mid-Block,Non Intersection,No Control,Clear,Daylight,Dry,Non-Fatal Injury,SMV Other,60 to 64,2,,0,0,1,0,0,0,0,1,0,0,0,0,1,137,Woburn (137),11895
4003527031,-8841353.409,5413351.121,80631948,2014,2014/12/21 05:00:00+00,1437,14,BLOOR ST W,SHAW ST,18 m East of,Major Arterial,Toronto and East York,11.0,14,43.662436,-79.423229,Intersection,Intersection Related,No Control,Clear,Daylight,Dry,Non-Fatal Injury,Pedestrian Collisions,50 to 54,2,,1,0,1,0,0,0,0,1,0,0,0,0,0,80,Palmerston-Little Italy (80),11898
4003538412,-8842037.022,5430936.897000001,80631950,2014,2014/12/23 05:00:00+00,1447,14,FINCH AVE W,SENLAC RD,49 m East of,Major Arterial,North York,18.0,32,43.77661,-79.42936999999999,Mid-Block,Non Intersection,No Control,Rain,Daylight,Wet,Non-Fatal Injury,SMV Other,80 to 84,2,,0,0,1,0,0,0,0,1,0,0,0,0,1,37,Willowdale West (37),11900
4003538995,-8837261.416000001,5418850.102000001,80225642,2014,2014/12/23 05:00:00+00,1638,16,MOUNT PLEASANT RD,MERTON ST,,Major Arterial,North York,,53,43.698161,-79.38646999999999,Intersection,At Intersection,Traffic Signal,Rain,Dusk,Wet,Non-Fatal Injury,Pedestrian Collisions,80 to 84,2,,1,0,1,0,0,0,0,0,0,1,0,0,0,99,Mount Pleasant East (99),11903
4003541767,-8829001.955,5434139.78,80225697,2014,2014/12/24 05:00:00+00,635,6,FINCH AVE E,BRIDLETOWNE CRCL,,Major Arterial,Scarborough,22.0,42,43.797381,-79.312274,Intersection,At Intersection,Traffic Signal,"Fog, Mist, Smoke, Dust","Dark, artificial",Wet,Non-Fatal Injury,Pedestrian Collisions,55 to 59,2,,1,0,1,0,0,0,0,0,0,1,0,0,0,117,L'Amoreaux (117),11905
4003544666,-8824567.766,5438087.13,80631952,2014,2014/12/24 05:00:00+00,1800,18,ALTON TOWERS CRCL,INGLETON BLVD,,Collector,Scarborough,23.0,42,43.82297,-79.272441,Intersection,At Intersection,Pedestrian Crossover,Rain,"Dark, artificial",Wet,Non-Fatal Injury,Pedestrian Collisions,unknown,2,,1,0,0,0,0,0,0,0,0,1,0,0,0,130,Milliken (130),11907
4003549384,-8824870.11,5439322.017000001,80631958,2014,2014/12/25 05:00:00+00,2150,21,MCCOWAN RD,STEELES AVE E,,Major Arterial,Scarborough,23.0,42,43.830973,-79.275157,Intersection,Intersection Related,Traffic Signal,Clear,"Dark, artificial",Dry,Non-Fatal Injury,Turning Movement,50 to 54,2,,0,0,1,0,0,0,0,1,0,0,0,0,0,130,Milliken (130),11913
4003563376,-8829359.514,5430999.182999999,80485976,2014,2014/12/28 05:00:00+00,1809,18,SHEPPARD AVE E,BRIDLEWOOD BLVD,37 m West of,Major Arterial,Scarborough,22.0,42,43.777014,-79.31548599999999,Intersection,Non Intersection,No Control,Clear,"Dark, artificial",Dry,Fatal,Pedestrian Collisions,80 to 84,3,49.0,1,0,0,0,1,0,0,1,0,0,0,0,0,118,Tam O'Shanter-Sullivan (118),11917
4003564717,-8813024.046,5432157.873,80631960,2014,2014/12/29 05:00:00+00,22,2,KINGSTON RD,LAWSON RD,,Minor Arterial,Scarborough,25.0,43,43.784529,-79.16874200000001,Intersection,At Intersection,Traffic Signal,Clear,"Dark, artificial",Dry,Non-Fatal Injury,Pedestrian Collisions,65 to 69,2,,1,0,1,0,0,0,0,0,0,1,0,0,0,133,Centennial Scarborough (133),11123
4008007694,-8826802.282,5433789.693,80631962,2014,2014/02/15 05:00:00+00,1245,12,HUNTINGWOOD DR,KENNEDY RD,,Minor Arterial,Scarborough,22.0,42,43.795111,-79.292514,Mid-Block,At/Near Private Drive,No Control,Clear,Daylight,Dry,Non-Fatal Injury,Turning Movement,40 to 44,2,,0,0,1,0,0,0,0,0,0,1,0,0,0,118,Tam O'Shanter-Sullivan (118),10890
4008009492,-8827561.592,5432012.007999999,80153165,2014,2014/03/02 05:00:00+00,1320,13,BIRCHMOUNT RD,BONIS AVE,,Major Arterial,Scarborough,22.0,42,43.783583,-79.299335,Intersection,At Intersection,Traffic Signal,Clear,Daylight,Wet,Non-Fatal Injury,Rear End,70 to 74,2,,0,0,1,0,0,0,0,0,0,0,0,0,0,118,Tam O'Shanter-Sullivan (118),10448
4008010046,-8829784.197,5433902.12,80153509,2014,2014/03/05 05:00:00+00,1800,18,FINCH AVE E,BRIDLETOWNE CRCL,,Major Arterial,Scarborough,22.0,42,43.795840000000005,-79.319301,Intersection,Intersection Related,Traffic Signal,Clear,"Dusk, artificial",Dry,Non-Fatal Injury,Rear End,50 to 54,2,,0,0,1,0,0,0,0,0,0,0,0,0,0,117,L'Amoreaux (117),10455
4008010238,-8831224.56,5425335.489,80153768,2014,2014/03/07 05:00:00+00,650,6,DON VALLEY PARKWAY  S,LAWRENCE AVE E,,,North York,16.0,33,43.740266999999996,-79.33224,Mid-Block,Non Intersection,No Control,Clear,Daylight,Dry,Non-Fatal Injury,Rear End,60 to 64,2,,0,0,1,0,0,0,0,0,0,1,0,0,0,42,Banbury-Don Mills (42),10466
4008024139,-8848484.981,5431954.34,80164630,2014,2014/06/19 04:00:00+00,1600,16,STEELES AVE W,SHALE GT,,Major Arterial,North York,6.0,31,43.783209,-79.48729300000001,Intersection,At Intersection,Traffic Signal,Clear,Daylight,Dry,Non-Fatal Injury,Cyclist Collisions,55 to 59,2,,0,1,1,0,0,0,0,0,0,1,0,0,0,27,York University Heights (27),10708
5000001915,-8847394.384,5420084.109,80492258,2015,2015/01/01 05:00:00+00,624,6,KEELE ST,COLVILLE RD,,Major Arterial,Etobicoke York,5.0,12,43.706175,-79.477496,Intersection,At Intersection,No Control,Clear,"Dawn, artificial",Dry,Non-Fatal Injury,Approaching,30 to 34,2,,0,0,1,0,0,0,0,1,1,1,0,0,0,30,Brookhaven-Amesbury (30),11147
5000006695,-8847137.125,5414645.646000001,80226922,2015,2015/01/02 05:00:00+00,949,9,2211 ST CLAIR AVE W,,23 m East of,Major Arterial,Etobicoke York,5.0,12,43.670848,-79.475185,Intersection,Non Intersection,No Control,Clear,Daylight,Dry,Non-Fatal Injury,Turning Movement,60 to 64,2,,0,0,1,0,1,0,0,0,0,0,0,0,0,90,Junction Area (90),11256
5000009507,-8837436.411,5429390.209,80562665,2015,2015/01/02 05:00:00+00,1830,18,BAYVIEW AVE,SHEPPARD AVE E,,Major Arterial,North York,,33,43.766577000000005,-79.388042,Intersection,At Intersection,Traffic Signal,Clear,"Dark, artificial",Dry,Non-Fatal Injury,Turning Movement,5 to 9,2,,0,0,1,0,0,0,0,1,0,0,0,0,0,52,Bayview Village (52),11378
5000020238,-8839681.057,5412616.837,80556229,2015,2015/01/04 05:00:00+00,1904,19,BATHURST ST,COLLEGE ST,60 m North of,Major Arterial,Toronto and East York,11.0,14,43.657664000000004,-79.408206,Mid-Block,Non Intersection,Pedestrian Crossover,Snow,"Dark, artificial",Wet,Non-Fatal Injury,Pedestrian Collisions,70 to 74,2,,1,0,1,0,0,0,0,0,0,1,0,0,0,79,University (79),11385
5000022438,-8846025.377,5428535.347999999,80227185,2015,2015/01/05 05:00:00+00,747,7,DUFFERIN ST,STEEPROCK DR,,Major Arterial,North York,6.0,32,43.761031,-79.465198,Intersection,At Intersection,Traffic Signal,Clear,Daylight,Dry,Non-Fatal Injury,Turning Movement,45 to 49,2,,0,0,1,0,0,0,0,0,0,1,1,0,0,34,Bathurst Manor (34),11388
5000047040,-8837258.077,5418841.326,81152650,2014,2014/12/08 05:00:00+00,1700,17,MOUNT PLEASANT RD,MERTON ST,,Major Arterial,North York,,53,43.698104,-79.38644000000001,Intersection,At Intersection,Traffic Signal,Clear,"Dark, artificial",Dry,Non-Fatal Injury,Pedestrian Collisions,75 to 79,2,,1,0,1,0,0,0,0,0,0,1,0,0,0,99,Mount Pleasant East (99),11857
5000051256,-8838616.063,5412112.012,80559730,2015,2015/01/09 05:00:00+00,2148,21,SPADINA AVE,ST ANDREW ST,6 m North of,Major Arterial,Toronto and East York,11.0,52,43.654383,-79.398639,Intersection,Intersection Related,Traffic Signal,Clear,"Dark, artificial",Wet,Non-Fatal Injury,Cyclist Collisions,35 to 39,2,,0,1,0,0,0,1,0,0,0,0,0,0,0,78,Kensington-Chinatown (78),11390
5000058130,-8824397.113,5417246.786,80560103,2015,2015/01/11 05:00:00+00,338,3,KINGSTON RD,WARDEN AVE,,Major Arterial,Scarborough,20.0,41,43.687746999999995,-79.27090799999999,Intersection,At Intersection,Traffic Signal,Clear,"Dark, artificial",Dry,Non-Fatal Injury,Cyclist Collisions,40 to 44,2,,0,1,1,0,0,0,0,0,0,0,0,0,0,122,Birchcliffe-Cliffside (122),11392
5000058185,-8833533.883,5414376.169,80000105,2015,2015/01/11 05:00:00+00,353,3,477 BROADVIEW AVE,,,Minor Arterial,Toronto and East York,14.0,55,43.669097,-79.352985,Mid-Block,,No Control,Clear,"Dark, artificial",Dry,Fatal,SMV Other,20 to 24,3,1.0,0,0,1,0,0,0,0,0,1,1,0,0,0,68,North Riverdale (68),11393
5000131237,-8847455.61,5420465.401000001,80228917,2015,2015/01/23 05:00:00+00,352,3,KEELE ST,LAWRENCE AVE W,,Major Arterial,Etobicoke York,5.0,12,43.708651,-79.47804599999999,Intersection,At Intersection,Traffic Signal,Clear,"Dark, artificial",Dry,Non-Fatal Injury,Turning Movement,65 to 69,2,,0,0,1,0,0,0,0,1,0,1,1,0,0,30,Brookhaven-Amesbury (30),11401