ACCNUM,X,Y,Index_,YEAR,DATE,TIME,HOUR,STREET1,STREET2,OFFSET,ROAD_CLASS,District,WardNum,Division,LATITUDE,LONGITUDE,LOCCOORD,ACCLOC,TRAFFCTL,VISIBILITY,LIGHT,RDSFCOND,ACCLASS,IMPACTYPE,INVAGE,INJURY,FATAL_NO,PEDESTRIAN,CYCLIST,AUTOMOBILE,MOTORCYCLE,TRUCK,TRSN_CITY_VEH,EMERG_VEH,PASSENGER,SPEEDING,AG_DRIV,REDLIGHT,ALCOHOL,DISABILITY,Hood_ID,Neighbourhood,ObjectId
5000133972,-8829931.139,5417805.159,80555277,2015,2015/01/23 05:00:00+00,1415,14,GLEBEMOUNT AVE,MORTIMER AVE,,Minor Arterial,Toronto and East York,19.0,54,43.691373999999996,-79.320621,Intersection,At Intersection,Traffic Signal,Clear,Daylight,Dry,Non-Fatal Injury,Angle,85 to 89,2,,0,0,1,0,0,0,0,1,0,1,0,0,0,59,Danforth East York (59),11405
5000144020,-8842813.252999999,5411714.757,80229109,2015,2015/01/25 05:00:00+00,756,7,COLLEGE ST,BROCK AVE,2 m West of,Minor Arterial,Toronto and East York,9.0,11,43.651801,-79.43634300000001,Intersection,At Intersection,Traffic Signal,Clear,Daylight,Dry,Fatal,Pedestrian Collisions,55 to 59,3,2.0,1,0,1,0,0,0,0,0,0,1,0,0,0,83,Dufferin Grove (83),11407
5000160956,-8826668.921,5429213.866,8000334,2015,2015/01/28 05:00:00+00,617,6,1792 BIRCHMOUNT RD,,,Major Arterial,Scarborough,21.0,41,43.765433,-79.29131600000001,Mid-Block,,No Control,Clear,Dark,Dry,Fatal,Pedestrian Collisions,55 to 59,3,3.0,1,0,1,0,0,0,0,0,0,0,0,0,0,126,Dorset Park (126),11411
5000163823,-8826387.84,5435629.575,80229388,2015,2015/01/28 05:00:00+00,1450,14,MIDLAND AVE,SILVER STAR BLVD,,Major Arterial,Scarborough,,42,43.80704,-79.288791,Intersection,At Intersection,Traffic Signal,Clear,Daylight,Dry,Non-Fatal Injury,Pedestrian Collisions,40 to 44,2,,1,0,1,0,0,0,0,0,0,1,0,0,0,129,Agincourt North (129),11413
5000177590,-8831225.451,5425332.098999999,80229625,2015,2015/01/30 05:00:00+00,1920,19,DON VALLEY PARKWAY  S,LAWRENCE AVE E,20 m North of,,North York,16.0,33,43.740245,-79.33224799999999,Mid-Block,Non Intersection,No Control,Clear,"Dark, artificial",Dry,Non-Fatal Injury,Rear End,unknown,2,,0,0,1,0,0,0,0,1,0,1,0,0,0,42,Banbury-Don Mills (42),11420
5000193520,-8838770.686,5421374.804,80556059,2015,2015/01/18 05:00:00+00,1130,11,ALBERTUS AVE,YONGE ST,3 m  of,Major Arterial,North York,,53,43.714556,-79.400028,Mid-Block,Non Intersection,No Control,Clear,Daylight,Wet,Non-Fatal Injury,Pedestrian Collisions,30 to 34,2,,1,0,1,0,0,0,0,0,0,0,0,0,0,99,Mount Pleasant East (99),11396
5000204308,-8851646.01,5419272.917,80556250,2015,2015/01/26 05:00:00+00,400,4,SOUTH STATION ST,LAWRENCE AVE W,,Local,Etobicoke York,5.0,12,43.700907,-79.515689,Mid-Block,Non Intersection,No Control,Clear,Dark,Dry,Non-Fatal Injury,Pedestrian Collisions,unknown,2,,1,0,1,0,0,0,0,0,0,0,0,0,0,113,Weston (113),11409
5000207057,-8840042.845,5411835.686000001,80556294,2015,2015/02/04 05:00:00+00,1838,18,273 MANNING AVE,,,Local,Toronto and East York,11.0,14,43.652587,-79.411456,Mid-Block,Non Intersection,No Control,Snow,"Dark, artificial",Packed Snow,Non-Fatal Injury,SMV Other,30 to 34,2,,0,0,1,0,0,0,0,0,0,0,0,0,1,81,Trinity-Bellwoods (81),11421
5000212905,-8822898.085,5422275.517999999,80000091,2015,2015/02/05 05:00:00+00,1701,17,750 DANFORTH RD,,,Major Arterial,Scarborough,20.0,41,43.720403999999995,-79.257442,Mid-Block,,No Control,Clear,"Daylight, artificial",Wet,Fatal,Pedestrian Collisions,85 to 89,3,4.0,1,0,1,0,0,0,0,0,0,1,0,0,0,124,Kennedy Park (124),11423
5000220860,-8844809.991,5425576.01,80230357,2015,2015/02/06 05:00:00+00,2231,22,TRANSIT RD,WILLIAM R ALLEN RD S,,Major Arterial,North York,6.0,32,43.741828000000005,-79.45428000000001,Intersection,At Intersection,Traffic Signal,Clear,"Dark, artificial",Dry,Non-Fatal Injury,Turning Movement,35 to 39,2,,0,0,1,0,0,1,0,0,1,1,1,0,0,33,Clanton Park (33),11425
5000221204,-8848876.492,5428786.433999999,80556511,2015,2015/02/07 05:00:00+00,7,7,TANGIERS RD,FINCH AVE W,,Major Arterial,Etobicoke York,,31,43.76266,-79.49081,Mid-Block,Non Intersection,No Control,Clear,"Dark, artificial",Wet,Non-Fatal Injury,Other,60 to 64,2,,0,0,0,0,0,1,0,1,0,0,0,0,0,27,York University Heights (27),11427
5000232686,-8832067.138,5415909.722,80230530,2015,2015/02/09 05:00:00+00,617,6,JONES AVE,HAZELWOOD AVE,,Minor Arterial,Toronto and East York,14.0,55,43.679061,-79.339809,Intersection,At Intersection,Pedestrian Crossover,Clear,"Dark, artificial",Wet,Non-Fatal Injury,Pedestrian Collisions,55 to 59,2,,1,0,1,0,0,0,0,1,0,1,0,0,0,69,Blake-Jones (69),11430
5000260881,-8849966.978,5407063.59,80000073,2015,2015/02/13 05:00:00+00,1516,15,ROYAL YORK RD,MANITOBA ST,,Minor Arterial,Etobicoke York,3.0,22,43.621562,-79.500606,Intersection,,No Control,Other,Daylight,Other,Fatal,Other,75 to 79,3,5.0,0,0,0,0,0,1,0,1,0,0,0,0,0,17,Mimico (includes Humber Bay Shores) (17),11432
5000264661,-8826332.625,5436706.467999999,80557134,2015,2015/02/14 05:00:00+00,903,9,MCNICOLL AVE,BRAMBLEBROOK AVE,120 m West of,Minor Arterial,Scarborough,23.0,42,43.814021000000004,-79.28829499999999,Mid-Block,Non Intersection,No Control,Snow,Daylight,Wet,Non-Fatal Injury,Approaching,55 to 59,2,,0,0,1,0,0,0,0,0,0,0,0,0,0,130,Milliken (130),11434
5000275153,-8827851.134,5436414.595,80000072,2015,2015/02/16 05:00:00+00,644,6,KENNEDY RD,MCNICOLL AVE,,Major Arterial,Scarborough,22.0,42,43.812129,-79.301936,Intersection,At Intersection,Traffic Signal,Clear,Dawn,Dry,Fatal,Pedestrian Collisions,65 to 69,3,6.0,1,0,1,0,0,0,0,0,0,1,1,0,0,130,Milliken (130),11436
5000276965,-8847122.652999999,5417616.722,80557294,2015,2015/02/16 05:00:00+00,1410,14,2609 EGLINTON AVE W,,,Major Arterial,Etobicoke York,5.0,12,43.69015,-79.475055,Intersection,Non Intersection,No Control,Clear,Daylight,Dry,Non-Fatal Injury,Pedestrian Collisions,50 to 54,2,,1,0,1,0,0,0,0,1,0,0,0,0,0,110,Keelesdale-Eglinton West (110),11442
5000286208,-8835516.929,5412628.531,80496365,2015,2015/02/18 05:00:00+00,104,1,SHERBOURNE ST,DUNDAS ST E,50 m South of,Minor Arterial,Toronto and East York,13.0,51,43.657740000000004,-79.370799,Mid-Block,Intersection Related,No Control,Clear,"Dark, artificial",Wet,Fatal,Pedestrian Collisions,55 to 59,3,7.0,1,0,1,0,0,0,0,0,1,1,0,0,0,73,Moss Park (73),11444
5000296206,-8839185.127999999,5410893.069,80231550,2015,2015/02/19 05:00:00+00,1610,16,BATHURST ST,RICHMOND ST W,,Major Arterial,Toronto and East York,10.0,14,43.64646,-79.403751,Intersection,At Intersection,Traffic Signal,Clear,Daylight,Dry,Non-Fatal Injury,Pedestrian Collisions,65 to 69,2,,1,0,1,0,0,0,0,0,0,0,0,0,0,77,Waterfront Communities-The Island (77),11447
5000304693,-8822314.548,5430611.751,80557705,2015,2015/02/21 05:00:00+00,45,4,MCCOWAN RD,TOWN CENTRE CRT,,Major Arterial,Scarborough,,43,43.774501,-79.2522,Intersection,At Intersection,Traffic Signal,Clear,"Dark, artificial",Dry,Non-Fatal Injury,Pedestrian Collisions,45 to 49,2,,1,0,1,0,0,0,0,0,0,0,0,0,0,137,Woburn (137),11449
5000324381,-8835847.325,5414097.312000001,80558096,2015,2015/02/24 05:00:00+00,1327,13,BLEECKER ST,WELLESLEY ST E,,Minor Arterial,Toronto and East York,13.0,51,43.667285,-79.373767,Intersection,Intersection Related,Stop Sign,Clear,Daylight,Wet,Non-Fatal Injury,Pedestrian Collisions,70 to 74,2,,1,0,1,0,0,0,0,0,0,0,0,0,0,71,Cabbagetown-South St.James Town (71),11451
5000325366,-8823469.599,5435752.5139999995,80558109,2015,2015/02/24 05:00:00+00,1602,16,SANDHURST CRCL,EXCHEQUER PL,,Collector,Scarborough,23.0,42,43.807837,-79.262576,Intersection,Non Intersection,No Control,Clear,Daylight,Dry,Non-Fatal Injury,Approaching,70 to 74,2,,0,0,1,0,0,0,0,1,0,0,0,0,0,129,Agincourt North (129),11455
5000359442,-8820229.534,5431576.274,80558546,2015,2015/03/02 05:00:00+00,1104,11,MARKHAM RD,PROGRESS AVE,,Major Arterial,Scarborough,24.0,43,43.780757,-79.23347,Mid-Block,Non Intersection,No Control,Clear,Daylight,Dry,Non-Fatal Injury,Pedestrian Collisions,20 to 24,2,,1,0,0,0,1,0,0,0,0,0,0,0,0,137,Woburn (137),11457
5000374256,-8821297.979,5436542.789,80000078,2015,2015/03/04 05:00:00+00,1639,16,FINCH AVE E,MARKHAM RD,,Major Arterial,Scarborough,23.0,42,43.81296,-79.24306800000001,Intersection,At Intersection,Traffic Signal,Clear,Daylight,Dry,Fatal,Pedestrian Collisions,60 to 64,3,8.0,1,0,0,0,1,0,0,0,0,1,0,0,0,131,Rouge (131),11459
5000374925,-8833245.9,5433550.345,80632006,2015,2015/03/04 05:00:00+00,1855,18,FINCH AVE E,SENECA HILL DR,,Major Arterial,North York,17.0,33,43.793559,-79.350398,Intersection,At Intersection,Traffic Signal,Snow,"Dark, artificial",Wet,Non-Fatal Injury,Pedestrian Collisions,45 to 49,2,,1,0,1,0,0,0,0,1,0,0,0,0,0,47,Don Valley Village (47),11463
5000375108,-8857699.786,5428440.711,80558756,2015,2015/03/04 05:00:00+00,1935,19,MILLWICK DR,PLUNKETT RD,,Minor Arterial,Etobicoke York,7.0,31,43.760417,-79.570071,Intersection,Intersection Related,Traffic Signal,Clear,"Dark, artificial",Dry,Fatal,Pedestrian Collisions,80 to 84,3,9.0,1,0,1,0,0,0,0,0,0,1,0,0,0,21,Humber Summit (21),11465
5000406927,-8831279.775,5417475.242000001,80000081,2015,2015/03/10 04:00:00+00,645,6,452 MORTIMER AVE,,,Minor Arterial,Toronto and East York,14.0,54,43.689231,-79.332736,Intersection,,No Control,Clear,"Dawn, artificial",Wet,Fatal,Pedestrian Collisions,85 to 89,3,10.0,1,0,1,0,0,0,0,0,0,0,0,0,0,59,Danforth East York (59),11467
5000407299,-8827775.549,5428914.522999999,80559128,2015,2015/03/10 04:00:00+00,820,8,WARDEN AVE,CONTINENTAL PL,10 m North of,Major Arterial,Scarborough,21.0,41,43.763490999999995,-79.30125699999999,Intersection,At Intersection,No Control,Clear,Daylight,Dry,Non-Fatal Injury,Pedestrian Collisions,45 to 49,2,,1,0,1,0,0,0,0,1,0,0,0,0,0,119,Wexford/Maryvale (119),11470
5000415270,-8837837.272,5431891.431,80542848,2015,2015/03/11 04:00:00+00,1240,12,3157 BAYVIEW AVE,,10 m South of,Major Arterial,North York,,33,43.782801,-79.391643,Intersection,Intersection Related,No Control,Clear,Daylight,Dry,Non-Fatal Injury,Rear End,75 to 79,2,,0,0,1,0,0,0,0,0,0,1,0,0,0,52,Bayview Village (52),11134
5000415624,-8831724.83,5428645.246,80509329,2015,2015/03/11 04:00:00+00,1331,13,DON VALLEY PARKWAY  S,YORK MILLS RD,545 m North of,,North York,16.0,33,43.761744,-79.33673399999999,Mid-Block,Non Intersection,No Control,Clear,Daylight,Dry,Non-Fatal Injury,Rear End,60 to 64,2,,0,0,1,1,0,0,0,0,0,1,0,0,0,45,Parkwoods-Donalda (45),11142
5000422593,-8848522.273,5420102.433999999,80707647,2015,2015/03/12 04:00:00+00,1515,15,1570 LAWRENCE AVE W,,5 m East of,Major Arterial,Etobicoke York,5.0,12,43.706294,-79.487628,Mid-Block,Non Intersection,No Control,Clear,Daylight,Dry,Non-Fatal Injury,Other,90 to 94,2,,0,0,0,0,0,1,0,1,0,0,0,0,0,30,Brookhaven-Amesbury (30),11254
5000423922,-8822419.856,5424612.5770000005,80707660,2015,2015/03/12 04:00:00+00,1930,19,FALMOUTH AVE,EGLINTON AVE E,,Major Arterial,Scarborough,,41,43.735575,-79.253146,Intersection,At Intersection,Traffic Signal,Clear,"Dark, artificial",Dry,Non-Fatal Injury,Pedestrian Collisions,60 to 64,2,,1,0,1,0,0,0,0,0,0,1,0,0,0,124,Kennedy Park (124),11372
5000439931,-8845450.412,5412160.17,80509565,2015,2015/03/15 04:00:00+00,1445,14,BLOOR ST W,PARKSIDE DR,,Major Arterial,Toronto and East York,4.0,11,43.654696,-79.460033,Intersection,At Intersection,Traffic Signal,Clear,Daylight,Dry,Non-Fatal Injury,Turning Movement,50 to 54,2,,0,0,1,0,0,0,0,0,0,1,0,0,0,87,High Park-Swansea (87),11502
5000452654,-8843913.201,5432923.784,80233898,2015,2015/03/17 04:00:00+00,1737,17,BATHURST ST,CARPENTER RD,185 m South of,Major Arterial,North York,,32,43.789496,-79.446224,Mid-Block,Non Intersection,No Control,Clear,Daylight,Dry,Non-Fatal Injury,Approaching,45 to 49,2,,0,0,1,0,0,0,0,1,0,0,0,0,0,36,Newtonbrook West (36),11901
5000456484,-8847578.729,5420408.422,80509707,2015,2015/03/18 04:00:00+00,1050,10,LAWRENCE AVE W,KEELE ST,98 m West of,Major Arterial,Etobicoke York,5.0,12,43.708281,-79.479152,Mid-Block,Non Intersection,No Control,Clear,Daylight,Dry,Non-Fatal Injury,Pedestrian Collisions,75 to 79,2,,1,0,1,0,0,0,0,0,0,0,0,0,0,30,Brookhaven-Amesbury (30),11919
5000466893,-8832478.129,5417982.515,80000089,2015,2015/03/20 04:00:00+00,58,5,262 TORRENS AVE,,,Local,Toronto and East York,14.0,54,43.692526,-79.343501,Mid-Block,,No Control,Clear,Dark,Dry,Fatal,Pedestrian Collisions,85 to 89,3,11.0,1,0,1,0,0,0,0,0,0,0,0,0,0,58,Old East York (58),11924
5000471839,-8841980.138,5416213.261,80496487,2015,2015/03/20 04:00:00+00,2010,20,ST CLAIR AVE W,ARLINGTON AVE,,Major Arterial,Toronto and East York,12.0,13,43.681033,-79.428859,Intersection,At Intersection,Traffic Signal,Clear,"Dark, artificial",Dry,Fatal,Pedestrian Collisions,80 to 84,3,14.0,1,0,0,0,0,1,0,0,0,1,0,0,0,94,Wychwood (94),11926
5000471900,-8842009.86,5409679.516,80559523,2015,2015/03/20 04:00:00+00,2020,20,KING ST W,TYNDALL AVE,,Major Arterial,Toronto and East York,4.0,14,43.638571,-79.429126,Intersection,At Intersection,Stop Sign,Clear,"Dark, artificial",Dry,Non-Fatal Injury,Cyclist Collisions,55 to 59,2,,0,1,1,0,0,0,0,0,0,1,0,0,0,85,South Parkdale (85),11928
5000486236,-8836042.69,5413857.706,80234286,2015,2015/03/23 04:00:00+00,1100,11,HOMEWOOD AVENUE,MAITLAND PLACE,,Collector,Toronto and East York,13.0,51,43.665728,-79.375522,Intersection,At Intersection,Stop Sign,Clear,Daylight,Dry,Non-Fatal Injury,Cyclist Collisions,60 to 64,2,,0,1,1,0,0,0,0,0,0,0,0,0,0,71,Cabbagetown-South St.James Town (71),11930
5000513349,-8827357.766,5423082.352999999,80510219,2015,2015/03/27 04:00:00+00,1950,19,EGLINTON AVE E,PHARMACY AVE,,Major Arterial,Scarborough,,41,43.725642,-79.297504,Intersection,Non Intersection,No Control,Clear,"Dark, artificial",Dry,Non-Fatal Injury,Other,55 to 59,2,,0,0,0,0,0,1,0,1,0,0,0,0,0,119,Wexford/Maryvale (119),11932
5000513611,-8827929.281,5422938.941000001,80496511,2015,2015/03/27 04:00:00+00,2053,20,EGLINTON AVE E,VICTORIA PARK AVE,3 m West of,Major Arterial,North York,,41,43.724711,-79.302638,Intersection,Non Intersection,No Control,Clear,"Dark, artificial",Dry,Fatal,Pedestrian Collisions,60 to 64,3,12.0,1,0,1,0,0,0,0,1,0,0,0,0,0,119,Wexford/Maryvale (119),11935
5000516977,-8850504.538999999,5420487.73,80510237,2015,2015/03/28 04:00:00+00,1238,12,JANE ST,MAPLE LEAF DR,50 m South of,Major Arterial,Etobicoke York,5.0,12,43.708796,-79.50543499999999,Mid-Block,Non Intersection,No Control,Clear,Daylight,Dry,Non-Fatal Injury,Sideswipe,35 to 39,2,,0,0,0,1,1,0,0,0,0,0,0,0,0,28,Rustic (28),11937
5000516992,-8844877.117,5426633.391,80496514,2015,2015/03/28 04:00:00+00,1240,12,REINER RD,WILSON HEIGHTS BLVD,,Minor Arterial,North York,6.0,32,43.74869,-79.454883,Intersection,At Intersection,Traffic Signal,Clear,Daylight,Dry,Fatal,Pedestrian Collisions,75 to 79,3,13.0,1,0,1,0,0,0,0,0,0,1,0,0,0,33,Clanton Park (33),11939
5000518760,-8840904.902999999,5433716.746,80234707,2015,2015/03/19 04:00:00+00,1645,16,6212 YONGE ST,,,Major Arterial,North York,18.0,32,43.794638,-79.4192,Mid-Block,At/Near Private Drive,No Control,Clear,Daylight,Dry,Fatal,Pedestrian Collisions,unknown,3,16.0,1,0,1,0,0,0,0,0,0,1,0,0,0,50,Newtonbrook East (50),11922
5000526787,-8829941.269,5435421.801,80510339,2015,2015/03/30 04:00:00+00,815,8,WARDEN AVE,MCNICOLL AVE,,Major Arterial,Scarborough,22.0,42,43.805693,-79.320712,Mid-Block,Non Intersection,No Control,Clear,Daylight,Wet,Non-Fatal Injury,SMV Other,35 to 39,2,,0,0,1,0,0,0,0,0,0,0,0,0,0,116,Steeles (116),11940
5000528249,-8857581.787,5425801.129,80234804,2015,2015/03/30 04:00:00+00,1235,12,70 BEAUMONDE HEIGHTS DR,,2 m North of,Local,Etobicoke York,1.0,23,43.743289000000004,-79.569011,Mid-Block,Non Intersection,No Control,Clear,Daylight,Dry,Non-Fatal Injury,SMV Other,65 to 69,2,,0,0,1,0,0,0,0,0,0,0,0,0,0,3,Thistletown-Beaumond Heights (3),11941
5000542079,-8853567.161,5413958.657000001,80496546,2015,2015/04/01 04:00:00+00,1615,16,ISLINGTON AVE,AYLESBURY RD,6 m South of,Major Arterial,Etobicoke York,2.0,22,43.666384,-79.532947,Intersection,Intersection Related,No Control,Clear,Daylight,Dry,Non-Fatal Injury,Rear End,45 to 49,2,,0,0,1,0,0,0,0,1,0,0,0,0,0,9,Edenbridge-Humber Valley (9),11944
5000543987,-8840116.761,5409503.55,80000100,2015,2015/04/01 04:00:00+00,2308,23,F G GARDINER XY  W,STRACHAN AVE,,,Toronto and East York,10.0,14,43.637427,-79.41212,Mid-Block,,No Control,Clear,"Dark, artificial",Dry,Fatal,SMV Other,unknown,3,15.0,0,0,0,1,0,0,0,0,1,1,0,0,0,82,Niagara (82),11945
5000549380,-8832966.488,5431015.062999999,80559934,2015,2015/04/02 04:00:00+00,1951,19,DON MILLS RD,LEITH HILL RD,,Major Arterial,North York,17.0,33,43.777117,-79.347888,Intersection,At Intersection,Traffic Signal,Rain,"Dark, artificial",Wet,Non-Fatal Injury,Pedestrian Collisions,50 to 54,2,,1,0,1,0,0,0,0,1,0,1,1,0,0,47,Don Valley Village (47),11948
5000552062,-8829258.435,5427758.705,80767771,2015,2015/04/03 04:00:00+00,950,9,VICTORIA PARK AVE,COMBERMERE DR,12 m South of,Major Arterial,North York,,41,43.755992,-79.314578,Intersection,Intersection Related,No Control,Clear,Daylight,Dry,Non-Fatal Injury,Rear End,70 to 74,2,,0,0,1,0,0,0,0,1,0,1,0,0,0,119,Wexford/Maryvale (119),11961
5000553836,-8818069.825,5425950.903,80235183,2015,2015/04/03 04:00:00+00,1626,16,3231 EGLINTON AVE E,,7 m West of,Major Arterial,Scarborough,24.0,43,43.744261,-79.214069,Mid-Block,At/Near Private Drive,No Control,Clear,Daylight,Dry,Non-Fatal Injury,Sideswipe,unknown,2,,0,0,0,1,0,0,0,0,0,0,0,0,0,139,Scarborough Village (139),11963
5000560313,-8833509.17,5413871.864,80496557,2015,2015/04/04 04:00:00+00,2010,20,BROADVIEW AVE,GERRARD ST E,31 m North of,Minor Arterial,Toronto and East York,14.0,55,43.665820000000004,-79.352763,Mid-Block,Non Intersection,No Control,Rain,"Dark, artificial",Wet,Fatal,Pedestrian Collisions,60 to 64,3,17.0,1,0,0,0,0,1,0,0,0,0,0,0,0,68,North Riverdale (68),11965
5000560374,-8849549.083999999,5415889.712,80510658,2015,2015/04/04 04:00:00+00,2028,20,JANE ST,EAST DR,,Major Arterial,Etobicoke York,5.0,12,43.678931,-79.496852,Intersection,Intersection Related,Traffic Signal,Snow,"Dark, artificial",Wet,Non-Fatal Injury,Pedestrian Collisions,70 to 74,2,,1,0,1,0,0,0,0,1,0,0,0,0,0,111,Rockcliffe-Smythe (111),11968
5000563919,-8830594.381000001,5420921.862000001,80510687,2015,2015/04/05 04:00:00+00,1433,14,DON VALLEY PARKWAY  S,SPANBRIDGE,185 m South of,,North York,16.0,54,43.711615,-79.32657900000001,Mid-Block,Non Intersection,No Control,Clear,Daylight,Dry,Non-Fatal Injury,Sideswipe,unknown,2,,0,0,1,0,0,0,0,0,0,0,0,0,0,44,Flemingdon Park (44),11970
5000573038,-8840214.5,5417504.492000001,80235411,2015,2015/04/07 04:00:00+00,944,9,THELMA AVE,SPADINA RD,20 m East of,Minor Arterial,Toronto and East York,12.0,53,43.689421,-79.412998,Intersection,Intersection Related,Stop Sign,Clear,Daylight,Dry,Non-Fatal Injury,Pedestrian Collisions,50 to 54,2,,1,0,1,0,0,0,0,0,0,0,0,0,0,101,Forest Hill South (101),11972
5000580621,-8845288.999,5421176.283,80235518,2015,2015/04/08 04:00:00+00,1427,14,APEX RD,LAWRENCE AVE W,,Major Arterial,North York,8.0,32,43.713267,-79.45858299999999,Intersection,At Intersection,Traffic Signal,Rain,Daylight,Wet,Non-Fatal Injury,Pedestrian Collisions,65 to 69,2,,1,0,1,0,0,0,0,0,0,1,0,0,0,31,Yorkdale-Glen Park (31),11974
5000589583,-8824065.047,5424091.382,80510910,2015,2015/04/10 04:00:00+00,304,3,KENNEDY RD,EGLINTON AVE E,,Major Arterial,Scarborough,,41,43.732192,-79.267925,Intersection,At Intersection,Traffic Signal,Rain,"Dark, artificial",Wet,Non-Fatal Injury,Angle,40 to 44,2,,0,0,1,0,0,0,0,1,0,1,1,0,0,124,Kennedy Park (124),11977
5000591639,-8827275.39,5417484.017000001,80560200,2015,2015/04/10 04:00:00+00,1154,11,DAWES RD,DANFORTH AVE,24 m South of,Major Arterial,Toronto and East York,19.0,54,43.689288,-79.296764,Intersection,Non Intersection,No Control,Clear,Daylight,Dry,Non-Fatal Injury,Pedestrian Collisions,80 to 84,2,,1,0,1,0,0,0,0,0,0,0,0,0,0,62,East End-Danforth (62),11980
5000611703,-8849887.162,5422623.473999999,80000107,2015,2015/04/13 04:00:00+00,1734,17,WILSON AVE,WILLIAM CRAGG DR,,Major Arterial,North York,6.0,31,43.722663,-79.499889,Mid-Block,,No Control,Clear,Daylight,Dry,Fatal,Rear End,85 to 89,3,18.0,0,0,1,0,0,1,0,0,0,1,0,0,0,26,Downsview-Roding-CFB (26),11982
5000613755,-8849355.5,5407731.151000001,80194582,2015,2015/04/14 04:00:00+00,115,1,7 INVERLEIGH DR,,,Local,Etobicoke York,3.0,22,43.625903,-79.495113,Mid-Block,At/Near Private Drive,No Control,Clear,"Dark, artificial",Dry,Non-Fatal Injury,Pedestrian Collisions,35 to 39,2,,1,0,1,0,0,0,0,0,0,0,0,0,0,16,Stonegate-Queensway (16),11984
5000620916,-8853795.589,5427376.496,80511164,2015,2015/04/15 04:00:00+00,658,6,FINCH AVE W,ARROW RD,125 m East of,Major Arterial,Etobicoke York,7.0,31,43.753512,-79.534999,Mid-Block,Non Intersection,No Control,Clear,Daylight,Dry,Non-Fatal Injury,Rear End,60 to 64,2,,0,0,1,0,0,0,1,0,0,0,0,0,0,22,Humbermede (22),11986
5000630061,-8835407.39,5410754.0,80511223,2015,2015/04/16 04:00:00+00,1540,15,LAKE SHORE BLVD E,LOWER JARVIS ST,,Major Arterial,Toronto and East York,10.0,51,43.645556,-79.369815,Intersection,At Intersection,Traffic Signal,Clear,Daylight,Dry,Non-Fatal Injury,Turning Movement,85 to 89,2,,0,0,1,0,0,0,0,0,0,1,0,0,0,77,Waterfront Communities-The Island (77),11988
5000643015,-8840234.871,5430983.919,80511390,2015,2015/04/18 04:00:00+00,1724,17,BYNG AVE,DORIS AVE,,Minor Arterial,North York,18.0,32,43.776915,-79.41318100000001,Intersection,Non Intersection,Traffic Signal,Clear,Daylight,Dry,Non-Fatal Injury,Turning Movement,70 to 74,2,,0,0,1,1,0,0,0,1,1,1,0,0,0,51,Willowdale East (51),11991
5000653521,-8832353.34,5413659.962,80496656,2015,2015/04/20 04:00:00+00,1405,14,1159 DUNDAS ST E,,6 m West of,Minor Arterial,Toronto and East York,14.0,55,43.664443,-79.34238,Mid-Block,Non Intersection,No Control,Clear,Daylight,Dry,Fatal,Pedestrian Collisions,60 to 64,3,19.0,1,0,1,0,0,0,0,1,0,1,0,0,0,70,South Riverdale (70),11995
5000656009,-8827595.545,5434621.597,80496667,2015,2015/04/20 04:00:00+00,2123,21,FINCH AVE E,WAYSIDE AVE,10 m East of,Major Arterial,Scarborough,22.0,42,43.800505,-79.29964,Intersection,Intersection Related,Traffic Signal,Clear,"Dark, artificial",Dry,Non-Fatal Injury,Rear End,50 to 54,2,,0,0,1,0,0,0,0,1,1,1,0,1,0,117,L'Amoreaux (117),12000
5000663068,-8828789.669,5414744.757999999,80236768,2015,2015/04/22 04:00:00+00,100,1,KINGSTON RD,COLUMBINE AVE,9 m West of,Major Arterial,Toronto and East York,19.0,55,43.671492,-79.310367,Intersection,Non Intersection,No Control,Rain,Dark,Wet,Non-Fatal Injury,SMV Unattended Vehicle,45 to 49,2,,0,0,1,0,0,0,0,0,0,1,0,0,0,63,The Beaches (63),11001
5000666173,-8827970.913999999,5433655.676,80565535,2015,2015/04/22 04:00:00+00,1402,14,3 RAINIER SQ,,4 m South of,Local,Scarborough,22.0,42,43.794242,-79.303012,Intersection,Private Driveway,Stop Sign,Clear,Daylight,Dry,Non-Fatal Injury,SMV Other,20 to 24,2,,0,0,1,0,0,0,0,1,1,1,0,0,0,117,L'Amoreaux (117),11006
5000667325,-8855805.017,5427955.056,80560881,2015,2015/04/22 04:00:00+00,1715,17,130 TORYORK DR,,4 m South of,Collector,Etobicoke York,7.0,31,43.757265999999994,-79.55305,Mid-Block,Non Intersection,No Control,Clear,Daylight,Dry,Non-Fatal Injury,Rear End,55 to 59,2,,0,0,1,0,0,0,0,0,0,1,0,0,0,21,Humber Summit (21),11008
5000669908,-8819369.257000001,5436426.319,80236867,2015,2015/04/23 04:00:00+00,648,6,NEILSON RD,CROW TRL,,Minor Arterial,Scarborough,,42,43.812205,-79.22574200000001,Intersection,At Intersection,Traffic Signal,Clear,Daylight,Dry,Non-Fatal Injury,Pedestrian Collisions,65 to 69,2,,1,0,1,0,0,0,0,0,0,0,0,0,0,132,Malvern (132),11010