ACCNUM,X,Y,Index_,YEAR,DATE,TIME,HOUR,STREET1,STREET2,OFFSET,ROAD_CLASS,District,WardNum,Division,LATITUDE,LONGITUDE,LOCCOORD,ACCLOC,TRAFFCTL,VISIBILITY,LIGHT,RDSFCOND,ACCLASS,IMPACTYPE,INVAGE,INJURY,FATAL_NO,PEDESTRIAN,CYCLIST,AUTOMOBILE,MOTORCYCLE,TRUCK,TRSN_CITY_VEH,EMERG_VEH,PASSENGER,SPEEDING,AG_DRIV,REDLIGHT,ALCOHOL,DISABILITY,Hood_ID,Neighbourhood,ObjectId
5000670962,-8827184.442,5420473.717,80236876,2015,2015/04/23 04:00:00+00,1018,10,VICTORIA PARK AVE,ST CLAIR AVE E,,Major Arterial,Toronto and East York,,41,43.708705,-79.295947,Intersection,At Intersection,Traffic Controller,Clear,Daylight,Dry,Non-Fatal Injury,Pedestrian Collisions,85 to 89,2,,1,0,1,0,0,0,0,0,0,0,0,0,0,120,Clairlea-Birchmount (120),11012
5000678140,-8834100.277,5415344.845,80236929,2015,2015/04/24 04:00:00+00,1256,12,BROADVIEW AVE,DEARBOURNE AVE,6 m South of,Minor Arterial,Toronto and East York,14.0,55,43.675391,-79.358073,Intersection,Intersection Related,Stop Sign,Clear,Daylight,Dry,Non-Fatal Injury,Pedestrian Collisions,90 to 94,2,,1,0,1,0,0,0,0,0,0,1,0,0,0,68,North Riverdale (68),11014
5000679922,-8818685.533,5436688.2639999995,80496698,2015,2015/04/24 04:00:00+00,1804,18,HUPFIELD TRL,GLANVIL CRES,20 m South of,Collector,Scarborough,25.0,42,43.813903,-79.2196,Intersection,Non Intersection,No Control,Clear,Daylight,Dry,Non-Fatal Injury,SMV Other,15 to 19,2,,0,0,1,0,0,0,0,1,1,1,0,0,0,132,Malvern (132),11016
5000679960,-8830839.84,5427276.015,80560996,2015,2015/04/24 04:00:00+00,1810,18,BROOKBANKS DR,UNDERHILL DR,,Collector,North York,16.0,33,43.75286,-79.328784,Mid-Block,Trail,No Control,Clear,Daylight,Dry,Non-Fatal Injury,SMV Other,25 to 29,2,,0,0,0,0,0,0,0,0,1,1,0,0,0,45,Parkwoods-Donalda (45),11024
5000693331,-8823906.194,5435780.126,80561170,2015,2015/04/27 04:00:00+00,0,0,MCCOWAN RD,FINCH AVE E,5 m East of,Major Arterial,Scarborough,23.0,42,43.808015999999995,-79.266498,Intersection,At Intersection,Traffic Signal,Clear,Dark,Dry,Non-Fatal Injury,Turning Movement,25 to 29,2,,0,0,1,0,0,0,0,1,0,0,0,0,0,129,Agincourt North (129),11028
5000706229,-8857783.053,5417836.874,80237344,2015,2015/04/29 04:00:00+00,40,4,MARTIN GROVE RD,DIXON RD,,Major Arterial,Etobicoke York,,23,43.69158,-79.570819,Intersection,At Intersection,Traffic Signal,Clear,"Dark, artificial",Dry,Non-Fatal Injury,Pedestrian Collisions,55 to 59,2,,1,0,1,0,0,0,0,0,0,1,0,0,0,1,West Humber-Clairville (1),11030
5000716436,-8823865.451,5435644.846,80496746,2015,2015/04/30 04:00:00+00,1637,16,2628 MCCOWAN RD,,,Major Arterial,Scarborough,23.0,42,43.807139,-79.266132,Mid-Block,Non Intersection,No Control,Clear,Daylight,Dry,Non-Fatal Injury,Approaching,55 to 59,2,,0,0,1,0,0,0,0,1,0,0,0,0,0,129,Agincourt North (129),11033
5000746528,-8820763.756000001,5438644.606000001,80237863,2015,2015/05/05 04:00:00+00,1341,13,3833 MCNICOLL AVE,,,Minor Arterial,Scarborough,23.0,42,43.826583,-79.23826899999999,Mid-Block,Non Intersection,No Control,Clear,Daylight,Dry,Non-Fatal Injury,Turning Movement,70 to 74,2,,0,0,1,0,0,0,0,1,0,1,0,0,0,131,Rouge (131),11037
5000754325,-8842433.654,5421970.085,80632008,2015,2015/05/06 04:00:00+00,1649,16,LAWRENCE AVE W,BRUCEWOOD CRES,1 m North of,Major Arterial,North York,8.0,32,43.718421,-79.43293299999999,Intersection,At Intersection,Traffic Signal,Clear,Daylight,Dry,Non-Fatal Injury,Turning Movement,45 to 49,2,,0,0,1,1,0,0,0,0,0,1,1,0,0,32,Englemount-Lawrence (32),11039
5000756531,-8834964.895,5414765.381,80000127,2015,2015/05/07 04:00:00+00,100,1,ROSEDALE VALLEY RD,BAYVIEW AVE,,Minor Arterial,Toronto and East York,,51,43.671626,-79.36584,Mid-Block,Non Intersection,No Control,Clear,"Dark, artificial",Dry,Fatal,SMV Other,25 to 29,3,20.0,0,0,0,1,0,0,0,1,1,1,0,0,0,71,Cabbagetown-South St.James Town (71),11041
5000756568,-8834805.263,5414691.353999999,80196654,2015,2015/05/07 04:00:00+00,115,1,ROSEDALE VALLEY RD,BAYVIEW AVE,,Minor Arterial,Toronto and East York,,51,43.671145,-79.364406,Mid-Block,Non Intersection,No Control,Clear,"Dark, artificial",Dry,Non-Fatal Injury,SMV Other,25 to 29,2,,0,0,0,1,0,0,0,1,1,1,0,0,0,71,Cabbagetown-South St.James Town (71),11043
5000760761,-8819250.367999999,5428032.581,80632011,2015,2015/05/07 04:00:00+00,1631,16,MARKHAM RD,GREENCREST CRCT,2 m North of,Major Arterial,Scarborough,24.0,43,43.757769,-79.224674,Intersection,At Intersection,Traffic Signal,Clear,Daylight,Dry,Non-Fatal Injury,Pedestrian Collisions,25 to 29,2,,1,0,1,0,0,0,0,0,0,0,0,0,0,137,Woburn (137),11046
5000777885,-8852489.477,5418852.566000001,81153096,2013,2013/12/03 05:00:00+00,700,7,SCARLETT RD,LAWRENCE AV W,,Major Arterial,Etobicoke York,2.0,23,43.698177,-79.523266,Intersection,At Intersection,Traffic Signal,Clear,Daylight,Dry,Non-Fatal Injury,Pedestrian Collisions,50 to 54,2,,1,0,1,0,0,0,0,0,0,0,0,0,0,8,Humber Heights-Westmount (8),10354
5000778695,-8833027.713,5418818.384,80238320,2015,2015/05/10 04:00:00+00,1058,10,DON VALLEY PARKWAY  S,LEASIDE BDGE,,,Toronto and East York,14.0,54,43.697955,-79.348438,Mid-Block,Non Intersection,No Control,Clear,Daylight,Dry,Non-Fatal Injury,Pedestrian Collisions,50 to 54,2,,1,0,1,0,0,0,0,0,0,1,0,0,0,58,Old East York (58),11048
5000780857,-8836713.613,5413192.011,80238360,2015,2015/05/10 04:00:00+00,1830,18,50 CARLTON ST,,4 m South of,Major Arterial,Toronto and East York,13.0,51,43.661402,-79.38154899999999,Mid-Block,Non Intersection,No Control,Clear,Daylight,Dry,Non-Fatal Injury,Cyclist Collisions,60 to 64,2,,0,1,0,0,1,0,0,0,0,0,0,0,0,75,Church-Yonge Corridor (75),11050
5000789698,-8858257.831,5421564.0879999995,80632013,2015,2015/05/12 04:00:00+00,735,7,25 RACINE RD,,5 m North of,Collector,Etobicoke York,1.0,23,43.715785,-79.57508399999999,Mid-Block,At/Near Private Drive,No Control,Clear,Daylight,Dry,Non-Fatal Injury,Turning Movement,55 to 59,2,,0,0,1,0,0,0,0,0,1,1,0,0,0,1,West Humber-Clairville (1),11052
5000800766,-8821777.877,5424549.101,80000132,2015,2015/05/13 04:00:00+00,2208,22,DANFORTH RD,BRIMLEY RD,,Major Arterial,Scarborough,20.0,43,43.735163,-79.24737900000001,Intersection,At Intersection,Traffic Signal,Clear,Dark,Dry,Fatal,Pedestrian Collisions,80 to 84,3,21.0,1,0,1,0,0,0,0,0,0,0,0,0,0,138,Eglinton East (138),11054
5000804946,-8839331.18,5417087.609,80238704,2015,2015/05/14 04:00:00+00,1538,15,DUNVEGAN RD,ST CLAIR AVE W,,Local,Toronto and East York,12.0,53,43.686713,-79.405063,Mid-Block,Non Intersection,No Control,Clear,Daylight,Dry,Non-Fatal Injury,Cyclist Collisions,45 to 49,2,,0,1,1,0,0,0,0,1,0,0,0,0,0,96,Casa Loma (96),11057
5000805635,-8830754.124,5414655.495,80496836,2015,2015/05/14 04:00:00+00,1730,17,GERRARD ST E,GREENWOOD AVE,4 m East of,Minor Arterial,Toronto and East York,14.0,55,43.670912,-79.328014,Intersection,Non Intersection,Traffic Signal,Clear,Daylight,Dry,Non-Fatal Injury,Turning Movement,45 to 49,2,,0,0,1,1,0,0,0,0,0,0,0,0,0,65,Greenwood-Coxwell (65),11059
5000811243,-8829934.479,5417814.55,80238797,2015,2015/05/15 04:00:00+00,1535,15,MORTIMER AVE,GLEBEMOUNT AVE,,Minor Arterial,Toronto and East York,19.0,54,43.691435,-79.320651,Intersection,At Intersection,Stop Sign,Clear,Daylight,Wet,Non-Fatal Injury,Angle,55 to 59,2,,0,0,1,1,0,0,0,0,0,1,0,0,0,59,Danforth East York (59),11061
5000814166,-8832970.718,5412867.49,80238837,2015,2015/05/16 04:00:00+00,211,2,755 QUEEN ST E,,10 m North of,Minor Arterial,Toronto and East York,14.0,55,43.659293,-79.347926,Mid-Block,Non Intersection,No Control,Clear,"Dark, artificial",Dry,Non-Fatal Injury,Pedestrian Collisions,35 to 39,2,,1,0,1,0,0,0,0,1,0,0,0,0,0,70,South Riverdale (70),11066
5000814405,-8845204.952,5412232.946,80238842,2015,2015/05/16 04:00:00+00,325,3,BLOOR ST W,INDIAN GRV,50 m West of,Major Arterial,Toronto and East York,4.0,11,43.655169,-79.457828,Mid-Block,Non Intersection,No Control,Clear,"Dark, artificial",Dry,Fatal,Pedestrian Collisions,65 to 69,3,23.0,1,0,1,0,0,0,0,1,0,0,0,0,0,87,High Park-Swansea (87),11069
5000832268,-8836798.55,5415965.442000001,80000144,2015,2015/05/19 04:00:00+00,823,8,ROXBOROUGH ST E,WRENTHAM PL,,Collector,Toronto and East York,11.0,53,43.679423,-79.382312,Intersection,,Stop Sign,Clear,"Daylight, artificial",Dry,Fatal,Cyclist Collisions,75 to 79,3,26.0,0,1,1,0,0,0,0,0,0,0,0,0,0,98,Rosedale-Moore Park (98),11071
5000838309,-8852314.372000001,5430750.503,80239064,2015,2015/05/20 04:00:00+00,600,6,JANE ST,STEELES AVE W,,Major Arterial,Etobicoke York,7.0,31,43.775401,-79.521693,Intersection,At Intersection,Traffic Signal,Clear,Daylight,Dry,Non-Fatal Injury,SMV Other,40 to 44,2,,0,0,1,0,0,0,0,1,0,0,0,0,0,27,York University Heights (27),11073
5000841080,-8846476.332,5413417.443,80239096,2015,2015/05/20 04:00:00+00,1453,14,HIGH PARK AVE,ANNETTE ST,,Minor Arterial,Toronto and East York,4.0,11,43.662867,-79.469249,Intersection,Intersection Related,Traffic Signal,Clear,Daylight,Dry,Non-Fatal Injury,Pedestrian Collisions,50 to 54,2,,1,0,1,0,0,0,0,1,0,1,0,0,0,90,Junction Area (90),11076
5000847589,-8825001.801,5432659.632,80239205,2015,2015/05/21 04:00:00+00,1514,15,GLEN WATFORD DR,RURAL AVE,,Collector,Scarborough,23.0,42,43.787783000000005,-79.27634,Intersection,At Intersection,Stop Sign,Clear,Daylight,Dry,Non-Fatal Injury,Pedestrian Collisions,45 to 49,2,,1,0,1,0,0,0,0,0,0,1,0,0,0,128,Agincourt South-Malvern West (128),11078
5000851624,-8832182.576,5423390.904,80496870,2015,2015/05/22 04:00:00+00,822,8,DON MILLS RD,GREEN BELT DR,,Major Arterial,North York,16.0,33,43.727645,-79.340846,Intersection,Intersection Related,Traffic Signal,Clear,Daylight,Dry,Fatal,Pedestrian Collisions,45 to 49,3,22.0,1,0,1,0,0,0,0,0,0,1,0,0,0,42,Banbury-Don Mills (42),11085
5000852729,-8833009.012,5415776.887999999,80239313,2015,2015/05/22 04:00:00+00,1115,11,DANFORTH AVE,FERRIER AVE,,Major Arterial,Toronto and East York,14.0,54,43.678197999999995,-79.34827,Intersection,Intersection Related,No Control,Clear,Daylight,Dry,Non-Fatal Injury,Rear End,45 to 49,2,,0,0,1,0,0,0,0,1,0,1,0,0,1,68,North Riverdale (68),11089
5000858647,-8847806.377999999,5407278.262,80239414,2015,2015/05/23 04:00:00+00,1030,10,MARINE PARADE DR,PARK LAWN RD,,Major Arterial,Etobicoke York,3.0,22,43.622958000000004,-79.481197,Intersection,At Intersection,Traffic Signal,Clear,Daylight,Dry,Non-Fatal Injury,Cyclist Collisions,50 to 54,2,,0,1,1,0,0,0,0,0,0,1,0,0,0,17,Mimico (includes Humber Bay Shores) (17),11091
5000859369,-8836199.762,5410947.067000001,80632016,2015,2015/05/21 04:00:00+00,2255,22,YONGE ST,FRONT ST E,10 m North of,Major Arterial,Toronto and East York,,51,43.646811,-79.376933,Intersection,At Intersection,Traffic Signal,Clear,"Dark, artificial",Dry,Non-Fatal Injury,Cyclist Collisions,60 to 64,2,,0,1,1,0,0,0,0,1,0,0,0,0,0,77,Waterfront Communities-The Island (77),11081
5000865695,-8839774.454,5412935.502,80632017,2015,2015/05/24 04:00:00+00,1413,14,BATHURST ST,ULSTER ST,35 m North of,Major Arterial,Toronto and East York,11.0,14,43.659735,-79.40904499999999,Intersection,Non Intersection,Traffic Signal,Clear,Daylight,Other,Non-Fatal Injury,SMV Other,25 to 29,2,,0,0,0,1,0,0,0,0,0,0,0,0,0,79,University (79),11092
5000873570,-8816477.399,5434846.473999999,80496922,2015,2015/05/25 04:00:00+00,1828,18,MORNINGSIDE AVE,SHEPPARD AVE E,,Major Arterial,Scarborough,25.0,42,43.801963,-79.199764,Intersection,Intersection Related,Traffic Signal,Clear,Daylight,Dry,Non-Fatal Injury,Turning Movement,55 to 59,2,,0,0,1,1,0,0,0,1,0,1,0,0,0,131,Rouge (131),11095
5000879931,-8829063.181,5419962.6110000005,80239749,2015,2015/05/26 04:00:00+00,1855,18,ST CLAIR AVE E,O CONNOR DR,,Major Arterial,Toronto and East York,19.0,54,43.705386,-79.31282399999999,Intersection,Intersection Related,Traffic Signal,Clear,Daylight,Dry,Non-Fatal Injury,Pedestrian Collisions,60 to 64,2,,1,0,1,0,0,0,0,1,0,1,1,0,0,54,O'Connor-Parkview (54),11098
5000887145,-8856518.464,5417665.9860000005,80496954,2015,2015/05/27 04:00:00+00,2120,21,TANGAMO RD,MOFORD CRES,17 m North of,Local,Etobicoke York,2.0,23,43.69047,-79.55945899999999,Intersection,Non Intersection,Stop Sign,Clear,"Dark, artificial",Dry,Fatal,SMV Other,15 to 19,3,24.0,0,0,1,0,0,0,0,0,0,0,0,0,0,7,Willowridge-Martingrove-Richview (7),11099
5000891503,-8838949.799,5410098.527000001,80239902,2015,2015/05/28 04:00:00+00,1420,14,BATHURST ST,FRONT ST W,25 m South of,Major Arterial,Toronto and East York,10.0,14,43.641295,-79.401637,Mid-Block,Non Intersection,No Control,Clear,Daylight,Dry,Non-Fatal Injury,Cyclist Collisions,50 to 54,2,,0,1,1,0,0,0,0,0,0,0,0,0,0,77,Waterfront Communities-The Island (77),11101
5000897044,-8832505.291000001,5432885.541,80239981,2015,2015/05/29 04:00:00+00,1109,11,169 KINGSLAKE RD,,,Collector,North York,17.0,33,43.789248,-79.343745,Intersection,At/Near Private Drive,No Control,Clear,Daylight,Dry,Non-Fatal Injury,Other,40 to 44,2,,0,0,1,0,0,0,0,0,0,0,0,0,0,47,Don Valley Village (47),11102
5000897486,-8852508.068,5407070.049,80239983,2015,2015/05/29 04:00:00+00,1230,12,THE QUEENSWAY,VIBE RD,33 m West of,Major Arterial,Etobicoke York,3.0,22,43.621604,-79.523433,Intersection,At/Near Private Drive,No Control,Clear,Daylight,Dry,Non-Fatal Injury,Angle,85 to 89,2,,0,0,1,0,0,0,0,0,0,1,0,0,0,14,Islington-City Centre West (14),11104
5000898741,-8831134.614,5412640.379,80496971,2015,2015/05/29 04:00:00+00,1621,16,LAKE SHORE BLVD E,LESLIE ST,374 m West of,Major Arterial,Toronto and East York,14.0,55,43.657817,-79.33143199999999,Mid-Block,Non Intersection,No Control,Clear,Daylight,Dry,Non-Fatal Injury,Rear End,60 to 64,2,,0,0,1,0,1,0,0,0,0,1,0,0,0,70,South Riverdale (70),11106
5000901118,-8844630.767,5412547.597,80240056,2015,2015/05/30 04:00:00+00,2,2,DUNDAS ST W,EDNA AVE,2 m North of,Minor Arterial,Toronto and East York,4.0,11,43.657214,-79.45267,Intersection,At Intersection,No Control,Clear,"Dark, artificial",Dry,Non-Fatal Injury,Cyclist Collisions,50 to 54,2,,0,1,1,0,0,0,0,0,0,0,0,0,0,88,High Park North (88),11108
5000907993,-8839983.4,5428607.637,80240149,2015,2015/05/31 04:00:00+00,241,2,YONGE ST,SHEPPARD AVE W,,Major Arterial,North York,18.0,32,43.7615,-79.410922,Intersection,At Intersection,Traffic Signal,Rain,"Dark, artificial",Wet,Non-Fatal Injury,Pedestrian Collisions,50 to 54,2,,1,0,1,0,0,0,0,0,0,0,0,0,0,51,Willowdale East (51),11116
5000912141,-8842152.572,5413119.842999999,80000142,2015,2015/05/31 04:00:00+00,2104,21,BLOOR ST W,WESTMORELAND AVE,,Major Arterial,Toronto and East York,9.0,14,43.660933,-79.430408,Intersection,,No Control,Rain,Dusk,Wet,Fatal,Pedestrian Collisions,unknown,3,25.0,1,0,1,0,0,0,0,0,1,1,0,0,0,83,Dufferin Grove (83),11127
5000922282,-8821559.579,5427688.735,80503040,2015,2015/06/02 04:00:00+00,1233,12,LAWRENCE AVE E,MCCOWAN RD,,Major Arterial,Scarborough,,43,43.755538,-79.245418,Intersection,At Intersection,Traffic Signal,Clear,Daylight,Dry,Fatal,Pedestrian Collisions,80 to 84,3,27.0,1,0,1,0,0,0,0,0,0,0,0,0,0,137,Woburn (137),11255
5000924528,-8850066.275,5425855.2129999995,80632020,2015,2015/06/02 04:00:00+00,1854,18,SPENVALLEY DR,ARLETA AVE,,Collector,Etobicoke York,7.0,31,43.74364,-79.501498,Intersection,At Intersection,Stop Sign,Clear,Daylight,Dry,Non-Fatal Injury,Pedestrian Collisions,75 to 79,2,,1,0,1,0,0,0,0,0,0,1,0,0,0,25,Glenfield-Jane Heights (25),11358
5000926071,-8838120.024,5433780.902000001,80240422,2015,2015/06/03 04:00:00+00,51,5,BAYVIEW AVE,BOWAN CRT,,Major Arterial,North York,,33,43.795054,-79.394183,Intersection,At Intersection,Stop Sign,Clear,"Dark, artificial",Dry,Non-Fatal Injury,Turning Movement,55 to 59,2,,0,0,1,0,0,1,0,1,1,1,0,0,0,49,Bayview Woods-Steeles (49),11381
5000931328,-8821852.572,5424774.195,80632022,2015,2015/06/03 04:00:00+00,2001,20,BRIMLEY RD,EGLINTON AVE E,,Major Arterial,Scarborough,,43,43.736624,-79.24805,Intersection,At Intersection,Traffic Signal,Clear,"Dawn, artificial",Dry,Non-Fatal Injury,Pedestrian Collisions,55 to 59,2,,1,0,1,0,0,0,0,0,0,1,0,0,0,138,Eglinton East (138),11477
5000932642,-8819321.612,5428347.154,80240565,2015,2015/06/04 04:00:00+00,242,2,MARKHAM RD,LAWRENCE AVE E,,Major Arterial,Scarborough,24.0,43,43.759809999999995,-79.225314,Intersection,Intersection Related,Traffic Signal,Clear,"Dark, artificial",Dry,Non-Fatal Injury,Rear End,35 to 39,2,,0,0,1,0,1,0,0,0,0,0,0,0,0,137,Woburn (137),11482
5000935132,-8831982.201,5411603.83,80240607,2015,2015/06/04 04:00:00+00,1255,12,COMMISSIONERS ST,BOUCHETTE ST,80 m East of,Collector,Toronto and East York,14.0,55,43.65108,-79.339046,Mid-Block,Non Intersection,No Control,Clear,Daylight,Dry,Non-Fatal Injury,SMV Other,45 to 49,2,,0,0,1,0,0,0,0,0,1,1,0,0,0,70,South Riverdale (70),11486
5000938109,-8851390.42,5412897.341,80240651,2015,2015/06/04 04:00:00+00,2135,21,DUNDAS ST W,ROYAL YORK RD,300 m East of,Major Arterial,Etobicoke York,,22,43.659487,-79.51339300000001,Intersection,Non Intersection,Traffic Signal,Clear,"Dark, artificial",Dry,Non-Fatal Injury,Pedestrian Collisions,75 to 79,2,,1,0,1,0,0,0,0,0,0,0,0,0,0,15,Kingsway South (15),11573
5000950977,-8840650.093,5410871.993,80240820,2015,2015/06/07 04:00:00+00,2316,23,169 SHAW ST,,,Collector,Toronto and East York,10.0,14,43.646322999999995,-79.416911,Mid-Block,Non Intersection,No Control,Clear,"Dark, artificial",Dry,Non-Fatal Injury,Cyclist Collisions,25 to 29,2,,0,1,0,0,0,0,0,0,0,0,0,0,0,81,Trinity-Bellwoods (81),11578
5000955442,-8839007.574,5422988.387999999,80240866,2015,2015/06/07 04:00:00+00,1830,18,YONGE ST,LAWRENCE AVE E,,Major Arterial,North York,,32,43.725032,-79.402156,Intersection,At Intersection,Traffic Signal,Clear,Daylight,Dry,Non-Fatal Injury,Cyclist Collisions,50 to 54,2,,0,1,0,0,0,1,0,0,0,0,0,0,0,103,Lawrence Park South (103),11576
5000955489,-8840712.098,5432630.797,80497050,2015,2015/06/07 04:00:00+00,1850,18,YONGE ST,CUMMER AVE,38 m North of,Major Arterial,North York,18.0,32,43.787596,-79.417468,Mid-Block,Non Intersection,No Control,Clear,Daylight,Dry,Non-Fatal Injury,SMV Other,20 to 24,2,,0,0,1,0,0,0,0,0,0,0,0,0,0,50,Newtonbrook East (50),11577
5000961885,-8843621.877999999,5413074.602999999,80240983,2015,2015/06/08 04:00:00+00,1915,19,PATON RD,LANSDOWNE AVE,,Minor Arterial,Toronto and East York,9.0,11,43.660639,-79.443607,Intersection,At Intersection,Stop Sign,Other,Daylight,Other,Non-Fatal Injury,Angle,50 to 54,2,,0,1,0,0,0,0,0,0,0,1,0,0,0,93,Dovercourt-Wallace Emerson-Junction (93),11580
5000963180,-8837396.447,5414886.812000001,80240991,2015,2015/06/09 04:00:00+00,25,2,878 YONGE  ST,,20 m North of,Major Arterial,Toronto and East York,11.0,53,43.672415,-79.387683,Mid-Block,Intersection Related,No Control,Clear,"Dark, artificial",Dry,Non-Fatal Injury,Turning Movement,40 to 44,2,,0,0,1,0,0,0,0,1,1,1,0,1,0,98,Rosedale-Moore Park (98),11584
5000965386,-8838436.06,5411923.691000001,80241011,2015,2015/06/09 04:00:00+00,1047,10,DUNDAS ST W,HURON ST,,Major Arterial,Toronto and East York,,52,43.653159,-79.39702199999999,Mid-Block,Non Intersection,No Control,Clear,Daylight,Dry,Non-Fatal Injury,Rear End,50 to 54,2,,0,0,1,0,0,0,0,1,0,0,0,0,1,78,Kensington-Chinatown (78),11587
5000976277,-8850781.391,5428264.232000001,80497075,2015,2015/06/11 04:00:00+00,24,2,FINCH AVE W,TOBERMORY DR,,Major Arterial,Etobicoke York,7.0,31,43.759271999999996,-79.507922,Intersection,At Intersection,Traffic Signal,Clear,"Dark, artificial",Dry,Fatal,Cyclist Collisions,40 to 44,3,28.0,0,1,1,0,0,0,0,0,1,1,0,1,0,25,Glenfield-Jane Heights (25),11589
5000979465,-8840202.589,5429804.257,80241219,2015,2015/06/11 04:00:00+00,1322,13,YONGE ST,EMPRESS AVE,,Major Arterial,North York,18.0,32,43.769263,-79.412891,Intersection,At Intersection,Traffic Signal,Clear,Daylight,Dry,Fatal,Pedestrian Collisions,65 to 69,3,29.0,1,0,1,0,0,0,0,0,0,0,0,0,0,51,Willowdale East (51),11595
5000984230,-8851434.502999999,5422184.487000001,80241308,2015,2015/06/12 04:00:00+00,756,7,WILSON AVE,DALLNER RD,,Major Arterial,Etobicoke York,7.0,31,43.719813,-79.513789,Intersection,At Intersection,Stop Sign,Clear,Daylight,Dry,Non-Fatal Injury,Turning Movement,45 to 49,2,,0,0,1,0,0,0,0,0,0,1,0,0,0,26,Downsview-Roding-CFB (26),11599
5000989979,-8850174.143,5407230.13,80000147,2015,2015/06/13 04:00:00+00,300,3,F G GARDINER XY  W,ROYAL YORK RD,,,Etobicoke York,3.0,22,43.622645,-79.50246700000001,Mid-Block,,No Control,Rain,Dark,Wet,Fatal,SMV Other,20 to 24,3,30.0,0,0,1,0,0,0,0,0,1,1,0,0,0,16,Stonegate-Queensway (16),11600
5000992370,-8837022.747000001,5432490.32,80632025,2015,2015/06/13 04:00:00+00,1423,14,FINCH AVE E,PAGE AVE,,Major Arterial,North York,17.0,33,43.786685,-79.384326,Intersection,At Intersection,Stop Sign,Clear,Daylight,Dry,Non-Fatal Injury,Cyclist Collisions,85 to 89,2,,0,1,1,0,0,0,0,1,0,1,0,0,0,52,Bayview Village (52),11603
5000995174,-8838388.415,5415240.3379999995,80497100,2015,2015/06/13 04:00:00+00,2320,23,AVENUE RD,DAVENPORT RD,,Major Arterial,Toronto and East York,11.0,53,43.674712,-79.396594,Intersection,At Intersection,Traffic Signal,Clear,"Dark, artificial",Dry,Fatal,Cyclist Collisions,25 to 29,3,31.0,0,1,1,0,0,0,0,0,0,0,0,0,0,95,Annex (95),11605
5000997483,-8828832.082,5416174.471,80241585,2015,2015/06/12 04:00:00+00,530,5,GERRARD ST E,WOODBINE AVE,1 m East of,Major Arterial,Toronto and East York,19.0,55,43.680781,-79.310748,Intersection,Intersection Related,Traffic Signal,Clear,"Dark, artificial",Dry,Non-Fatal Injury,Other,40 to 44,2,,0,0,1,0,0,0,0,1,0,0,0,0,0,62,East End-Danforth (62),11597
5000998310,-8848028.015,5418109.992000001,80632028,2015,2015/06/14 04:00:00+00,1409,14,TRETHEWEY DR,CLEARVIEW HTS,5 m West of,Minor Arterial,Etobicoke York,5.0,12,43.693354,-79.483188,Intersection,At Intersection,No Control,Rain,Daylight,Wet,Non-Fatal Injury,Approaching,50 to 54,2,,0,0,1,0,0,0,0,1,1,1,0,0,0,112,Beechborough-Greenbrook (112),11608
5001008776,-8835705.504,5418936.48,80241720,2015,2015/06/16 04:00:00+00,715,7,BAYVIEW AVE,SUTHERLAND DR,,Major Arterial,North York,15.0,53,43.698722,-79.372493,Intersection,At Intersection,Stop Sign,Rain,Dawn,Wet,Non-Fatal Injury,Turning Movement,30 to 34,2,,0,0,0,1,0,1,0,0,1,1,0,0,0,56,Leaside-Bennington (56),11610
5001012309,-8860951.762,5427188.325,80241775,2015,2015/06/16 04:00:00+00,1724,17,MARTIN GROVE RD,ROYALCREST RD,11 m South of,Minor Arterial,Etobicoke York,1.0,23,43.752291,-79.599284,Intersection,Intersection Related,No Control,Clear,Daylight,Dry,Non-Fatal Injury,Pedestrian Collisions,30 to 34,2,,1,0,1,0,0,0,0,1,0,0,0,0,0,2,Mount Olive-Silverstone-Jamestown (2),11615
5001013446,-8834580.175,5416492.797,80486005,2015,2015/06/16 04:00:00+00,2049,20,BAYVIEW BLOOR DVP RAMP,DON VALLEY PARKWAY  N,,,Toronto and East York,14.0,54,43.682849,-79.36238399999999,Mid-Block,Underpass or Tunnel,No Control,Clear,Dusk,Dry,Non-Fatal Injury,SMV Other,35 to 39,2,,0,0,0,1,0,0,0,0,0,0,0,0,0,57,Broadview North (57),11616
5001016196,-8836211.673,5430112.416,80241814,2015,2015/06/17 04:00:00+00,830,8,ARROWSTOOK RD,BURBANK DR,,Local,North York,17.0,33,43.771262,-79.37704000000001,Intersection,At Intersection,Stop Sign,Clear,Daylight,Dry,Non-Fatal Injury,Cyclist Collisions,60 to 64,2,,0,1,1,0,0,0,0,1,0,0,0,0,0,52,Bayview Village (52),11620
5001021761,-8840959.227,5424388.72,80241903,2015,2015/06/16 04:00:00+00,900,9,AVENUE RD,FELBRIGG AVE,,Major Arterial,North York,8.0,32,43.734122,-79.419688,Intersection,At Intersection,No Control,Clear,Daylight,Dry,Non-Fatal Injury,Pedestrian Collisions,unknown,2,,1,0,1,0,0,0,0,0,0,1,0,0,0,39,Bedford Park-Nortown (39),11612