ACCNUM,X,Y,Index_,YEAR,DATE,TIME,HOUR,STREET1,STREET2,OFFSET,ROAD_CLASS,District,WardNum,Division,LATITUDE,LONGITUDE,LOCCOORD,ACCLOC,TRAFFCTL,VISIBILITY,LIGHT,RDSFCOND,ACCLASS,IMPACTYPE,INVAGE,INJURY,FATAL_NO,PEDESTRIAN,CYCLIST,AUTOMOBILE,MOTORCYCLE,TRUCK,TRSN_CITY_VEH,EMERG_VEH,PASSENGER,SPEEDING,AG_DRIV,REDLIGHT,ALCOHOL,DISABILITY,Hood_ID,Neighbourhood,ObjectId
5001034900,-8835911.0,5413423.29,80242117,2015,2015/06/20 04:00:00+00,155,1,CARLTON ST,HOMEWOOD AVE,,Minor Arterial,Toronto and East York,13.0,51,43.662905,-79.374339,Intersection,At Intersection,Stop Sign,Clear,"Dark, artificial",Dry,Non-Fatal Injury,Cyclist Collisions,40 to 44,2,,0,1,1,0,0,0,0,0,0,0,0,0,0,73,Moss Park (73),11622
5001050877,-8845275.418,5414006.824,80242349,2015,2015/06/22 04:00:00+00,1554,15,6 CARIBOO AVE,,,Local,Toronto and East York,9.0,11,43.666697,-79.458461,Mid-Block,At/Near Private Drive,No Control,Clear,Daylight,Dry,Non-Fatal Injury,Pedestrian Collisions,70 to 74,2,,1,0,1,0,0,0,0,0,1,1,0,0,0,93,Dovercourt-Wallace Emerson-Junction (93),11624
5001063670,-8829644.046,5414498.825,80242504,2015,2015/06/24 04:00:00+00,1325,13,COXWELL AVE,ROBBINS AVE,5 m South of,Minor Arterial,Toronto and East York,,55,43.669894,-79.318042,Intersection,Non Intersection,No Control,Clear,Daylight,Dry,Non-Fatal Injury,Cyclist Collisions,25 to 29,2,,0,1,0,0,0,0,0,0,0,0,0,0,0,64,Woodbine Corridor (64),11625
5001074217,-8838791.837000001,5412724.237000001,80242653,2015,2015/06/26 04:00:00+00,405,4,457 SPADINA AVE,,18 m East of,Major Arterial,Toronto and East York,11.0,52,43.658362,-79.40021800000001,Mid-Block,Non Intersection,No Control,Clear,"Dark, artificial",Dry,Non-Fatal Injury,Pedestrian Collisions,60 to 64,2,,1,0,0,0,1,0,0,0,0,0,0,0,0,79,University (79),11627
5001077682,-8833570.396,5430491.193,80242710,2015,2015/06/26 04:00:00+00,1652,16,SHEPPARD AVE E,SHAUGHNESSY BLVD,5 m West of,Major Arterial,North York,17.0,33,43.773719,-79.353313,Intersection,Intersection Related,Traffic Signal,Clear,Daylight,Dry,Non-Fatal Injury,Turning Movement,60 to 64,2,,0,0,1,1,0,0,0,1,0,0,0,0,0,53,Henry Farm (53),11630
5001079056,-8843959.844,5417102.848999999,80143419,2015,2015/06/26 04:00:00+00,2150,21,2058 DUFFERIN ST,,,Major Arterial,Toronto and East York,,13,43.686811999999996,-79.44664300000001,Mid-Block,,No Control,Clear,"Dark, artificial",Dry,Fatal,Pedestrian Collisions,80 to 84,3,32.0,1,0,1,0,0,0,0,0,0,0,0,0,0,107,Oakwood Village (107),11632
5001088565,-8843676.202,5409348.659,80631967,2015,2015/06/28 04:00:00+00,1539,15,1491 LAKE SHORE BLVD W,,100 m West of,Major Arterial,Toronto and East York,4.0,14,43.63642,-79.44409499999999,Mid-Block,Non Intersection,No Control,Rain,Daylight,Wet,Non-Fatal Injury,SMV Other,20 to 24,2,,0,0,1,0,0,0,0,1,1,1,0,0,0,85,South Parkdale (85),11635
5001095656,-8823951.167000001,5430584.618,80243086,2015,2015/06/29 04:00:00+00,1745,17,300 PROGRESS AVE,,40 m East of,Minor Arterial,Scarborough,21.0,41,43.774325,-79.266902,Mid-Block,Non Intersection,No Control,Clear,Daylight,Dry,Non-Fatal Injury,Turning Movement,60 to 64,2,,0,0,1,1,0,0,0,1,0,0,0,0,0,127,Bendale (127),11638
5001098276,-8829586.271,5428840.536,80243114,2015,2015/06/30 04:00:00+00,410,4,VICTORIA PARK AVE,YORK MILLS RD,,Major Arterial,North York,,41,43.763011,-79.317523,Intersection,Intersection Related,Traffic Signal,Clear,"Dark, artificial",Dry,Non-Fatal Injury,Pedestrian Collisions,70 to 74,2,,1,0,1,0,0,0,0,0,0,0,0,0,0,119,Wexford/Maryvale (119),11640
5001105926,-8820275.398,5431727.375,80486142,2015,2015/07/01 04:00:00+00,949,9,MARKHAM RD,PROGRESS AVE,,Major Arterial,Scarborough,24.0,43,43.781737,-79.233882,Intersection,At Intersection,Traffic Signal,Clear,Daylight,Dry,Non-Fatal Injury,Turning Movement,5 to 9,2,,0,0,1,0,0,0,0,1,0,1,0,0,0,137,Woburn (137),11643
5001107596,-8834229.407,5413544.857000001,80486153,2015,2015/07/01 04:00:00+00,1525,15,GERRARD ST E,RIVER ST,,Minor Arterial,Toronto and East York,13.0,51,43.663695000000004,-79.35923299999999,Intersection,At Intersection,Traffic Signal,Clear,Daylight,Dry,Non-Fatal Injury,Turning Movement,45 to 49,2,,0,0,1,1,0,0,0,1,0,1,1,0,0,72,Regent Park (72),11646
5001109964,-8854048.729,5421750.9120000005,80486180,2015,2015/07/01 04:00:00+00,2330,23,WALSH AVE,WESTON RD,22 m East of,Major Arterial,Etobicoke York,7.0,31,43.716998,-79.537273,Intersection,Non Intersection,Traffic Signal,Clear,"Dark, artificial",Dry,Non-Fatal Injury,Rear End,50 to 54,2,,0,0,1,0,1,0,0,1,0,1,0,1,0,23,Pelmo Park-Humberlea (23),11651
5001110080,-8839740.501,5409041.807,80243293,2015,2015/07/02 04:00:00+00,2355,23,LAKE SHORE BLVD W,REMEMBRANCE DR,4 m East of,Major Arterial,Toronto and East York,10.0,14,43.634425,-79.40874000000001,Intersection,Intersection Related,Traffic Signal,Clear,"Dark, artificial",Dry,Non-Fatal Injury,Pedestrian Collisions,35 to 39,2,,1,0,1,0,0,0,0,1,0,0,0,0,0,82,Niagara (82),11654
5001126666,-8832228.439,5433793.24,80243565,2015,2015/07/04 04:00:00+00,1340,13,FINCH AVE E,GORDON BAKER RD,10 m West of,Major Arterial,North York,17.0,33,43.795134000000004,-79.341258,Intersection,At Intersection,Traffic Signal,Clear,Daylight,Dry,Non-Fatal Injury,Pedestrian Collisions,80 to 84,2,,1,0,1,0,0,0,0,0,0,0,0,0,0,46,Pleasant View (46),11656
5001136090,-8853109.416000001,5407790.973999999,80502530,2015,2015/07/06 04:00:00+00,8,8,KIPLING AVE,JUTLAND RD,,Major Arterial,Etobicoke York,3.0,22,43.626292,-79.528835,Intersection,Intersection Related,No Control,Clear,"Dark, artificial",Dry,Fatal,Turning Movement,50 to 54,3,33.0,0,0,1,1,0,0,0,1,1,1,0,0,0,14,Islington-City Centre West (14),11124
5001160138,-8837651.257000001,5430724.602999999,80486544,2015,2015/07/09 04:00:00+00,1407,14,BAYVIEW AVE,WYCLIFFE CRES,26 m South of,Major Arterial,North York,,33,43.775233,-79.389972,Intersection,Non Intersection,No Control,Clear,Daylight,Dry,Non-Fatal Injury,Rear End,65 to 69,2,,0,0,1,0,0,0,0,0,0,0,0,0,0,52,Bayview Village (52),11146
5001168527,-8852856.275,5416402.901000001,80244231,2015,2015/07/10 04:00:00+00,1850,18,EGLINTON AVE W,ROYAL YORK RD,,Major Arterial,Etobicoke York,2.0,23,43.682265,-79.526561,Intersection,At Intersection,Traffic Signal,Clear,Daylight,Dry,Non-Fatal Injury,Turning Movement,unknown,2,,0,0,0,1,0,0,0,0,0,1,0,0,0,9,Edenbridge-Humber Valley (9),11354
5001169933,-8859593.776,5427391.753,80486631,2015,2015/07/10 04:00:00+00,2325,23,KIPLING AVE,BEACONHILL RD,30 m South of,Major Arterial,Etobicoke York,1.0,23,43.753611,-79.587085,Intersection,Non Intersection,Traffic Signal,Clear,Dark,Dry,Non-Fatal Injury,Rear End,50 to 54,2,,0,0,1,0,0,1,0,1,1,1,0,1,0,2,Mount Olive-Silverstone-Jamestown (2),11377
5001176666,-8840968.578,5408425.2129999995,80244399,2015,2015/07/12 04:00:00+00,2354,23,LAKE SHORE BLVD W,ONTARIO DR,73 m West of,Major Arterial,Toronto and East York,10.0,14,43.630416,-79.419772,Intersection,Intersection Related,Traffic Signal,Clear,"Dark, artificial",Dry,Non-Fatal Injury,SMV Other,20 to 24,2,,0,0,0,0,1,0,0,1,0,0,0,0,0,82,Niagara (82),11471
5001196464,-8838146.406,5423091.75,80197010,2015,2015/07/14 04:00:00+00,2137,21,BUCKINGHAM AVE,DINNICK CRES,,Local,North York,15.0,53,43.725703,-79.39442,Intersection,,Stop Sign,Other,"Dark, artificial",Other,Fatal,Pedestrian Collisions,70 to 74,3,34.0,1,0,1,0,0,0,0,0,0,1,0,0,0,103,Lawrence Park South (103),11485
5001197879,-8843310.963,5418781.892999999,80244670,2015,2015/07/15 04:00:00+00,429,4,1500 EGLINTON AVE W,,,Major Arterial,North York,,13,43.697718,-79.440814,Mid-Block,At/Near Private Drive,No Control,Clear,Dark,Dry,Non-Fatal Injury,Pedestrian Collisions,35 to 39,2,,1,0,1,0,0,0,0,0,1,1,0,0,0,108,Briar Hill-Belgravia (108),11658
5001203164,-8825532.572,5418025.469,80244763,2015,2015/07/15 04:00:00+00,2030,20,DANFORTH AVE,AUGUST AVE,,Major Arterial,Scarborough,20.0,41,43.692805,-79.28110799999999,Intersection,Intersection Related,Stop Sign,Clear,Daylight,Dry,Non-Fatal Injury,Turning Movement,60 to 64,2,,0,0,1,1,0,0,0,1,0,0,0,0,0,121,Oakridge (121),11664
5001207270,-8827721.225,5418326.768999999,80244803,2015,2015/07/16 04:00:00+00,1253,12,EASTDALE AVE,GOODWOOD PARK CRES,35 m North of,Collector,Toronto and East York,19.0,54,43.694762,-79.30076899999999,Mid-Block,Non Intersection,No Control,Clear,Daylight,Dry,Non-Fatal Injury,Pedestrian Collisions,5 to 9,2,,1,0,1,0,0,0,0,1,0,0,0,0,0,61,Taylor-Massey (61),11670
5001212779,-8839558.828,5415260.808999999,80244878,2015,2015/07/17 04:00:00+00,827,8,SPADINA RD,DUPONT ST,,Major Arterial,Toronto and East York,11.0,53,43.674845,-79.407108,Intersection,Intersection Related,Traffic Signal,Clear,Daylight,Wet,Non-Fatal Injury,Cyclist Collisions,60 to 64,2,,0,1,0,0,1,0,0,0,0,0,0,0,0,95,Annex (95),11673
5001213317,-8837504.315,5429820.752,80486873,2015,2015/07/17 04:00:00+00,1001,10,BAYVIEW AVE,BAYVIEW MEWS LANE,,Major Arterial,North York,,33,43.76937,-79.38865200000001,Intersection,Intersection Related,Traffic Signal,Clear,Daylight,Dry,Non-Fatal Injury,Turning Movement,75 to 79,2,,0,0,1,0,0,0,0,0,1,1,0,0,0,52,Bayview Village (52),11675
5001215897,-8838176.129,5432128.5770000005,80486903,2015,2015/07/17 04:00:00+00,1714,17,FINCH AVE E,MANORCREST DR,,Major Arterial,North York,18.0,32,43.784339,-79.394687,Intersection,Intersection Related,No Control,Clear,Daylight,Dry,Non-Fatal Injury,Rear End,unknown,2,,0,0,1,0,0,0,0,0,1,1,0,0,0,51,Willowdale East (51),11678
5001220959,-8839461.98,5434705.192000001,80486949,2015,2015/07/18 04:00:00+00,1211,12,STEELES AVE E,MAXOME AVE,,Major Arterial,North York,18.0,32,43.801047,-79.406238,Intersection,At Intersection,Traffic Signal,Clear,Daylight,Dry,Non-Fatal Injury,Turning Movement,75 to 79,2,,0,0,1,0,0,0,0,1,0,1,0,0,0,50,Newtonbrook East (50),11682
5001233986,-8846815.189,5409343.891,80245220,2015,2015/07/20 04:00:00+00,1015,10,THE QUEENSWAY,SOUTH KINGSWAY,167 m East of,Major Arterial,Toronto and East York,4.0,11,43.636389,-79.47229300000001,Mid-Block,Non Intersection,No Control,Clear,Daylight,Dry,Non-Fatal Injury,Pedestrian Collisions,55 to 59,2,,1,0,0,0,1,0,0,0,0,0,0,0,0,87,High Park-Swansea (87),11684
5001240894,-8814859.482,5429702.516,80245331,2015,2015/07/21 04:00:00+00,954,9,LAWRENCE AVE E,MORNINGSIDE AVE,100 m South of,Minor Arterial,Scarborough,25.0,43,43.768603000000006,-79.18523,Mid-Block,Non Intersection,No Control,Clear,Daylight,Dry,Non-Fatal Injury,Turning Movement,65 to 69,2,,0,0,1,1,0,0,0,0,0,0,0,0,0,136,West Hill (136),11686
5001245461,-8836290.71,5411737.066000001,80245420,2015,2015/07/21 04:00:00+00,2135,21,VICTORIA ST,RICHMOND ST E,,Major Arterial,Toronto and East York,13.0,51,43.651946,-79.37775,Intersection,At Intersection,Traffic Signal,Clear,"Dark, artificial",Dry,Non-Fatal Injury,Angle,40 to 44,2,,0,0,1,1,0,0,0,1,0,1,1,0,0,75,Church-Yonge Corridor (75),11693
5001258434,-8829075.871,5432230.807,80487282,2015,2015/07/23 04:00:00+00,2011,20,HUNTINGWOOD DR,BRIDLEWOOD BLVD,,Minor Arterial,Scarborough,22.0,42,43.785002,-79.312938,Intersection,At Intersection,No Control,Clear,Daylight,Dry,Non-Fatal Injury,Turning Movement,45 to 49,2,,0,0,1,1,0,0,0,1,1,1,0,0,0,118,Tam O'Shanter-Sullivan (118),11696
5001261641,-8838616.063,5412112.012,80487298,2015,2015/07/24 04:00:00+00,1040,10,SPADINA AVE,ST ANDREW ST,5 m North of,Major Arterial,Toronto and East York,11.0,52,43.654383,-79.398639,Intersection,Intersection Related,Traffic Signal,Clear,Daylight,Dry,Non-Fatal Injury,Cyclist Collisions,65 to 69,2,,0,1,1,0,0,0,0,0,0,1,0,0,0,78,Kensington-Chinatown (78),11698
5001263243,-8860277.5,5415502.76,80245710,2015,2015/07/24 04:00:00+00,1518,15,RENFORTH DR,SILVER DART DR,,Major Arterial,Etobicoke York,1.0,23,43.676417,-79.593227,Intersection,Intersection Related,Traffic Signal,Clear,Daylight,Dry,Non-Fatal Injury,Angle,75 to 79,2,,0,0,1,0,0,0,0,1,0,1,1,0,0,1,West Humber-Clairville (1),11702
5001265349,-8856426.736,5418246.247,80245744,2015,2015/07/24 04:00:00+00,2111,21,DIXON RD,KIPLING AVE,12 m East of,Major Arterial,Etobicoke York,,23,43.694239,-79.558635,Intersection,At Intersection,Traffic Signal,Clear,"Dusk, artificial",Dry,Non-Fatal Injury,Turning Movement,55 to 59,2,,0,0,1,0,0,0,0,1,0,0,0,0,0,6,Kingsview Village-The Westway (6),11705
5001276114,-8811604.945,5433412.631,80487335,2015,2015/07/26 04:00:00+00,1328,13,6486 KINGSTON RD,,15 m West of,Minor Arterial,Scarborough,25.0,43,43.792666,-79.15599399999999,Mid-Block,Non Intersection,No Control,Clear,Daylight,Dry,Fatal,Turning Movement,70 to 74,3,35.0,0,0,1,1,0,0,0,1,1,1,0,0,0,133,Centennial Scarborough (133),11709
5001281908,-8830257.194,5432920.237000001,80245915,2015,2015/07/27 04:00:00+00,1115,11,PHARMACY AVE,CORINTHIAN BLVD,,Minor Arterial,Scarborough,22.0,42,43.789473,-79.32355,Intersection,Intersection Related,Traffic Signal,Clear,Daylight,Dry,Non-Fatal Injury,Turning Movement,70 to 74,2,,0,0,1,0,0,0,0,0,0,0,0,0,1,117,L'Amoreaux (117),11711
5001312732,-8830569.779,5427867.977000001,80246408,2015,2015/07/31 04:00:00+00,2130,21,63 WALLINGFORD RD,,,Local,North York,16.0,33,43.756701,-79.326358,Mid-Block,Private Driveway,No Control,Clear,"Dark, artificial",Wet,Non-Fatal Injury,Pedestrian Collisions,70 to 74,2,,1,0,1,0,0,0,0,0,0,0,0,0,0,45,Parkwoods-Donalda (45),11713
5001313535,-8825624.299,5429703.749,80487537,2015,2015/08/01 04:00:00+00,31,3,1939 KENNEDY RD,,18 m South of,Major Arterial,Scarborough,21.0,41,43.768611,-79.281932,Mid-Block,Non Intersection,No Control,Clear,Dark,Dry,Non-Fatal Injury,Rear End,40 to 44,2,,0,0,1,1,0,0,0,1,0,1,0,0,0,126,Dorset Park (126),11716
5001332825,-8847624.593,5421496.475,80246782,2015,2015/08/04 04:00:00+00,1136,11,KEELE STREET,MAPLE LEAF DRIVE,40 m North of,Major Arterial,Etobicoke York,5.0,12,43.715346000000004,-79.479564,Mid-Block,Non Intersection,No Control,Clear,Daylight,Dry,Fatal,Sideswipe,85 to 89,3,37.0,0,0,1,0,1,0,0,1,0,0,0,0,0,29,Maple Leaf (29),11719
5001353530,-8847981.261,5426569.901000001,80247057,2015,2015/08/07 04:00:00+00,1715,17,SHEPPARD AVE W,JOHN DRURY DR,,Major Arterial,North York,6.0,31,43.748278000000006,-79.48276800000001,Intersection,At Intersection,Traffic Signal,Clear,Daylight,Dry,Non-Fatal Injury,Pedestrian Collisions,unknown,2,,1,0,1,0,0,0,0,0,0,0,0,0,0,26,Downsview-Roding-CFB (26),11721
5001353806,-8831253.502999999,5431281.017000001,80247063,2015,2015/08/07 04:00:00+00,1811,18,OLD SHEPPARD AVE,BRIAN DR,9 m East of,Collector,North York,17.0,33,43.778842,-79.3325,Intersection,Intersection Related,Stop Sign,Clear,Daylight,Dry,Non-Fatal Injury,Cyclist Collisions,55 to 59,2,,0,1,1,0,0,0,0,0,0,0,0,0,0,46,Pleasant View (46),11723
5001361534,-8859038.292000001,5425795.7360000005,80247205,2015,2015/08/09 04:00:00+00,40,4,KIPLING AVE,FINCH AVE W,18 m North of,Major Arterial,Etobicoke York,1.0,23,43.743254,-79.582095,Intersection,At Intersection,Traffic Signal,Clear,"Dark, artificial",Dry,Non-Fatal Injury,Rear End,60 to 64,2,,0,0,1,0,0,0,0,1,0,1,0,0,0,3,Thistletown-Beaumond Heights (3),11729
5001362618,-8828301.31,5434386.855,80247232,2015,2015/08/09 04:00:00+00,700,7,FINCH AVE E,BIRCHMOUNT RD,,Major Arterial,Scarborough,22.0,42,43.798983,-79.30598,Intersection,At Intersection,Traffic Signal,Clear,Daylight,Dry,Non-Fatal Injury,Pedestrian Collisions,70 to 74,2,,1,0,1,0,0,0,0,0,0,1,0,0,0,117,L'Amoreaux (117),11731
5001366372,-8813278.856,5435909.083,80487904,2015,2015/08/09 04:00:00+00,2110,21,MEADOWVALE RD,SHEPPARD AVE E,35 m North of,Collector,Scarborough,25.0,42,43.808852,-79.171031,Mid-Block,Intersection Related,No Control,Clear,"Dark, artificial",Dry,Fatal,Pedestrian Collisions,70 to 74,3,36.0,1,0,1,0,0,0,0,0,0,0,0,0,0,131,Rouge (131),11733
5001369619,-8854670.337000001,5417380.102999999,80487933,2015,2015/08/10 04:00:00+00,1130,11,ISLINGTON AVE,THE WESTWAY,,Major Arterial,Etobicoke York,2.0,23,43.688613000000004,-79.542857,Intersection,At Intersection,Traffic Signal,Clear,Daylight,Dry,Non-Fatal Injury,Angle,80 to 84,2,,0,0,1,0,0,0,0,1,0,1,1,0,0,7,Willowridge-Martingrove-Richview (7),11737
5001375207,-8845869.085,5413536.701,80247400,2015,2015/08/11 04:00:00+00,920,9,ANNETTE ST,KEELE ST,,Major Arterial,Toronto and East York,4.0,11,43.663641999999996,-79.463794,Intersection,At Intersection,Traffic Signal,Clear,Daylight,Dry,Non-Fatal Injury,Cyclist Collisions,65 to 69,2,,0,1,0,0,1,0,0,0,0,0,0,0,0,90,Junction Area (90),11739
5001377095,-8825865.529,5437355.04,80487983,2015,2015/08/11 04:00:00+00,1420,14,71 MCCOOL CRT,,,Local,Scarborough,23.0,42,43.818225,-79.284099,Mid-Block,Non Intersection,No Control,Clear,Daylight,Dry,Non-Fatal Injury,SMV Unattended Vehicle,20 to 24,2,,0,0,0,1,0,0,0,0,0,0,0,0,0,130,Milliken (130),11740
5001378649,-8826711.445,5423604.723999999,80247451,2015,2015/08/11 04:00:00+00,1840,18,HAKIMI  AVE,ASHTONBEE RD,97 m South of,Local,Scarborough,21.0,41,43.729033,-79.291698,Mid-Block,Non Intersection,Stop Sign,Clear,Daylight,Dry,Non-Fatal Injury,Pedestrian Collisions,70 to 74,2,,1,0,1,0,0,0,0,0,0,0,0,0,0,119,Wexford/Maryvale (119),11742
5001379991,-8846293.768,5414903.28,80247472,2015,2015/08/12 04:00:00+00,2307,23,ST CLAIR AVE W,KEELE ST,,Major Arterial,Etobicoke York,5.0,12,43.672522,-79.467609,Intersection,At Intersection,Traffic Signal,Clear,"Dark, artificial",Dry,Non-Fatal Injury,Pedestrian Collisions,20 to 24,2,,1,0,1,0,0,0,0,0,0,1,0,0,0,90,Junction Area (90),11117
5001383996,-8853449.942,5421549.302999999,80247514,2015,2015/08/12 04:00:00+00,1524,15,WILSON AVE,KELVIN AVE,,Major Arterial,Etobicoke York,7.0,31,43.715689000000005,-79.531894,Intersection,At Intersection,Stop Sign,Clear,Daylight,Dry,Non-Fatal Injury,Cyclist Collisions,50 to 54,2,,0,1,1,0,0,0,0,0,0,0,0,0,0,23,Pelmo Park-Humberlea (23),11743
5001401225,-8846300.559,5416344.1,80247768,2015,2015/08/15 04:00:00+00,1047,10,OLD WESTON RD,ROGERS RD,,Minor Arterial,Etobicoke York,,12,43.681883,-79.46767,Intersection,At Intersection,Traffic Signal,Clear,Daylight,Dry,Non-Fatal Injury,Approaching,60 to 64,2,,0,0,1,0,0,0,0,1,0,0,0,0,1,110,Keelesdale-Eglinton West (110),11250
5001404450,-8844304.712000001,5418275.038,80247822,2015,2015/08/15 04:00:00+00,2100,21,DUFFERIN ST,HUNTER AVE,,Major Arterial,Toronto and East York,,13,43.694426,-79.449741,Intersection,At Intersection,No Control,Clear,"Dark, artificial",Dry,Non-Fatal Injury,Cyclist Collisions,70 to 74,2,,0,1,1,0,0,0,0,0,0,0,0,0,0,107,Oakwood Village (107),11259
5001404706,-8842614.548,5408872.774,80247827,2015,2015/08/15 04:00:00+00,2152,21,LAKE SHORE BLVD W,JAMESON AVE,,Major Arterial,Toronto and East York,4.0,14,43.633326000000004,-79.434558,Intersection,Non Intersection,No Control,Clear,"Dark, artificial",Dry,Non-Fatal Injury,Approaching,50 to 54,2,,0,0,1,0,0,0,0,0,0,1,0,0,0,85,South Parkdale (85),11262
5001405584,-8820429.13,5428023.795,80488137,2015,2015/08/16 04:00:00+00,42,4,BELLAMY RD N,LAWRENCE AVE E,,Major Arterial,Scarborough,,43,43.757712,-79.235263,Intersection,Intersection Related,Traffic Signal,Clear,"Dark, artificial",Dry,Fatal,Angle,50 to 54,3,38.0,0,0,1,0,0,0,0,1,0,1,1,1,0,137,Woburn (137),11267
5001407837,-8836684.781,5424213.551,80488162,2015,2015/08/16 04:00:00+00,1210,12,2350 BAYVIEW AVE,,,Major Arterial,North York,15.0,33,43.732985,-79.38129,Intersection,Intersection Related,Traffic Signal,Clear,Daylight,Dry,Fatal,Turning Movement,85 to 89,3,40.0,0,0,1,0,0,0,0,0,0,1,1,0,0,41,Bridle Path-Sunnybrook-York Mills (41),11269
5001432053,-8864890.913999999,5427026.665,80488277,2015,2015/08/20 04:00:00+00,947,9,STEELES AVE W,ALCIDE ST,,Major Arterial,Etobicoke York,1.0,23,43.751242,-79.63467,Intersection,Intersection Related,No Control,Clear,Daylight,Dry,Non-Fatal Injury,Turning Movement,25 to 29,2,,0,0,1,0,1,0,0,0,0,1,0,0,0,1,West Humber-Clairville (1),11271
5001433281,-8848311.657,5411176.597999999,80248169,2015,2015/08/20 04:00:00+00,1318,13,SOUTH KINGSWAY,BLOOR ST W,,Major Arterial,Toronto and East York,4.0,11,43.648303000000006,-79.485736,Intersection,At Intersection,Traffic Signal,Rain,Daylight,Wet,Non-Fatal Injury,Cyclist Collisions,65 to 69,2,,0,1,1,0,0,0,0,1,0,0,0,0,0,87,High Park-Swansea (87),11274
5001444151,-8854129.436,5409670.749,80248346,2015,2015/08/22 04:00:00+00,730,7,DUNDAS ST W,AUKLAND RD,,Major Arterial,Etobicoke York,3.0,22,43.638514,-79.537998,Intersection,At Intersection,Traffic Signal,Clear,Daylight,Dry,Non-Fatal Injury,Pedestrian Collisions,75 to 79,2,,1,0,0,0,0,1,0,0,0,1,0,0,0,14,Islington-City Centre West (14),11276
5001445203,-8827841.004,5422641.034,80248377,2015,2015/08/22 04:00:00+00,1211,12,1468 VICTORIA PARK AVE,,50 m South of,Major Arterial,North York,,41,43.722777,-79.301845,Mid-Block,At/Near Private Drive,No Control,Clear,Daylight,Dry,Non-Fatal Injury,SMV Other,55 to 59,2,,0,0,0,1,0,0,0,0,0,1,0,0,0,120,Clairlea-Birchmount (120),11277
5001446152,-8823815.358,5423265.665,80488401,2015,2015/08/22 04:00:00+00,1516,15,678 KENNEDY RD,,4 m South of,Major Arterial,Scarborough,20.0,41,43.726832,-79.265682,Mid-Block,At/Near Private Drive,No Control,Clear,Daylight,Dry,Non-Fatal Injury,Turning Movement,30 to 34,2,,0,0,1,1,0,0,0,0,0,1,0,0,0,124,Kennedy Park (124),11279
5001448924,-8848879.832,5419994.949,80248449,2015,2015/08/23 04:00:00+00,43,4,1630 LAWRENCE AVE W,,30 m East of,Major Arterial,Etobicoke York,5.0,12,43.705596,-79.49084,Intersection,At Intersection,Traffic Signal,Clear,Dark,Dry,Non-Fatal Injury,SMV Other,unknown,2,,0,0,1,1,0,0,0,0,0,0,0,0,0,30,Brookhaven-Amesbury (30),11281
5001450991,-8856013.184,5408206.362000001,80248482,2015,2015/08/23 04:00:00+00,1147,11,DUNDAS ST W,CLOVERDALE MALL,100 m East of,Major Arterial,Etobicoke York,3.0,22,43.628993,-79.55492,Intersection,At Intersection,Traffic Signal,Clear,Daylight,Dry,Non-Fatal Injury,Cyclist Collisions,60 to 64,2,,0,1,1,0,0,0,0,1,0,0,0,0,0,14,Islington-City Centre West (14),11285
5001457314,-8844669.84,5433125.025,80488485,2015,2015/08/24 04:00:00+00,1325,13,STEELES AVE W,TORRESDALE AVE,1 m East of,Major Arterial,North York,6.0,32,43.790801,-79.45302099999999,Intersection,At Intersection,Traffic Signal,Clear,Daylight,Dry,Fatal,Pedestrian Collisions,85 to 89,3,39.0,1,0,1,0,0,0,0,0,0,0,0,0,0,35,Westminster-Branson (35),11287
5001484830,-8860005.658,5425505.44,80248935,2015,2015/08/28 04:00:00+00,2200,22,ALBION RD,FINCH AVE W,,Major Arterial,Etobicoke York,1.0,23,43.74137,-79.590785,Mid-Block,Non Intersection,No Control,Clear,Daylight,Dry,Non-Fatal Injury,Approaching,40 to 44,2,,0,0,1,0,0,0,0,1,1,1,0,0,0,2,Mount Olive-Silverstone-Jamestown (2),11290
5001501450,-8836982.895,5410255.738,80631969,2015,2015/08/31 04:00:00+00,1545,15,LOWER SIMCOE ST,BREMNER BLVD,,Minor Arterial,Toronto and East York,10.0,52,43.642317,-79.38396800000001,Intersection,At Intersection,Traffic Signal,Clear,Daylight,Dry,Non-Fatal Injury,Cyclist Collisions,40 to 44,2,,0,1,0,0,1,0,0,0,0,0,0,0,0,77,Waterfront Communities-The Island (77),11292
5001507362,-8834400.171,5436267.427,80249239,2015,2015/09/01 04:00:00+00,1400,14,STEELES AVE E,DON MILLS RD,,Major Arterial,North York,17.0,33,43.811175,-79.36076700000001,Intersection,At Intersection,Traffic Signal,Clear,Daylight,Dry,Non-Fatal Injury,Angle,65 to 69,2,,0,0,1,0,1,0,0,0,0,1,1,0,0,48,Hillcrest Village (48),11294
5001518617,-8847872.613,5407311.017000001,80197025,2015,2015/09/03 04:00:00+00,736,7,PARK LAWN RD,LAKE SHORE BLVD W,,Major Arterial,Etobicoke York,3.0,22,43.623171,-79.481792,Mid-Block,,No Control,Clear,Daylight,Dry,Fatal,Pedestrian Collisions,70 to 74,3,41.0,1,0,0,0,1,0,0,0,0,0,0,0,0,17,Mimico (includes Humber Bay Shores) (17),11296