ACCNUM,X,Y,Index_,YEAR,DATE,TIME,HOUR,STREET1,STREET2,OFFSET,ROAD_CLASS,District,WardNum,Division,LATITUDE,LONGITUDE,LOCCOORD,ACCLOC,TRAFFCTL,VISIBILITY,LIGHT,RDSFCOND,ACCLASS,IMPACTYPE,INVAGE,INJURY,FATAL_NO,PEDESTRIAN,CYCLIST,AUTOMOBILE,MOTORCYCLE,TRUCK,TRSN_CITY_VEH,EMERG_VEH,PASSENGER,SPEEDING,AG_DRIV,REDLIGHT,ALCOHOL,DISABILITY,Hood_ID,Neighbourhood,ObjectId
5001530826,-8817971.307,5436793.0139999995,80501587,2015,2015/09/05 04:00:00+00,120,1,SEWELLS RD,HUPFIELD TRL,20 m West of,Minor Arterial,Scarborough,25.0,42,43.814582,-79.213184,Intersection,Intersection Related,No Control,Clear,"Dark, artificial",Dry,Non-Fatal Injury,SMV Other,20 to 24,2,,0,0,1,0,0,0,0,1,1,1,0,0,0,132,Malvern (132),11299
5001534311,-8844188.272,5428550.607000001,80488918,2015,2015/09/05 04:00:00+00,1652,16,MAXWELL ST,HOVE ST,40 m South of,Local,North York,6.0,32,43.76113,-79.448695,Intersection,Non Intersection,No Control,Clear,Daylight,Dry,Fatal,SMV Other,90 to 94,3,45.0,0,0,1,0,0,0,0,1,0,0,0,0,0,34,Bathurst Manor (34),11301
5001538313,-8842679.113,5408876.312000001,80488952,2015,2015/09/06 04:00:00+00,1034,10,LAKE SHORE BLVD W,JAMESON AVE,1 m West of,Major Arterial,Toronto and East York,4.0,14,43.633349,-79.435138,Mid-Block,Non Intersection,No Control,Clear,Daylight,Dry,Fatal,SMV Other,55 to 59,3,42.0,0,0,0,1,0,0,0,0,0,0,0,0,0,85,South Parkdale (85),11302
5001542991,-8857046.675,5415566.174,80489007,2015,2015/09/07 04:00:00+00,513,5,MARTIN GROVE RD,RICHGROVE DR,4 m South of,Major Arterial,Etobicoke York,,23,43.676829,-79.564204,Intersection,At Intersection,Traffic Signal,Clear,Dark,Dry,Non-Fatal Injury,Angle,unknown,2,,0,0,1,0,0,0,0,1,0,1,1,0,0,7,Willowridge-Martingrove-Richview (7),11305
5001551226,-8835566.242999999,5411276.289,80249842,2015,2015/09/08 04:00:00+00,1500,15,JARVIS ST,FRONT ST E,53 m South of,Major Arterial,Toronto and East York,13.0,51,43.648951000000004,-79.37124200000001,Mid-Block,Non Intersection,No Control,Clear,Daylight,Dry,Non-Fatal Injury,Pedestrian Collisions,65 to 69,2,,1,0,1,0,0,0,0,0,0,0,0,0,0,77,Waterfront Communities-The Island (77),11307
5001573262,-8837708.141,5412952.581,80250174,2015,2015/09/11 04:00:00+00,2130,21,QUEENS PARK,COLLEGE ST,1 m North of,Major Arterial,Toronto and East York,11.0,52,43.659846,-79.39048299999999,Intersection,At Intersection,Traffic Signal,Rain,"Dark, artificial",Wet,Non-Fatal Injury,Pedestrian Collisions,60 to 64,2,,1,0,1,0,0,0,0,0,0,1,0,0,0,76,Bay Street Corridor (76),11309
5001573277,-8839686.177000001,5415223.254,80250178,2015,2015/09/11 04:00:00+00,2139,21,DUPONT ST,WALMER RD,24 m West of,Major Arterial,Toronto and East York,11.0,14,43.674601,-79.408252,Intersection,Non Intersection,No Control,Rain,"Dark, artificial",Wet,Non-Fatal Injury,Pedestrian Collisions,60 to 64,2,,1,0,1,0,0,0,0,1,0,0,0,0,0,95,Annex (95),11313
5001578731,-8828123.756000001,5431390.33,80250270,2015,2015/09/12 04:00:00+00,1930,19,BAY MILLS BLVD,SHEPPARD AVE E,,Major Arterial,Scarborough,22.0,42,43.779551,-79.304385,Intersection,At Intersection,Traffic Signal,Rain,"Dawn, artificial",Wet,Non-Fatal Injury,Pedestrian Collisions,25 to 29,2,,1,0,1,0,0,0,0,1,0,1,0,0,0,118,Tam O'Shanter-Sullivan (118),11317
5001603018,-8840043.736,5410013.462,80489446,2015,2015/09/16 04:00:00+00,1721,17,STRACHAN AVE,WELLINGTON ST W,,Minor Arterial,Toronto and East York,10.0,14,43.640741999999996,-79.411464,Intersection,At Intersection,Stop Sign,Clear,Daylight,Dry,Non-Fatal Injury,Angle,40 to 44,2,,0,0,1,0,0,0,0,0,0,1,0,0,0,82,Niagara (82),11319
5001603828,-8827686.382000001,5435916.642000001,80250655,2015,2015/09/16 04:00:00+00,1940,19,KENNEDY RD,PERTHSHIRE ST,,Major Arterial,Scarborough,22.0,42,43.808901,-79.30045600000001,Intersection,Intersection Related,No Control,Clear,"Dark, artificial",Dry,Non-Fatal Injury,Pedestrian Collisions,80 to 84,2,,1,0,1,0,0,0,0,0,0,0,0,0,0,130,Milliken (130),11322
5001604572,-8851690.203,5403918.661,80250668,2015,2015/09/16 04:00:00+00,2200,22,BIRMINGHAM ST,SIXTEENTH ST,1 m East of,Collector,Etobicoke York,3.0,22,43.601107,-79.516086,Intersection,Non Intersection,No Control,Clear,"Dark, artificial",Dry,Non-Fatal Injury,Cyclist Collisions,50 to 54,2,,0,1,1,0,0,0,0,0,0,0,0,0,0,18,New Toronto (18),11324
5001611464,-8819575.643,5437051.267000001,80250755,2015,2015/09/17 04:00:00+00,2210,22,NEILSON RD,FINCH AVE E,26 m South of,Minor Arterial,Scarborough,,42,43.816256,-79.22759599999999,Intersection,Non Intersection,No Control,Clear,"Dark, artificial",Dry,Non-Fatal Injury,Pedestrian Collisions,unknown,2,,1,0,1,0,0,0,0,0,0,0,0,0,0,132,Malvern (132),11326
5001612624,-8830552.858,5413617.028,80489506,2015,2015/09/18 04:00:00+00,610,6,QUEEN ST E,HILTZ AVE,5 m West of,Minor Arterial,Toronto and East York,14.0,55,43.664164,-79.326206,Intersection,Non Intersection,No Control,Clear,Dark,Dry,Fatal,Approaching,35 to 39,3,43.0,0,0,0,1,0,1,0,0,0,0,0,0,0,70,South Riverdale (70),11328
5001628551,-8824418.264,5429596.151000001,80489605,2015,2015/09/20 04:00:00+00,2000,20,MIDLAND AVE,ELLESMERE RD,,Major Arterial,Scarborough,21.0,41,43.767913,-79.271098,Intersection,At Intersection,Traffic Signal,Clear,"Dark, artificial",Dry,Fatal,Turning Movement,80 to 84,3,44.0,0,0,1,0,0,0,0,1,0,0,0,0,0,127,Bendale (127),11339
5001640604,-8834954.765,5412257.563999999,80251173,2015,2015/09/22 04:00:00+00,1751,17,QUEEN ST E,BERKELEY ST,2 m West of,Major Arterial,Toronto and East York,13.0,51,43.655328999999995,-79.365749,Intersection,Intersection Related,No Control,Clear,Daylight,Dry,Fatal,Pedestrian Collisions,90 to 94,3,52.0,1,0,1,0,0,0,0,0,0,0,0,0,0,73,Moss Park (73),11341
5001646824,-8818724.606,5426162.624,80251249,2015,2015/09/23 04:00:00+00,1700,17,MARKHAM RD,DUNELM ST,165 m South of,Major Arterial,Scarborough,24.0,43,43.745635,-79.219951,Mid-Block,Non Intersection,No Control,Clear,Daylight,Dry,Non-Fatal Injury,Rear End,65 to 69,2,,0,0,1,0,0,0,0,1,0,1,0,0,0,139,Scarborough Village (139),11346
5001648538,-8817037.893,5434138.546,80631971,2015,2015/09/23 04:00:00+00,2300,23,MILNER AVE,CINEMART DR,24 m  of,Minor Arterial,Scarborough,25.0,42,43.797373,-79.204799,Intersection,At Intersection,No Control,Clear,"Dark, artificial",Dry,Non-Fatal Injury,SMV Other,40 to 44,2,,0,0,1,0,0,0,0,0,1,1,0,0,0,132,Malvern (132),11350
5001648951,-8849204.328,5404265.312000001,80489685,2015,2015/09/24 04:00:00+00,110,1,LAKE SHORE BLVD W,ROYAL YORK RD,40 m West of,Major Arterial,Etobicoke York,3.0,22,43.603362,-79.49375500000001,Mid-Block,Non Intersection,No Control,Clear,"Dark, artificial",Dry,Non-Fatal Injury,SMV Other,30 to 34,2,,0,0,1,0,0,0,0,0,1,1,0,0,0,17,Mimico (includes Humber Bay Shores) (17),11005
5001649654,-8844395.548,5409774.5770000005,80489687,2015,2015/09/24 04:00:00+00,636,6,THE QUEENSWAY,GLENDALE AVE,57 m East of,Major Arterial,Toronto and East York,4.0,11,43.639189,-79.45055699999999,Mid-Block,At Intersection,No Control,Clear,"Dark, artificial",Dry,Fatal,Pedestrian Collisions,75 to 79,3,51.0,1,0,1,0,0,0,0,0,0,0,0,0,0,87,High Park-Swansea (87),11113
5001652684,-8836878.366,5410913.068,80251325,2015,2015/09/24 04:00:00+00,1520,15,WELLINGTON ST W,YORK ST,3 m East of,Minor Arterial,Toronto and East York,10.0,52,43.64659,-79.38302900000001,Intersection,Non Intersection,Traffic Signal,Clear,Daylight,Dry,Non-Fatal Injury,Cyclist Collisions,55 to 59,2,,0,1,1,0,0,0,0,0,0,1,0,0,0,76,Bay Street Corridor (76),11129
5001652822,-8832175.006000001,5411978.31,80251332,2015,2015/09/23 04:00:00+00,1715,17,BOOTH AVE,LAKE SHORE BLVD E,1 m North of,Major Arterial,Toronto and East York,14.0,55,43.653514,-79.340778,Intersection,At Intersection,Stop Sign,Clear,Daylight,Dry,Non-Fatal Injury,Cyclist Collisions,65 to 69,2,,0,1,1,0,0,0,0,1,0,1,0,0,0,70,South Riverdale (70),11349
5001660531,-8845771.457,5413220.786,80631974,2015,2015/09/25 04:00:00+00,1943,19,HUMBERSIDE AVE,KEELE ST,,Major Arterial,Toronto and East York,4.0,11,43.661589,-79.462917,Intersection,At Intersection,Traffic Signal,Clear,"Dark, artificial",Dry,Non-Fatal Injury,Pedestrian Collisions,80 to 84,2,,1,0,1,0,0,0,0,1,0,1,0,0,0,88,High Park North (88),11356
5001660901,-8838055.57,5421739.669,80489769,2015,2015/09/25 04:00:00+00,2058,20,MOUNT PLEASANT RD,STIBBARD AVE,25 m South of,Major Arterial,North York,15.0,53,43.716925,-79.39360400000001,Intersection,Non Intersection,No Control,Clear,"Dark, artificial",Dry,Non-Fatal Injury,SMV Other,50 to 54,2,,0,0,1,0,0,0,0,0,0,0,0,1,0,99,Mount Pleasant East (99),11361
5001661734,-8856763.923,5410806.304,80489775,2015,2015/09/26 04:00:00+00,1,1,BURNHAMTHORPE RD,427 C N BURNHAMTHORPE RAMP,,Major Arterial,Etobicoke York,2.0,22,43.645896,-79.56166400000001,Intersection,At Intersection,Traffic Signal,Clear,"Dark, artificial",Dry,Fatal,Turning Movement,30 to 34,3,47.0,0,0,1,0,0,0,0,0,1,1,1,1,0,14,Islington-City Centre West (14),11374
5001665605,-8826022.6,5417877.978999999,80489801,2015,2015/09/26 04:00:00+00,1718,17,DANFORTH AVE,ST DUNSTAN DR,,Major Arterial,Scarborough,20.0,41,43.691846999999996,-79.28551,Intersection,Intersection Related,No Control,Clear,Daylight,Dry,Non-Fatal Injury,Turning Movement,50 to 54,2,,0,0,1,1,0,0,0,1,0,1,0,0,0,121,Oakridge (121),11476
5001667907,-8845869.085,5413536.701,80251561,2015,2015/09/27 04:00:00+00,54,5,KEELE ST,ANNETTE ST,9 m South of,Major Arterial,Toronto and East York,4.0,11,43.663641999999996,-79.463794,Intersection,Intersection Related,Traffic Signal,Clear,"Dark, artificial",Dry,Non-Fatal Injury,Cyclist Collisions,35 to 39,2,,0,1,0,0,0,1,0,0,0,0,0,0,0,90,Junction Area (90),11483
5001670080,-8836078.313,5413972.815,80251603,2015,2015/09/27 04:00:00+00,1220,12,HOMEWOOD AVE,WELLESLEY ST E,,Minor Arterial,Toronto and East York,13.0,51,43.666476,-79.375842,Intersection,At Intersection,Traffic Signal,Clear,Daylight,Dry,Non-Fatal Injury,Cyclist Collisions,40 to 44,2,,0,1,1,0,0,0,0,0,0,1,0,0,0,71,Cabbagetown-South St.James Town (71),11488
5001670423,-8819321.612,5428347.154,80489833,2015,2015/09/24 04:00:00+00,2230,22,MARKHAM RD,LAWRENCE AVE E,,Major Arterial,Scarborough,24.0,43,43.759809999999995,-79.225314,Intersection,Intersection Related,Traffic Signal,Clear,"Dark, artificial",Dry,Non-Fatal Injury,Turning Movement,60 to 64,2,,0,0,1,0,0,0,0,0,0,1,0,0,0,137,Woburn (137),11162
5001672708,-8823716.84,5418972.818,80251661,2015,2015/09/27 04:00:00+00,2136,21,336 BIRCHMOUNT RD,,3 m South of,Minor Arterial,Scarborough,20.0,41,43.698958000000005,-79.264797,Mid-Block,Non Intersection,No Control,Clear,"Dark, artificial",Dry,Non-Fatal Injury,Cyclist Collisions,65 to 69,2,,0,1,1,0,0,0,0,0,0,1,0,0,0,122,Birchcliffe-Cliffside (122),11490
5001677716,-8841386.471,5412444.815,80251726,2015,2015/09/28 04:00:00+00,1755,17,OSSINGTON AVE,DEWSON ST,42 m South of,Minor Arterial,Toronto and East York,,14,43.656546,-79.423526,Mid-Block,Non Intersection,No Control,Clear,Daylight,Dry,Non-Fatal Injury,Pedestrian Collisions,5 to 9,2,,1,0,1,0,0,0,0,0,0,0,0,0,0,80,Palmerston-Little Italy (80),11492
5001682517,-8833929.624,5412570.522999999,80489925,2015,2015/09/29 04:00:00+00,1325,13,RIVER ST,QUEEN ST E,33 m East of,Major Arterial,Toronto and East York,13.0,51,43.657363000000004,-79.35654,Intersection,At Intersection,Traffic Signal,Other,Daylight,Other,Non-Fatal Injury,Turning Movement,65 to 69,2,,0,0,1,0,0,0,0,1,0,1,0,0,0,73,Moss Park (73),11495
5001684106,-8820054.651,5432060.886,80251821,2015,2015/09/29 04:00:00+00,1520,15,939 PROGRESS AVE,,4 m North of,Minor Arterial,Scarborough,24.0,43,43.7839,-79.231899,Intersection,At Intersection,Traffic Signal,Rain,Daylight,Wet,Non-Fatal Injury,Cyclist Collisions,35 to 39,2,,0,1,1,0,0,0,0,0,0,1,0,0,0,137,Woburn (137),11498
5001686563,-8840941.416000001,5411370.289,80489944,2015,2015/09/30 04:00:00+00,733,7,DUNDAS ST W,ROXTON RD,60 m East of,Major Arterial,Toronto and East York,,14,43.649562,-79.419528,Intersection,Non Intersection,No Control,Clear,Daylight,Dry,Non-Fatal Injury,Sideswipe,35 to 39,2,,0,0,1,1,0,0,0,0,0,0,0,0,0,81,Trinity-Bellwoods (81),11500
5001691895,-8846722.682,5423690.53,80489966,2015,2015/09/30 04:00:00+00,2355,23,WILSON AVE,MURRAY RD,,Major Arterial,North York,6.0,32,43.72959,-79.471462,Intersection,At Intersection,No Control,Clear,"Dark, artificial",Dry,Fatal,Turning Movement,50 to 54,3,46.0,0,0,1,1,0,0,0,1,1,1,0,0,0,26,Downsview-Roding-CFB (26),11504
5001696184,-8847735.801,5412073.855,80252016,2015,2015/10/01 04:00:00+00,1702,17,DURIE ST,COLBECK ST,2 m North of,Collector,Toronto and East York,4.0,11,43.654135,-79.480563,Intersection,At Intersection,Stop Sign,Clear,Daylight,Dry,Non-Fatal Injury,Pedestrian Collisions,75 to 79,2,,1,0,1,0,0,0,0,0,0,1,0,0,0,89,Runnymede-Bloor West Village (89),11508
5001705355,-8854436.788999999,5411544.597999999,80490007,2015,2015/10/03 04:00:00+00,351,3,BURNHAMTHORPE RD,PRENNAN AVE,1 m East of,Major Arterial,Etobicoke York,2.0,22,43.650695,-79.540759,Intersection,Non Intersection,No Control,Clear,Dark,Dry,Fatal,SMV Other,40 to 44,3,48.0,0,0,1,0,0,0,0,1,1,1,0,0,0,14,Islington-City Centre West (14),11510
5001711803,-8852324.613,5413586.558999999,80252199,2015,2015/10/04 04:00:00+00,910,9,THE KINGSWAY,ANGLESEY BLVD,,Collector,Etobicoke York,2.0,22,43.663965999999995,-79.521785,Intersection,At Intersection,Stop Sign,Clear,Daylight,Dry,Non-Fatal Injury,Cyclist Collisions,45 to 49,2,,0,1,1,0,0,0,0,0,0,0,0,0,0,9,Edenbridge-Humber Valley (9),11512
5001713235,-8839763.433,5412393.271000001,80252219,2015,2015/10/04 04:00:00+00,1453,14,COLLEGE ST,MARKHAM ST,,Major Arterial,Toronto and East York,11.0,14,43.656211,-79.408946,Intersection,At Intersection,Stop Sign,Clear,"Dark, artificial",Dry,Non-Fatal Injury,Cyclist Collisions,50 to 54,2,,0,1,1,0,0,0,0,0,1,1,0,0,0,81,Trinity-Bellwoods (81),11514
5001722553,-8816600.519,5435339.432999999,80490056,2015,2015/10/06 04:00:00+00,621,6,MORNINGSIDE AVE,SHEPPARD AVE E,358 m North of,Major Arterial,Scarborough,25.0,42,43.805159,-79.20087,Mid-Block,Non Intersection,No Control,Clear,"Dawn, artificial",Dry,Fatal,Rear End,50 to 54,3,49.0,0,0,1,0,0,1,0,0,0,0,0,0,0,131,Rouge (131),11516
5001722959,-8837410.027999999,5419152.506,80252336,2015,2015/10/06 04:00:00+00,753,7,DAVISVILLE AVE,MOUNT PLEASANT RD,64 m West of,Minor Arterial,Toronto and East York,12.0,53,43.700125,-79.387805,Mid-Block,Intersection Related,No Control,Clear,Daylight,Dry,Non-Fatal Injury,Pedestrian Collisions,45 to 49,2,,1,0,1,0,0,0,0,0,0,1,0,0,0,104,Mount Pleasant West (104),11518
5001723026,-8830162.127,5416228.5,80252343,2015,2015/10/06 04:00:00+00,810,8,COXWELL AVE,EARL HAIG AVE,,Minor Arterial,Toronto and East York,,55,43.681132,-79.322696,Intersection,Intersection Related,Pedestrian Crossover,Clear,Daylight,Dry,Non-Fatal Injury,Pedestrian Collisions,35 to 39,2,,1,0,1,0,0,0,0,0,0,1,0,0,0,64,Woodbine Corridor (64),11520
5001723055,-8840685.826,5410049.302999999,80252345,2015,2015/10/06 04:00:00+00,813,8,KING ST W,SUDBURY ST,15 m West of,Major Arterial,Toronto and East York,10.0,14,43.640975,-79.417232,Intersection,Non Intersection,Traffic Signal,Clear,Daylight,Dry,Non-Fatal Injury,Cyclist Collisions,55 to 59,2,,0,1,1,0,0,0,0,0,0,0,0,0,0,82,Niagara (82),11522
5001724104,-8853476.325,5418336.777000001,80252356,2015,2015/10/06 04:00:00+00,1107,11,ROYAL YORK RD,BRAECREST AVE,51 m South of,Minor Arterial,Etobicoke York,2.0,23,43.694827000000004,-79.532131,Mid-Block,Non Intersection,No Control,Clear,Daylight,Dry,Non-Fatal Injury,SMV Other,60 to 64,2,,0,0,1,0,0,0,0,0,0,1,0,0,1,8,Humber Heights-Westmount (8),11523
5001734070,-8861315.332,5428073.732000001,80490118,2015,2015/10/07 04:00:00+00,2250,22,STEELES AVE W,MARTIN GROVE RD,64 m East of,Major Arterial,Etobicoke York,1.0,23,43.758036,-79.60255,Mid-Block,Intersection Related,No Control,Clear,"Dark, artificial",Dry,Non-Fatal Injury,SMV Other,25 to 29,2,,0,0,1,0,0,0,0,1,0,0,0,0,0,2,Mount Olive-Silverstone-Jamestown (2),11527
5001740132,-8842316.434,5419076.75,80252559,2015,2015/10/08 04:00:00+00,2227,22,EGLINTON AVE W,MENIN RD,16 m West of,Major Arterial,North York,,13,43.699633,-79.43188,Intersection,Intersection Related,No Control,Rain,"Dark, artificial",Wet,Non-Fatal Injury,Pedestrian Collisions,85 to 89,2,,1,0,0,0,0,1,0,0,1,1,0,0,0,106,Humewood-Cedarvale (106),11529
5001740465,-8829778.297,5425464.3,80252574,2015,2015/10/09 04:00:00+00,15,1,1244 LAWRENCE,,,Major Arterial,North York,16.0,33,43.741103,-79.319248,Intersection,At/Near Private Drive,No Control,Rain,"Dark, artificial",Wet,Non-Fatal Injury,Pedestrian Collisions,50 to 54,2,,1,0,1,0,0,0,0,1,1,1,0,0,0,43,Victoria Village (43),11536
5001750958,-8854507.366,5416856.852999999,80197062,2015,2015/10/10 04:00:00+00,1919,19,ISLINGTON AVE,DEERFOOT RD,,Major Arterial,Etobicoke York,2.0,23,43.685214,-79.541393,Intersection,,No Control,Clear,Dark,Dry,Fatal,Pedestrian Collisions,55 to 59,3,50.0,1,0,1,0,0,0,0,0,1,1,0,0,0,7,Willowridge-Martingrove-Richview (7),11539
5001754996,-8840927.056,5424120.653,80490281,2015,2015/10/11 04:00:00+00,1445,14,AVENUE RD,ROE AVE,6 m North of,Major Arterial,North York,8.0,32,43.732382,-79.419399,Intersection,Non Intersection,No Control,Clear,Daylight,Dry,Non-Fatal Injury,Turning Movement,unknown,2,,0,0,1,0,0,0,0,1,0,0,0,0,0,39,Bedford Park-Nortown (39),11542
5001756961,-8836536.949,5412060.931,80490331,2015,2015/10/11 04:00:00+00,2217,22,YONGE ST,SHUTER ST,3 m North of,Major Arterial,Toronto and East York,13.0,51,43.654051,-79.379962,Intersection,At Intersection,Traffic Signal,Clear,"Dark, artificial",Dry,Non-Fatal Injury,Approaching,60 to 64,2,,0,0,1,0,0,0,0,1,0,0,0,0,1,75,Church-Yonge Corridor (75),11551
5001757251,-8817126.169,5428989.281,80631978,2015,2015/10/11 04:00:00+00,2340,23,LAWRENCE AVE E,ORTON PARK RD,,Major Arterial,Scarborough,24.0,43,43.763976,-79.20559200000001,Intersection,At Intersection,Traffic Signal,Clear,Dark,Dry,Non-Fatal Injury,Turning Movement,20 to 24,2,,0,0,1,0,0,0,0,1,0,0,0,0,0,137,Woburn (137),11555
5001759901,-8839739.722000001,5409042.4229999995,80252843,2015,2015/10/12 04:00:00+00,1440,14,STRACHAN AVE,LAKE SHORE BLVD W,,Major Arterial,Toronto and East York,10.0,14,43.634429,-79.408733,Intersection,At Intersection,Traffic Signal,Clear,Daylight,Dry,Non-Fatal Injury,Turning Movement,75 to 79,2,,0,0,1,0,0,0,0,1,0,1,0,0,1,82,Niagara (82),11558
5001760771,-8856930.346,5415202.784,80490377,2015,2015/10/12 04:00:00+00,1830,18,EGLINTON AVE W,MARTIN GROVE RD,,Major Arterial,Etobicoke York,,23,43.674468,-79.563159,Intersection,At Intersection,Traffic Signal,Clear,"Dark, artificial",Dry,Non-Fatal Injury,Turning Movement,5 to 9,2,,0,0,1,1,0,0,0,1,0,1,0,0,0,7,Willowridge-Martingrove-Richview (7),11564
5001769257,-8836801.11,5414691.97,80701817,2015,2015/10/14 04:00:00+00,738,7,BLOOR ST E,ST PAULS SQ,,Major Arterial,Toronto and East York,11.0,53,43.671149,-79.382335,Intersection,Intersection Related,No Control,Clear,Daylight,Dry,Non-Fatal Injury,Cyclist Collisions,45 to 49,2,,0,1,1,0,0,0,0,0,0,0,0,0,0,75,Church-Yonge Corridor (75),11566
5001784292,-8837374.406,5410978.142000001,80631982,2015,2015/10/16 04:00:00+00,1627,16,KING ST W,ED MIRVISH WAY,35 m East of,Major Arterial,Toronto and East York,10.0,52,43.647013,-79.387485,Mid-Block,Non Intersection,No Control,Clear,Daylight,Dry,Non-Fatal Injury,Pedestrian Collisions,65 to 69,2,,1,0,1,0,0,0,0,0,0,0,0,0,0,77,Waterfront Communities-The Island (77),11568
5001785499,-8837504.315,5429820.752,80490586,2015,2015/10/16 04:00:00+00,2009,20,BAYVIEW AVE,BAYVIEW MEWS LANE,10 m North of,Major Arterial,North York,,33,43.76937,-79.38865200000001,Intersection,Non Intersection,No Control,Clear,"Dark, artificial",Dry,Non-Fatal Injury,Approaching,60 to 64,2,,0,0,1,0,0,0,0,1,0,0,0,0,0,52,Bayview Village (52),12114
5001792532,-8854077.561,5402753.517000001,80253414,2015,2015/10/18 04:00:00+00,145,1,LAKE SHORE BLVD W,THIRTY SEVENTH ST,51 m East of,Major Arterial,Etobicoke York,3.0,22,43.593527,-79.537532,Mid-Block,Non Intersection,No Control,Clear,"Dark, artificial",Dry,Non-Fatal Injury,SMV Other,20 to 24,2,,0,0,1,0,0,0,0,0,1,1,0,0,0,19,Long Branch (19),12119
5001798933,-8852404.429,5427812.185,80253524,2015,2015/10/19 04:00:00+00,845,8,PELICAN GT,FINCH AVE W,5 m South of,Major Arterial,Etobicoke York,7.0,31,43.756339000000004,-79.522502,Intersection,At Intersection,No Control,Clear,Daylight,Dry,Non-Fatal Injury,Pedestrian Collisions,unknown,2,,1,0,1,0,0,0,0,0,0,1,0,0,0,24,Black Creek (24),12127
5001804887,-8843426.512,5414228.122,80253637,2015,2015/10/20 04:00:00+00,923,9,1245 DUPONT ST,,25 m West of,Major Arterial,Toronto and East York,9.0,11,43.668135,-79.441852,Mid-Block,Non Intersection,No Control,Clear,Daylight,Dry,Non-Fatal Injury,Pedestrian Collisions,55 to 59,2,,1,0,1,0,0,0,0,1,0,0,0,0,0,93,Dovercourt-Wallace Emerson-Junction (93),12131
5001806026,-8841529.183,5410361.418,80490829,2015,2015/10/20 04:00:00+00,1250,12,QUEEN ST W,BEACONSFIELD AVE,60 m West of,Major Arterial,Toronto and East York,9.0,14,43.643004,-79.424808,Intersection,Non Intersection,No Control,Clear,Daylight,Dry,Non-Fatal Injury,Cyclist Collisions,30 to 34,2,,0,1,1,0,0,0,0,1,0,0,0,0,0,84,Little Portugal (84),12134
5001812233,-8848003.412999999,5423805.145,80490904,2015,2015/10/21 04:00:00+00,1327,13,KEELE ST,TILBURY DR,,Major Arterial,North York,6.0,31,43.730334,-79.482967,Intersection,Intersection Related,Traffic Signal,Clear,Daylight,Dry,Non-Fatal Injury,SMV Other,75 to 79,2,,0,0,1,0,0,0,0,0,0,1,0,0,0,26,Downsview-Roding-CFB (26),12135
5001817289,-8831150.755,5432815.532000001,80253826,2015,2015/10/22 04:00:00+00,945,9,VAN HORNE AVE,TAVERLY RD,14 m East of,Collector,North York,17.0,33,43.788794,-79.331577,Intersection,Intersection Related,Stop Sign,Clear,Daylight,Dry,Non-Fatal Injury,Pedestrian Collisions,85 to 89,2,,1,0,1,0,0,0,0,0,0,0,0,0,0,46,Pleasant View (46),12137
5001821227,-8838990.652999999,5410237.586,80491001,2015,2015/10/22 04:00:00+00,2130,21,BATHURST ST,NIAGARA ST,25 m South of,Major Arterial,Toronto and East York,10.0,14,43.642199,-79.402004,Intersection,At/Near Private Drive,Traffic Signal,Clear,"Dark, artificial",Dry,Non-Fatal Injury,Cyclist Collisions,30 to 34,2,,0,1,1,0,0,0,0,0,0,0,0,0,0,77,Waterfront Communities-The Island (77),12139
5001824991,-8846872.072999999,5416808.055,80491048,2015,2015/10/23 04:00:00+00,1437,14,KEELE ST,DONALD AVE,,Major Arterial,Etobicoke York,5.0,12,43.684897,-79.47280400000001,Intersection,Intersection Related,Traffic Signal,Clear,Daylight,Dry,Fatal,Pedestrian Collisions,75 to 79,3,53.0,1,0,1,0,0,0,0,0,0,0,0,0,0,110,Keelesdale-Eglinton West (110),12141
5001826215,-8849005.511,5413844.779,80631986,2015,2015/10/23 04:00:00+00,1841,18,DUNDAS ST W,WATSON AVE,33 m East of,Major Arterial,Toronto and East York,4.0,11,43.665644,-79.491969,Mid-Block,Non Intersection,No Control,Clear,"Dark, artificial",Dry,Non-Fatal Injury,Pedestrian Collisions,65 to 69,2,,1,0,1,0,0,0,0,1,0,0,0,0,0,89,Runnymede-Bloor West Village (89),12145
5001826352,-8817743.659,5437051.884,80253970,2015,2015/10/23 04:00:00+00,1909,19,MORNINGSIDE AVE,SEWELLS RD,,Minor Arterial,Scarborough,25.0,42,43.81626,-79.211139,Intersection,At Intersection,Traffic Signal,Clear,"Dark, artificial",Dry,Non-Fatal Injury,Pedestrian Collisions,60 to 64,2,,1,0,1,0,0,0,0,0,0,0,0,0,0,131,Rouge (131),12147
5001830640,-8831712.14,5419253.515,80491132,2015,2015/10/24 04:00:00+00,1450,14,DON VALLEY PARKWAY  N,DON MILLS RD,120 m North of,,Toronto and East York,14.0,54,43.700781,-79.33662,Mid-Block,Non Intersection,No Control,Rain,Daylight,Wet,Non-Fatal Injury,Approaching,45 to 49,2,,0,0,1,0,0,0,0,1,0,0,0,0,0,58,Old East York (58),12153