ACCNUM,X,Y,Index_,YEAR,DATE,TIME,HOUR,STREET1,STREET2,OFFSET,ROAD_CLASS,District,WardNum,Division,LATITUDE,LONGITUDE,LOCCOORD,ACCLOC,TRAFFCTL,VISIBILITY,LIGHT,RDSFCOND,ACCLASS,IMPACTYPE,INVAGE,INJURY,FATAL_NO,PEDESTRIAN,CYCLIST,AUTOMOBILE,MOTORCYCLE,TRUCK,TRSN_CITY_VEH,EMERG_VEH,PASSENGER,SPEEDING,AG_DRIV,REDLIGHT,ALCOHOL,DISABILITY,Hood_ID,Neighbourhood,ObjectId
5001835148,-8827045.181,5428773.487000001,80254132,2015,2015/10/25 04:00:00+00,1100,11,ELLESMERE RD,PRINCIPAL RD,,Major Arterial,Scarborough,21.0,41,43.762576,-79.294696,Intersection,Intersection Related,Traffic Signal,Clear,Daylight,Dry,Non-Fatal Injury,Pedestrian Collisions,80 to 84,2,,1,0,1,0,0,0,0,0,0,1,0,0,0,119,Wexford/Maryvale (119),12158
5001836357,-8828459.273,5425700.0479999995,80254161,2015,2015/10/25 04:00:00+00,1536,15,LAWRENCE AVE E,TOWNLEY AVE,,Major Arterial,Scarborough,21.0,41,43.742633000000005,-79.307399,Intersection,Intersection Related,No Control,Clear,Daylight,Dry,Non-Fatal Injury,Pedestrian Collisions,5 to 9,2,,1,0,1,0,0,0,0,0,0,0,0,0,0,119,Wexford/Maryvale (119),12163
5001837340,-8821641.956,5424845.375,80254175,2015,2015/10/25 04:00:00+00,1925,19,EGLINTON AVE E,DANFORTH RD,,Major Arterial,Scarborough,,43,43.737086,-79.246158,Intersection,At Intersection,Traffic Signal,Clear,"Dark, artificial",Dry,Non-Fatal Injury,Pedestrian Collisions,50 to 54,2,,1,0,1,0,0,0,0,0,0,1,0,0,0,138,Eglinton East (138),12165
5001841929,-8847685.707,5423353.779,80254241,2015,2015/10/26 04:00:00+00,1510,15,WILSON AVE,JAMES FINLAY WAY,,Major Arterial,North York,6.0,31,43.727404,-79.480113,Intersection,At Intersection,Traffic Signal,Clear,Daylight,Dry,Non-Fatal Injury,Cyclist Collisions,50 to 54,2,,0,1,1,0,0,0,0,1,0,1,0,0,0,26,Downsview-Roding-CFB (26),12168
5001842724,-8830512.895,5431662.155,80491312,2015,2015/10/26 04:00:00+00,1750,17,VICTORIA PARK AVE,HUNTINGWOOD DR,100 m North of,Major Arterial,North York,,42,43.781314,-79.325847,Mid-Block,Non Intersection,No Control,Clear,"Dark, artificial",Dry,Non-Fatal Injury,Approaching,70 to 74,2,,0,0,1,0,0,0,0,1,0,0,0,0,1,117,L'Amoreaux (117),12171
5001851224,-8854599.093,5412613.2979999995,80254361,2015,2015/10/28 04:00:00+00,616,6,KIPLING AVE,GREENING CRES,20 m North of,Major Arterial,Etobicoke York,2.0,22,43.657641,-79.54221700000001,Intersection,Non Intersection,No Control,Rain,"Dark, artificial",Wet,Non-Fatal Injury,Pedestrian Collisions,50 to 54,2,,1,0,1,0,0,0,0,0,0,1,0,0,0,10,Princess-Rosethorn (10),12173
5001865596,-8850858.758,5422352.532000001,80491603,2015,2015/10/30 04:00:00+00,1320,13,JANE ST,WILSON AVE,,Major Arterial,Etobicoke York,,31,43.720904,-79.508617,Intersection,At Intersection,Traffic Signal,Clear,Daylight,Dry,Non-Fatal Injury,Turning Movement,75 to 79,2,,0,0,1,0,0,0,0,1,0,1,0,0,0,26,Downsview-Roding-CFB (26),12179
5001866211,-8818266.86,5428660.042,80254630,2015,2015/10/30 04:00:00+00,1509,15,LAWRENCE AVE E,SCARBOROUGH GOLF CLUB RD,,Major Arterial,Scarborough,24.0,43,43.76184,-79.215839,Intersection,At Intersection,Traffic Signal,Clear,Daylight,Dry,Non-Fatal Injury,Pedestrian Collisions,40 to 44,2,,1,0,1,0,0,0,0,0,0,0,0,0,0,137,Woburn (137),12181
5001872803,-8821535.757000001,5433390.27,80254744,2015,2015/10/31 04:00:00+00,1640,16,SHEPPARD AVE E,MASSIE ST,,Major Arterial,Scarborough,23.0,42,43.792521,-79.245204,Intersection,Non Intersection,No Control,Clear,Daylight,Dry,Non-Fatal Injury,Pedestrian Collisions,65 to 69,2,,1,0,1,0,0,0,0,1,0,0,0,0,0,128,Agincourt South-Malvern West (128),12185
5001872986,-8853653.768,5404402.437999999,80491703,2015,2015/10/31 04:00:00+00,1710,17,HORNER AVE,THIRTIETH ST,,Minor Arterial,Etobicoke York,3.0,22,43.604254,-79.533725,Intersection,At Intersection,Traffic Signal,Clear,Daylight,Dry,Non-Fatal Injury,Angle,65 to 69,2,,0,0,1,0,0,0,0,1,0,1,1,0,0,20,Alderwood (20),12192
5001873445,-8842367.419,5423810.382999999,80254771,2015,2015/10/31 04:00:00+00,1852,18,BATHURST ST,BROOKE AVE,6 m South of,Major Arterial,North York,8.0,32,43.730368,-79.432338,Intersection,Intersection Related,Stop Sign,Clear,"Dusk, artificial",Dry,Non-Fatal Injury,Pedestrian Collisions,65 to 69,2,,1,0,1,0,0,0,0,1,0,1,0,0,0,39,Bedford Park-Nortown (39),12198
5001874738,-8829098.803,5417057.128,80491738,2015,2015/10/31 04:00:00+00,2335,23,WOODBINE AVE,STRATHMORE BLVD,,Major Arterial,Toronto and East York,19.0,54,43.686515,-79.313144,Intersection,Intersection Related,No Control,Rain,"Dark, artificial",Wet,Non-Fatal Injury,Turning Movement,65 to 69,2,,0,0,1,1,0,0,0,0,1,1,0,0,0,60,Woodbine-Lumsden (60),12200
5001875429,-8833110.868999999,5412824.56,80491752,2015,2015/11/01 04:00:00+00,155,1,QUEEN ST E,BROADVIEW AVE,49 m East of,Minor Arterial,Toronto and East York,14.0,55,43.659014,-79.34918499999999,Mid-Block,Non Intersection,No Control,Rain,"Dark, artificial",Wet,Non-Fatal Injury,Pedestrian Collisions,unknown,2,,1,0,1,0,0,0,0,1,0,0,0,0,0,70,South Riverdale (70),12205
5001891795,-8860224.846,5420881.359,80491928,2015,2015/11/03 05:00:00+00,1755,17,HIGHWAY 27  N,VICE REGENT BLVD,,Major Arterial,Etobicoke York,1.0,23,43.711352000000005,-79.592754,Intersection,Intersection Related,No Control,Clear,"Dark, artificial",Dry,Fatal,Cyclist Collisions,60 to 64,3,54.0,0,1,1,0,0,0,0,0,0,0,0,0,0,1,West Humber-Clairville (1),12208
5001897298,-8836131.857,5420471.869,80492011,2015,2015/11/04 05:00:00+00,1530,15,BAYVIEW AVE,PARKHURST BLVD,,Major Arterial,North York,15.0,53,43.708693,-79.376323,Intersection,At Intersection,Stop Sign,Clear,Daylight,Dry,Non-Fatal Injury,Angle,75 to 79,2,,0,0,1,0,0,0,0,1,0,1,0,0,0,56,Leaside-Bennington (56),12214
5001904834,-8837629.216,5430584.001,80255265,2015,2015/11/05 05:00:00+00,2020,20,BAYVIEW AVE,CITATION DR,14 m North of,Major Arterial,North York,,33,43.774321,-79.389774,Intersection,Intersection Related,Traffic Signal,Clear,"Dawn, artificial",Dry,Non-Fatal Injury,Pedestrian Collisions,80 to 84,2,,1,0,1,0,0,0,0,0,0,0,0,0,0,52,Bayview Village (52),12216
5001905504,-8833172.874,5418831.933999999,80492120,2015,2015/11/05 05:00:00+00,2310,23,DON VALLEY PARKWAY  S,LEASIDE BDGE,,Major Arterial,Toronto and East York,14.0,54,43.698043,-79.349742,Mid-Block,Non Intersection,No Control,Clear,"Dark, artificial",Dry,Non-Fatal Injury,Pedestrian Collisions,50 to 54,2,,1,0,1,0,0,0,0,1,0,0,0,0,0,58,Old East York (58),12219
5001906446,-8850519.011,5420555.336,80255307,2015,2015/11/06 05:00:00+00,600,6,JANE ST,CHURCH ST,19 m South of,Major Arterial,Etobicoke York,5.0,12,43.709235,-79.505565,Intersection,Intersection Related,Traffic Signal,Rain,"Dark, artificial",Wet,Non-Fatal Injury,Pedestrian Collisions,70 to 74,2,,1,0,1,0,0,0,0,0,0,0,0,0,0,28,Rustic (28),12221
5001910400,-8844383.637,5424507.966,80492215,2015,2015/11/06 05:00:00+00,1836,18,WILLIAM R ALLEN RD S,WILSON AVE,90 m North of,,North York,6.0,32,43.734896,-79.45045,Mid-Block,Non Intersection,No Control,Clear,"Dark, artificial",Dry,Non-Fatal Injury,Rear End,35 to 39,2,,0,0,1,0,0,0,0,0,1,1,0,0,0,33,Clanton Park (33),12223
5001918358,-8828893.308,5432425.557,80503136,2015,2015/11/08 05:00:00+00,340,3,WARDEN AVE,HUNTINGWOOD DR,94 m North of,Major Arterial,Scarborough,22.0,42,43.786265,-79.311298,Mid-Block,Non Intersection,No Control,Clear,"Dark, artificial",Dry,Non-Fatal Injury,SMV Other,30 to 34,2,,0,0,1,0,0,0,0,1,0,0,0,0,0,117,L'Amoreaux (117),12108
5001919444,-8819061.793,5428422.9860000005,80255512,2015,2015/11/08 05:00:00+00,1100,11,LAWRENCE AVE E,GREENHOLM CRCT,,Major Arterial,Scarborough,24.0,43,43.760302,-79.22298,Intersection,At Intersection,Traffic Signal,Clear,Daylight,Dry,Non-Fatal Injury,Pedestrian Collisions,65 to 69,2,,1,0,1,0,0,0,0,0,0,1,0,0,0,137,Woburn (137),12117
5001920978,-8823704.929,5437548.047,80492333,2015,2015/11/08 05:00:00+00,1640,16,MCNICOLL AVE,SHADY HOLLOW DR,5 m South of,Minor Arterial,Scarborough,23.0,42,43.819476,-79.26469,Intersection,Intersection Related,No Control,Clear,Daylight,Dry,Non-Fatal Injury,Turning Movement,65 to 69,2,,0,0,1,0,0,0,0,1,0,0,0,1,0,130,Milliken (130),12235
5001921835,-8832471.339,5424857.085,80255554,2015,2015/11/08 05:00:00+00,2020,20,LAWRENCE AVE E,DON MILLS RD,,Major Arterial,North York,16.0,33,43.737162,-79.34344,Intersection,At Intersection,Traffic Signal,Clear,Dark,Dry,Non-Fatal Injury,Cyclist Collisions,15 to 19,2,,0,1,1,0,0,0,0,0,0,1,0,0,0,42,Banbury-Don Mills (42),12241
5001928023,-8849852.319,5406677.623,80255643,2015,2015/11/09 05:00:00+00,2005,20,PORTLAND ST,ROYAL YORK RD,11 m South of,Minor Arterial,Etobicoke York,3.0,22,43.619052,-79.499576,Intersection,Non Intersection,No Control,Clear,"Dark, artificial",Dry,Non-Fatal Injury,Pedestrian Collisions,65 to 69,2,,1,0,1,0,0,0,0,0,1,1,0,0,0,17,Mimico (includes Humber Bay Shores) (17),12259
5001934875,-8825951.245,5435278.813999999,80255751,2015,2015/11/10 05:00:00+00,950,9,DUNMAIL DR,BLUE EAGLE TRL,15 m West of,Local,Scarborough,23.0,42,43.804766,-79.284869,Intersection,Non Intersection,No Control,Clear,Daylight,Dry,Non-Fatal Injury,Cyclist Collisions,55 to 59,2,,0,1,1,0,0,0,0,0,0,0,0,0,0,129,Agincourt North (129),12373
5001940328,-8850325.315,5419574.873,80492560,2015,2015/11/11 05:00:00+00,2004,20,LAWRENCE AVE W,JANE ST,5 m West of,Major Arterial,Etobicoke York,5.0,12,43.702868,-79.503825,Intersection,Non Intersection,No Control,Clear,"Dark, artificial",Dry,Fatal,Pedestrian Collisions,85 to 89,3,55.0,1,0,1,0,0,0,0,0,0,0,0,0,0,30,Brookhaven-Amesbury (30),12461
5001954714,-8841544.434,5419053.962,80492721,2015,2015/11/14 05:00:00+00,825,8,1996 BATHURST ST,,,Major Arterial,Toronto and East York,12.0,13,43.699484999999996,-79.424945,Mid-Block,Non Intersection,No Control,Clear,Daylight,Dry,Fatal,Pedestrian Collisions,85 to 89,3,65.0,1,0,1,0,0,0,0,0,0,0,0,0,0,101,Forest Hill South (101),12463
5001964890,-8838725.602,5409346.352000001,80631989,2015,2015/11/16 05:00:00+00,615,6,BATHURST ST,FLEET ST,,Major Arterial,Toronto and East York,10.0,14,43.636404999999996,-79.39962299999999,Intersection,At Intersection,Traffic Signal,Clear,"Dawn, artificial",Dry,Non-Fatal Injury,Turning Movement,50 to 54,2,,0,0,1,0,0,0,0,1,0,0,0,0,0,77,Waterfront Communities-The Island (77),12471
5001980850,-8818634.549,5425866.924,80493007,2015,2015/11/18 05:00:00+00,1710,17,MARKHAM RD,EGLINTON AVE E,55 m North of,Major Arterial,Scarborough,24.0,43,43.743716,-79.219142,Mid-Block,Non Intersection,No Control,Rain,"Dark, artificial",Wet,Fatal,Pedestrian Collisions,65 to 69,3,56.0,1,0,1,0,0,0,0,0,0,0,0,0,0,139,Scarborough Village (139),12474
5001982660,-8813781.687,5435672.457,80256419,2015,2015/11/19 05:00:00+00,40,4,SHEPPARD AVE E,IDAGROVE GT,,Major Arterial,Scarborough,25.0,42,43.807318,-79.17554799999999,Intersection,At Intersection,Traffic Signal,Rain,"Dark, artificial",Wet,Non-Fatal Injury,Pedestrian Collisions,60 to 64,2,,1,0,1,0,0,0,0,0,0,0,0,0,0,131,Rouge (131),12476
5001983106,-8853356.545,5408587.624,80256422,2015,2015/11/19 05:00:00+00,502,5,KIPLING AVE,NORSEMAN ST,,Major Arterial,Etobicoke York,3.0,22,43.631471999999995,-79.53105500000001,Intersection,At Intersection,Traffic Signal,Rain,"Dark, artificial",Wet,Non-Fatal Injury,Pedestrian Collisions,45 to 49,2,,1,0,1,0,0,0,0,0,0,1,0,0,0,14,Islington-City Centre West (14),12478
5001995659,-8830439.868999999,5425590.032000001,80493172,2015,2015/11/21 05:00:00+00,55,5,UNDERHILL DR,ROANOKE RD,,Collector,North York,16.0,33,43.741919,-79.325191,Intersection,Intersection Related,Stop Sign,Clear,"Dark, artificial",Dry,Non-Fatal Injury,Turning Movement,70 to 74,2,,0,0,1,0,0,0,0,0,1,1,0,1,0,45,Parkwoods-Donalda (45),12480
5001998431,-8827697.402,5425923.937000001,80493223,2015,2015/11/21 05:00:00+00,1344,13,LAWRENCE AVE E,ELINOR AVE,,Major Arterial,Scarborough,21.0,41,43.744085999999996,-79.300555,Intersection,At Intersection,Traffic Signal,Rain,Daylight,Wet,Non-Fatal Injury,Pedestrian Collisions,unknown,2,,0,0,1,0,0,0,0,0,0,0,0,0,0,119,Wexford/Maryvale (119),12482
5002000710,-8847357.871,5417540.977999999,80256671,2015,2015/11/21 05:00:00+00,2110,21,EGLINTON AVE W,MUNICIPAL DR,19 m East of,Major Arterial,Etobicoke York,5.0,12,43.689658,-79.477168,Intersection,Non Intersection,No Control,Rain,"Dark, artificial",Wet,Non-Fatal Injury,Pedestrian Collisions,unknown,2,,1,0,0,0,0,0,0,0,0,0,0,0,0,110,Keelesdale-Eglinton West (110),12484
5002012379,-8828467.733,5434706.8889999995,80493397,2015,2015/11/23 05:00:00+00,2119,21,3030 BIRCHMOUNT RD,,10 m East of,Major Arterial,Scarborough,22.0,42,43.801058000000005,-79.307475,Mid-Block,Non Intersection,No Control,Snow,Dark,Wet,Non-Fatal Injury,Approaching,45 to 49,2,,0,0,1,0,0,0,0,1,1,1,0,0,0,117,L'Amoreaux (117),12489
5002013764,-8823602.96,5434762.877,80493406,2015,2015/11/24 05:00:00+00,603,6,MCCOWAN RD,KENHATCH BLVD,,Major Arterial,Scarborough,23.0,42,43.801421000000005,-79.263774,Intersection,At Intersection,Traffic Signal,Snow,Dark,Wet,Fatal,Pedestrian Collisions,25 to 29,3,57.0,1,0,1,0,0,0,0,0,1,1,1,0,0,129,Agincourt North (129),12491
5002027343,-8839985.961000001,5419760.578,80493599,2015,2015/11/26 05:00:00+00,934,9,EGLINTON AVE W,ELMSTHORPE AVE,,Major Arterial,North York,,53,43.704074,-79.410945,Intersection,At Intersection,No Control,Clear,Daylight,Dry,Fatal,Pedestrian Collisions,90 to 94,3,59.0,1,0,1,0,0,0,0,0,0,1,0,0,0,103,Lawrence Park South (103),12494
5002031524,-8845552.269,5409790.42,80257132,2015,2015/11/26 05:00:00+00,2226,22,THE QUEENSWAY,COLBORNE LODGE DR,134 m West of,Major Arterial,Toronto and East York,4.0,11,43.639292,-79.460948,Mid-Block,Non Intersection,No Control,Clear,"Dark, artificial",Dry,Non-Fatal Injury,Pedestrian Collisions,50 to 54,2,,1,0,1,0,0,0,0,0,0,0,0,0,0,87,High Park-Swansea (87),12496
5002032713,-8841611.559,5419284.772999999,80493667,2015,2015/11/27 05:00:00+00,532,5,EGLINTON AVE W,BATHURST ST,,Major Arterial,North York,,53,43.700984000000005,-79.42554799999999,Intersection,At Intersection,Traffic Signal,Clear,Dark,Dry,Fatal,Pedestrian Collisions,45 to 49,3,58.0,1,0,0,0,1,0,0,0,0,1,1,0,0,102,Forest Hill North (102),12498
5002035175,-8844340.333999999,5411273.366,80257196,2015,2015/11/27 05:00:00+00,830,8,RONCESVALLES AVE,GRENADIER RD,5 m North of,Minor Arterial,Toronto and East York,4.0,11,43.648932,-79.450061,Intersection,Non Intersection,No Control,Clear,Daylight,Dry,Non-Fatal Injury,Cyclist Collisions,35 to 39,2,,0,1,1,0,0,0,0,0,0,1,0,0,0,86,Roncesvalles (86),12500
5002036269,-8857953.817,5422741.465,80493736,2015,2015/11/27 05:00:00+00,1644,16,KIPLING AVE,GENTHORN AVE,6 m South of,Major Arterial,Etobicoke York,1.0,23,43.723428999999996,-79.572353,Intersection,Intersection Related,Traffic Signal,Clear,"Dark, artificial",Wet,Non-Fatal Injury,Rear End,50 to 54,2,,0,0,1,0,0,0,0,1,0,1,0,0,0,4,Rexdale-Kipling (4),12505
5002054157,-8842264.671,5423232.237000001,80493934,2015,2015/11/30 05:00:00+00,1715,17,BATHURST ST,MARMION AVE,7 m East of,Major Arterial,North York,8.0,32,43.726615,-79.431415,Intersection,Intersection Related,No Control,Clear,"Dark, artificial",Dry,Fatal,Pedestrian Collisions,65 to 69,3,60.0,1,0,1,0,0,0,0,0,0,1,0,0,0,39,Bedford Park-Nortown (39),12507
5002054612,-8840293.425,5427972.01,80631991,2015,2015/11/30 05:00:00+00,1833,18,FLORENCE AVE,BOTHAM RD,,Collector,North York,18.0,32,43.757376,-79.41370699999999,Intersection,At Intersection,Stop Sign,Clear,"Dark, artificial",Dry,Non-Fatal Injury,Pedestrian Collisions,55 to 59,2,,1,0,1,0,0,0,0,0,0,1,0,0,0,38,Lansing-Westgate (38),12509
5002061502,-8856148.993999999,5405932.645,80257572,2015,2015/12/01 05:00:00+00,2107,21,THE QUEENSWAY,NORTH QUEEN ST,3 m North of,Major Arterial,Etobicoke York,3.0,22,43.614207,-79.55614,Intersection,At Intersection,Traffic Signal,Rain,Dark,Wet,Non-Fatal Injury,Pedestrian Collisions,55 to 59,2,,1,0,0,0,1,0,0,0,0,1,0,0,0,14,Islington-City Centre West (14),12511
5002065903,-8842086.337000001,5422097.4629999995,80257630,2015,2015/12/02 05:00:00+00,1419,14,LAWRENCE AVE W,BATHURST ST,1 m West of,Major Arterial,North York,8.0,32,43.719248,-79.429813,Intersection,Intersection Related,Traffic Signal,Clear,Daylight,Dry,Fatal,Pedestrian Collisions,90 to 94,3,62.0,1,0,1,0,0,0,0,0,0,1,0,0,0,39,Bedford Park-Nortown (39),12513
5002074254,-8819556.051,5423670.041,80494145,2015,2015/12/03 05:00:00+00,2038,20,KINGSTON RD,FAIRCROFT BLVD,119 m West of,Major Arterial,Scarborough,20.0,43,43.729457000000004,-79.22742,Mid-Block,Non Intersection,No Control,Clear,"Dark, artificial",Dry,Fatal,SMV Unattended Vehicle,unknown,3,61.0,0,0,1,0,0,0,0,0,1,1,0,0,0,123,Cliffcrest (123),12516
5002075350,-8836167.48,5414431.2639999995,80257740,2015,2015/12/04 05:00:00+00,109,1,ISABELLA ST,SHERBOURNE ST,70 m West of,Collector,Toronto and East York,13.0,51,43.669455,-79.376643,Mid-Block,Non Intersection,No Control,Clear,Dark,Dry,Non-Fatal Injury,Pedestrian Collisions,45 to 49,2,,1,0,1,0,0,0,0,1,0,0,0,0,0,74,North St.James Town (74),12519
5002088367,-8838503.964,5410659.545,80257916,2015,2015/12/06 05:00:00+00,2,2,KING ST W,BRANT ST,10 m South of,Major Arterial,Toronto and East York,10.0,14,43.644942,-79.397632,Intersection,Non Intersection,Pedestrian Crossover,Clear,"Dark, artificial",Dry,Non-Fatal Injury,Pedestrian Collisions,unknown,2,,1,0,1,0,0,0,0,0,0,1,0,0,0,77,Waterfront Communities-The Island (77),12521
5002094213,-8854615.234,5427156.116,80494400,2015,2015/12/07 05:00:00+00,655,6,FINCH AVE W,WESTON RD,,Major Arterial,Etobicoke York,7.0,31,43.752082,-79.542362,Intersection,At Intersection,Traffic Signal,Clear,"Dark, artificial",Dry,Non-Fatal Injury,Pedestrian Collisions,60 to 64,2,,1,0,1,0,0,0,0,0,0,0,0,0,0,21,Humber Summit (21),12523
5002098323,-8852316.932,5430759.908,80494465,2015,2015/12/07 05:00:00+00,1905,19,STEELES AVE W,JANE ST,1 m East of,Major Arterial,Etobicoke York,7.0,31,43.775462,-79.521716,Intersection,At Intersection,Traffic Signal,Clear,"Dark, artificial",Dry,Non-Fatal Injury,Sideswipe,unknown,2,,0,0,1,0,0,1,0,1,0,0,0,0,0,27,York University Heights (27),12526
5002105318,-8839298.006000001,5414353.238,80494520,2015,2015/12/08 05:00:00+00,2115,21,LOWTHER AVE,SPADINA RD,5 m South of,Minor Arterial,Toronto and East York,11.0,53,43.668948,-79.404765,Intersection,Intersection Related,Traffic Signal,Rain,"Dark, artificial",Wet,Non-Fatal Injury,Cyclist Collisions,50 to 54,2,,0,1,1,0,0,0,0,1,0,0,0,0,0,95,Annex (95),12530
5002127671,-8836327.223,5411848.61,80494819,2015,2015/12/12 05:00:00+00,646,6,QUEEN ST E,VICTORIA ST,2 m West of,Major Arterial,Toronto and East York,13.0,51,43.652671000000005,-79.378078,Intersection,Intersection Related,Traffic Signal,Clear,"Dark, artificial",Dry,Non-Fatal Injury,Pedestrian Collisions,45 to 49,2,,1,0,1,0,0,0,0,0,0,0,0,0,0,75,Church-Yonge Corridor (75),12532
5002131445,-8848278.595,5411690.141,80494871,2015,2015/12/12 05:00:00+00,1941,19,JANE ST,WEATHERELL ST,,Major Arterial,Toronto and East York,4.0,11,43.651641,-79.485439,Intersection,At Intersection,No Control,Clear,"Dark, artificial",Dry,Non-Fatal Injury,Sideswipe,20 to 24,2,,0,0,1,1,0,0,0,1,0,0,0,0,0,89,Runnymede-Bloor West Village (89),12535
5002136221,-8845279.648,5411610.908,80494908,2015,2015/12/13 05:00:00+00,1556,15,PARKSIDE DR,INDIAN VALLEY CRES,,Major Arterial,Toronto and East York,4.0,11,43.651126,-79.458499,Intersection,At Intersection,Traffic Signal,Rain,Daylight,Wet,Non-Fatal Injury,Cyclist Collisions,35 to 39,2,,0,1,1,0,0,0,0,1,0,1,0,0,0,87,High Park-Swansea (87),12539
5002137387,-8845097.083999999,5422796.147999999,80494947,2015,2015/12/13 05:00:00+00,2013,20,DUFFERIN ST,CARTWRIGHT AVE,7 m North of,Major Arterial,North York,8.0,32,43.723784,-79.456859,Intersection,At Intersection,No Control,Clear,"Dark, artificial",Dry,Non-Fatal Injury,Pedestrian Collisions,25 to 29,2,,1,0,0,0,0,0,0,0,0,0,0,0,0,31,Yorkdale-Glen Park (31),12540
5002147377,-8850282.902,5419374.081,80495064,2015,2015/12/15 05:00:00+00,1100,11,JANE ST,SPEERS AVE,,Major Arterial,Etobicoke York,5.0,12,43.701564000000005,-79.50344399999999,Intersection,At Intersection,No Control,Clear,Daylight,Dry,Fatal,Turning Movement,80 to 84,3,63.0,0,0,1,0,0,0,0,1,0,0,0,0,0,30,Brookhaven-Amesbury (30),12545
5002156360,-8825115.569,5435413.009,80631994,2015,2015/12/16 05:00:00+00,1645,16,FINCH AVE E,BRIMLEY RD,9 m East of,Major Arterial,Scarborough,23.0,42,43.805636,-79.277362,Intersection,At Intersection,Traffic Signal,Clear,Dusk,Wet,Non-Fatal Injury,Turning Movement,55 to 59,2,,0,0,1,0,0,0,0,1,0,0,0,0,0,129,Agincourt North (129),12548
5002168343,-8822108.162,5433222.024,80495366,2015,2015/12/18 05:00:00+00,1452,14,4727 SHEPPARD AVE E,,4 m East of,Major Arterial,Scarborough,23.0,42,43.79143,-79.250346,Mid-Block,At/Near Private Drive,No Control,Clear,Daylight,Dry,Non-Fatal Injury,Pedestrian Collisions,85 to 89,2,,1,0,1,0,0,0,0,1,0,0,0,0,0,128,Agincourt South-Malvern West (128),12551
5002176400,-8838778.256000001,5421433.637,80495479,2015,2015/12/19 05:00:00+00,2220,22,YONGE ST,SHELDRAKE BLVD,,Major Arterial,North York,,53,43.714938000000004,-79.40009599999999,Intersection,At Intersection,Stop Sign,Clear,"Dark, artificial",Dry,Non-Fatal Injury,Pedestrian Collisions,65 to 69,2,,1,0,1,0,0,0,0,1,0,0,0,0,0,99,Mount Pleasant East (99),12553
5002178129,-8843309.293,5414908.051,80495500,2015,2015/12/20 05:00:00+00,639,6,DUFFERIN ST,DAVENPORT RD,41 m South of,Major Arterial,Toronto and East York,9.0,13,43.672553,-79.440799,Mid-Block,Intersection Related,No Control,Clear,"Dark, artificial",Dry,Non-Fatal Injury,Cyclist Collisions,35 to 39,2,,0,1,1,0,0,0,0,0,0,0,0,0,0,93,Dovercourt-Wallace Emerson-Junction (93),12120
5002181080,-8841528.292000001,5409805.802,80681707,2015,2015/12/14 05:00:00+00,1726,17,KING ST W,FRASER AVE,2 m West of,Major Arterial,Toronto and East York,10.0,14,43.639392,-79.4248,Intersection,At Intersection,Streetcar (Stop for),Rain,"Dark, artificial",Wet,Non-Fatal Injury,Pedestrian Collisions,unknown,2,,1,0,1,0,0,0,0,0,0,1,0,0,0,85,South Parkdale (85),12542
5002186255,-8831377.513,5416239.583,80495602,2015,2015/12/21 05:00:00+00,1720,17,1145 DANFORTH AVE,,,Major Arterial,Toronto and East York,14.0,54,43.681204,-79.333614,Mid-Block,Non Intersection,No Control,Rain,"Dark, artificial",Wet,Non-Fatal Injury,Pedestrian Collisions,60 to 64,2,,1,0,1,0,0,0,0,0,0,0,0,0,0,69,Blake-Jones (69),12245
5002187382,-8843049.362,5427675.1729999995,80495633,2015,2015/12/21 05:00:00+00,2125,21,BATHURST ST,SHEPPARD AVE W,,Major Arterial,North York,6.0,32,43.75545,-79.438464,Intersection,At Intersection,Traffic Signal,Rain,"Dark, artificial",Wet,Non-Fatal Injury,Pedestrian Collisions,20 to 24,2,,1,0,1,0,0,0,0,0,0,1,1,0,0,34,Bathurst Manor (34),12265
5002189475,-8835764.058,5413456.221,80631996,2015,2015/12/22 05:00:00+00,911,9,SHERBOURNE ST,CARLTON ST,,Minor Arterial,Toronto and East York,13.0,51,43.663119,-79.373019,Intersection,At Intersection,Traffic Controller,Rain,Daylight,Wet,Non-Fatal Injury,Cyclist Collisions,55 to 59,2,,0,1,0,0,1,0,0,0,0,1,0,0,0,73,Moss Park (73),12363
5002192601,-8844601.935,5419683.586,80495719,2015,2015/12/22 05:00:00+00,1830,18,DUFFERIN ST,1 AUTUMN AVE,,Major Arterial,North York,8.0,13,43.703573999999996,-79.452411,Intersection,At Intersection,No Control,Clear,"Dark, artificial",Dry,Non-Fatal Injury,Pedestrian Collisions,50 to 54,2,,1,0,0,0,1,0,0,0,0,1,0,0,0,31,Yorkdale-Glen Park (31),12459