ACCNUM,X,Y,Index_,YEAR,DATE,TIME,HOUR,STREET1,STREET2,OFFSET,ROAD_CLASS,District,WardNum,Division,LATITUDE,LONGITUDE,LOCCOORD,ACCLOC,TRAFFCTL,VISIBILITY,LIGHT,RDSFCOND,ACCLASS,IMPACTYPE,INVAGE,INJURY,FATAL_NO,PEDESTRIAN,CYCLIST,AUTOMOBILE,MOTORCYCLE,TRUCK,TRSN_CITY_VEH,EMERG_VEH,PASSENGER,SPEEDING,AG_DRIV,REDLIGHT,ALCOHOL,DISABILITY,Hood_ID,Neighbourhood,ObjectId
5002201232,-8829778.297,5425464.3,80631998,2015,2015/12/24 05:00:00+00,845,8,LAWRENCE AVE E,RAILSIDE RD,,Major Arterial,North York,16.0,33,43.741103,-79.319248,Intersection,At Intersection,Traffic Signal,Clear,Daylight,Dry,Non-Fatal Injury,Pedestrian Collisions,60 to 64,2,,1,0,1,0,0,0,0,0,0,1,0,0,0,43,Victoria Village (43),12469
5002206137,-8840232.311,5410713.541,80632000,2015,2015/12/25 05:00:00+00,819,8,QUEEN ST W,TRINITY DR,1 m East of,Major Arterial,Toronto and East York,10.0,14,43.645293,-79.413158,Intersection,At Intersection,Traffic Signal,Clear,Daylight,Dry,Non-Fatal Injury,Pedestrian Collisions,35 to 39,2,,1,0,0,0,0,1,0,0,0,0,0,0,0,82,Niagara (82),12671
5002211839,-8841116.41,5410471.715,80495956,2015,2015/12/26 05:00:00+00,1618,16,1071 QUEEN ST W,,1 m South of,Major Arterial,Toronto and East York,10.0,14,43.643721,-79.4211,Intersection,Laneway,No Control,Clear,Daylight,Dry,Non-Fatal Injury,Pedestrian Collisions,35 to 39,2,,1,0,1,0,0,0,0,0,0,0,0,0,0,82,Niagara (82),12836
5002212262,-8842278.252,5414504.057999999,80495961,2015,2015/12/26 05:00:00+00,1754,17,DUPONT ST,DELAWARE AVE,16 m East of,Major Arterial,Toronto and East York,9.0,14,43.669928000000006,-79.431537,Intersection,Non Intersection,No Control,Clear,"Dusk, artificial",Dry,Non-Fatal Injury,Pedestrian Collisions,60 to 64,2,,1,0,1,0,0,0,0,0,0,0,0,0,0,93,Dovercourt-Wallace Emerson-Junction (93),12839
5002220976,-8826679.162999999,5423280.299,80632002,2015,2015/12/28 05:00:00+00,1253,12,HAKIMI  AVE,EGLINTON AVE E,20 m North of,Major Arterial,Scarborough,,41,43.726927,-79.29140799999999,Intersection,At/Near Private Drive,No Control,Clear,Daylight,Dry,Non-Fatal Injury,Angle,40 to 44,2,,0,0,1,0,0,0,0,0,0,1,0,0,0,120,Clairlea-Birchmount (120),12841
5002232122,-8835136.439,5413415.75,80496213,2015,2015/10/01 04:00:00+00,1212,12,PARLIAMENT ST,SPRUCE ST,500 m North of,Minor Arterial,Toronto and East York,13.0,51,43.662856,-79.36738100000001,Mid-Block,Non Intersection,No Control,Clear,Daylight,Dry,Non-Fatal Injury,Cyclist Collisions,unknown,2,,0,1,1,0,0,0,0,0,0,0,0,0,0,71,Cabbagetown-South St.James Town (71),11506
5002234344,-8835767.509,5413465.607999999,80496238,2015,2015/12/30 05:00:00+00,1824,18,CARLTON ST,SHERBOURNE ST,,Minor Arterial,Toronto and East York,13.0,51,43.66318,-79.37305,Intersection,At Intersection,Traffic Signal,Clear,Dark,Dry,Non-Fatal Injury,Pedestrian Collisions,35 to 39,2,,1,0,1,0,0,0,0,0,0,1,0,0,0,73,Moss Park (73),12843
5002235368,-8843487.627,5419980.781,80496252,2015,2015/12/30 05:00:00+00,2115,21,250 MARLEE AVE,,1 m East of,Minor Arterial,North York,8.0,13,43.705504,-79.442401,Intersection,At/Near Private Drive,No Control,Clear,"Dark, artificial",Wet,Non-Fatal Injury,Angle,70 to 74,2,,0,0,1,0,0,0,0,1,0,0,0,0,0,31,Yorkdale-Glen Park (31),12846
5002235651,-8830782.065,5416414.6,80496257,2015,2015/12/30 05:00:00+00,2339,23,DANFORTH AVE,GILLARD AVE,,Major Arterial,Toronto and East York,14.0,54,43.682341,-79.328265,Intersection,At Intersection,No Control,Clear,"Dark, artificial",Dry,Fatal,Pedestrian Collisions,60 to 64,3,64.0,1,0,1,0,0,0,0,0,0,1,0,0,0,65,Greenwood-Coxwell (65),12848
6000004050,-8837315.74,5419179.606000001,80500030,2016,2016/01/01 05:00:00+00,1904,19,MOUNT PLEASANT RD,DAVISVILLE AVE,,Major Arterial,North York,,53,43.700301,-79.38695799999999,Intersection,At Intersection,Traffic Signal,Clear,"Dark, artificial",Dry,Non-Fatal Injury,Pedestrian Collisions,70 to 74,2,,1,0,1,0,0,0,0,0,0,1,0,0,0,99,Mount Pleasant East (99),12850
6000014911,-8825485.038999999,5429069.742000001,80497621,2016,2016/01/03 05:00:00+00,1915,19,1400 KENNEDY RD,,196 m North of,Major Arterial,Scarborough,21.0,41,43.764497999999996,-79.280681,Mid-Block,Non Intersection,No Control,Clear,"Dark, artificial",Dry,Fatal,Pedestrian Collisions,5 to 9,3,1.0,1,0,1,0,0,0,0,1,0,1,0,0,0,126,Dorset Park (126),12855
6000019763,-8830830.489,5428806.318,80498095,2016,2016/01/04 05:00:00+00,1520,15,FENSIDE DR,VERSEND DR,,Collector,North York,16.0,33,43.762789,-79.3287,Intersection,At Intersection,Stop Sign,Clear,Daylight,Dry,Non-Fatal Injury,Angle,50 to 54,2,,0,0,1,0,0,0,0,1,0,1,0,0,0,45,Parkwoods-Donalda (45),12860
6000023068,-8835071.094,5436054.393999999,80498423,2016,2016/01/05 05:00:00+00,640,6,STEELES AVE E,WAGGONERS WELL LN,60 m West of,Major Arterial,North York,17.0,33,43.809794000000004,-79.366794,Mid-Block,Non Intersection,No Control,Clear,"Dark, artificial",Dry,Non-Fatal Injury,Pedestrian Collisions,70 to 74,2,,1,0,1,0,0,0,0,0,0,0,0,0,0,48,Hillcrest Village (48),12862
6000026380,-8827045.181,5423171.082,80498736,2016,2016/01/05 05:00:00+00,1628,16,EGLINTON AVE E,PHARMACY AVE,265 m East of,Major Arterial,Scarborough,,41,43.726217999999996,-79.294696,Mid-Block,Non Intersection,No Control,Clear,Daylight,Dry,Non-Fatal Injury,Pedestrian Collisions,25 to 29,2,,1,0,1,0,0,0,0,0,0,0,0,0,0,120,Clairlea-Birchmount (120),12864
6000032002,-8847992.393,5417340.692000001,80499255,2016,2016/01/06 05:00:00+00,1429,14,BLACK CREEK DR,EGLINTON AVE W,13 m West of,Major Arterial,Etobicoke York,5.0,12,43.688357,-79.48286800000001,Intersection,Intersection Related,Traffic Signal,Clear,Daylight,Dry,Fatal,Turning Movement,90 to 94,3,5.0,0,0,1,0,0,0,0,0,0,0,0,0,0,110,Keelesdale-Eglinton West (110),12866
6000042274,-8854525.956,5402678.51,80500048,2016,2016/01/08 05:00:00+00,520,5,BROWN S LINE,LAKE SHORE BLVD W,30 m North of,Major Arterial,Etobicoke York,3.0,22,43.593039000000005,-79.54156,Mid-Block,Non Intersection,No Control,Clear,"Dark, artificial",Wet,Fatal,SMV Other,40 to 44,3,2.0,0,0,1,0,0,0,0,0,1,1,0,0,0,19,Long Branch (19),12867
6000044562,-8836135.308,5420482.494,80500078,2016,2016/01/08 05:00:00+00,1330,13,BAYVIEW AVE,PARKHURST BLVD,6 m North of,Major Arterial,North York,15.0,53,43.708762,-79.376354,Intersection,Intersection Related,Pedestrian Crossover,Clear,Daylight,Wet,Non-Fatal Injury,Pedestrian Collisions,25 to 29,2,,1,0,1,0,0,0,0,0,0,0,0,0,0,56,Leaside-Bennington (56),12869
6000048776,-8825113.009,5430034.103999999,80500164,2016,2016/01/09 05:00:00+00,420,4,80 PROGRESS AVE,,40 m East of,Minor Arterial,Scarborough,21.0,41,43.770754,-79.277339,Mid-Block,Non Intersection,No Control,Rain,"Dark, artificial",Wet,Non-Fatal Injury,SMV Other,20 to 24,2,,0,0,1,0,0,0,0,0,1,1,0,0,0,126,Dorset Park (126),12870
6000051992,-8841763.622000001,5413741.521000001,80500222,2016,2016/01/09 05:00:00+00,1750,17,OSSINGTON AVE,PENDRITH ST,130 m South of,Minor Arterial,Toronto and East York,,14,43.664972999999996,-79.426914,Mid-Block,Non Intersection,No Control,Clear,"Dark, artificial",Wet,Non-Fatal Injury,Other,80 to 84,2,,0,0,0,0,0,1,0,1,0,0,0,0,0,93,Dovercourt-Wallace Emerson-Junction (93),12872
6000063108,-8821825.41,5438244.355,80500398,2016,2016/01/11 05:00:00+00,1618,16,MCNICOLL AVE,MARKHAM RD,,Major Arterial,Scarborough,23.0,42,43.823989000000005,-79.24780600000001,Intersection,At Intersection,No Control,Clear,Dark,Dry,Non-Fatal Injury,Pedestrian Collisions,55 to 59,2,,1,0,1,0,0,0,0,0,0,0,0,0,0,131,Rouge (131),12874
6000066081,-8848351.621,5418302.135,80500428,2016,2016/01/12 05:00:00+00,545,5,TRETHEWEY DR,BLACK CREEK DR,,Major Arterial,Etobicoke York,5.0,12,43.694602,-79.48609499999999,Intersection,At Intersection,Traffic Signal,Snow,"Dark, artificial",Loose Snow,Non-Fatal Injury,Turning Movement,65 to 69,2,,0,0,1,0,0,0,0,1,0,1,1,0,0,112,Beechborough-Greenbrook (112),12877
6000071039,-8830367.623,5437041.239,80500503,2016,2016/01/12 05:00:00+00,2117,21,WARDEN AVE,BAMBURGH CRCL,,Major Arterial,Scarborough,22.0,42,43.816190999999996,-79.32454200000001,Intersection,At Intersection,Traffic Signal,Strong wind,Dark,Slush,Non-Fatal Injury,Pedestrian Collisions,65 to 69,2,,1,0,1,0,0,0,0,0,0,0,0,0,0,116,Steeles (116),12879
6000074879,-8829671.207999999,5423156.91,80500541,2016,2016/01/13 05:00:00+00,1320,13,EGLINTON AVE E,CREDIT UNION DR,,Major Arterial,North York,16.0,33,43.726126,-79.318286,Intersection,At Intersection,Traffic Signal,Clear,Daylight,Dry,Non-Fatal Injury,Turning Movement,75 to 79,2,,0,0,1,0,0,0,0,1,0,1,0,0,0,43,Victoria Village (43),12882
6000080482,-8831695.108,5437141.981000001,80500627,2016,2016/01/14 05:00:00+00,1129,11,STEELES AVE E,PHARMACY AVE,,Major Arterial,Scarborough,22.0,42,43.816844,-79.336467,Intersection,At Intersection,Traffic Signal,Clear,Daylight,Wet,Fatal,Turning Movement,55 to 59,3,3.0,0,0,1,0,1,0,0,0,0,1,0,0,0,116,Steeles (116),12884
6000081215,-8839498.492999999,5410925.375,80500650,2016,2016/01/14 05:00:00+00,1336,13,TECUMSETH ST,QUEEN ST W,,Major Arterial,Toronto and East York,10.0,14,43.64667,-79.406566,Intersection,At Intersection,Traffic Signal,Clear,Daylight,Dry,Non-Fatal Injury,Pedestrian Collisions,60 to 64,2,,1,0,1,0,0,0,0,0,0,1,0,0,0,82,Niagara (82),12886
6000087893,-8836223.585,5420831.461,80500721,2016,2016/01/15 05:00:00+00,1435,14,BAYVIEW AVE,EGLINTON AVE E,6 m North of,Major Arterial,North York,15.0,53,43.711028000000006,-79.377147,Intersection,Intersection Related,Traffic Signal,Clear,Daylight,Wet,Fatal,Pedestrian Collisions,80 to 84,3,6.0,1,0,1,0,0,0,0,1,0,0,0,0,0,56,Leaside-Bennington (56),12889
6000089379,-8845792.608,5415552.629,80500764,2016,2016/01/15 05:00:00+00,1858,18,CHAMBERS AVE,ROCKWELL AVE,,Collector,Toronto and East York,9.0,12,43.676741,-79.463107,Intersection,Intersection Related,No Control,Rain,Dark,Wet,Non-Fatal Injury,Pedestrian Collisions,unknown,2,,1,0,1,0,0,0,0,0,0,1,0,0,0,91,Weston-Pellam Park (91),12891
6000091975,-8864760.893,5427030.21,80500798,2016,2016/01/16 05:00:00+00,748,7,STEELES AVE W,ALCIDE ST,70 m East of,Major Arterial,Etobicoke York,1.0,23,43.751265000000004,-79.63350200000001,Mid-Block,Non Intersection,No Control,Clear,Daylight,Wet,Non-Fatal Injury,Approaching,25 to 29,2,,0,0,1,0,0,0,0,0,0,0,0,0,0,1,West Humber-Clairville (1),12893
6000092951,-8839466.21,5411886.15,80500811,2016,2016/01/16 05:00:00+00,1137,11,BATHURST ST,DUNDAS ST W,57 m North of,Major Arterial,Toronto and East York,11.0,14,43.652915,-79.406276,Mid-Block,Non Intersection,No Control,Clear,Daylight,Dry,Non-Fatal Injury,Turning Movement,5 to 9,2,,0,0,1,0,0,0,0,1,0,0,0,0,0,78,Kensington-Chinatown (78),12900
6000094182,-8842196.766,5415178.62,80500819,2016,2016/01/16 05:00:00+00,1536,15,OSSINGTON AVE,DAVENPORT RD,41 m South of,Minor Arterial,Toronto and East York,,13,43.674310999999996,-79.430805,Mid-Block,Non Intersection,No Control,Clear,Daylight,Dry,Non-Fatal Injury,Pedestrian Collisions,50 to 54,2,,1,0,1,0,0,0,0,0,0,0,0,0,0,94,Wychwood (94),12902
6000101056,-8829897.187,5430826.355,80497128,2016,2016/01/17 05:00:00+00,1935,19,SHEPPARD AVE E,CHICHESTER PL,,Major Arterial,Scarborough,22.0,42,43.775892999999996,-79.320316,Intersection,At Intersection,No Control,Clear,"Dark, artificial",Dry,Fatal,Pedestrian Collisions,75 to 79,3,4.0,1,0,1,0,0,0,0,0,0,0,0,0,0,118,Tam O'Shanter-Sullivan (118),12904
6000111200,-8844956.933,5428320.181,80497225,2016,2016/01/19 05:00:00+00,1300,13,COMBE AVE,WILMINGTON AVE,,Minor Arterial,North York,6.0,32,43.759634999999996,-79.4556,Intersection,At Intersection,Stop Sign,Clear,Daylight,Dry,Non-Fatal Injury,Angle,45 to 49,2,,0,0,1,0,1,0,0,0,1,1,0,0,0,34,Bathurst Manor (34),12906
6000125863,-8854745.144,5427119.592999999,80497375,2016,2016/01/21 05:00:00+00,1917,19,FINCH AVE W,WESTON RD,90 m West of,Major Arterial,Etobicoke York,7.0,31,43.751845,-79.543529,Mid-Block,Non Intersection,No Control,Clear,"Dark, artificial",Dry,Non-Fatal Injury,Pedestrian Collisions,unknown,2,,1,0,1,0,0,0,0,1,0,0,0,0,0,21,Humber Summit (21),12910
6000131463,-8841960.657,5409502.319,80497417,2016,2016/01/22 05:00:00+00,1811,18,135 TYNDALL AVE,,85 m South of,Local,Toronto and East York,4.0,14,43.637419,-79.42868399999999,Mid-Block,At/Near Private Drive,No Control,Clear,"Dark, artificial",Dry,Non-Fatal Injury,Cyclist Collisions,50 to 54,2,,0,1,1,0,0,0,0,0,0,0,0,0,0,85,South Parkdale (85),12912
6000133147,-8838838.591,5409718.893999999,80497457,2016,2016/01/23 05:00:00+00,35,3,BATHURST ST,FORT YORK BLVD,,Major Arterial,Toronto and East York,10.0,14,43.638827,-79.400638,Intersection,At Intersection,Traffic Signal,Clear,"Dark, artificial",Dry,Non-Fatal Injury,Turning Movement,45 to 49,2,,0,0,1,0,0,0,0,1,1,1,0,0,0,77,Waterfront Communities-The Island (77),12917
6000139902,-8841739.799,5408417.522999999,80497536,2016,2016/01/24 05:00:00+00,521,5,LAKE SHORE BLVD W,BRITISH COLUMBIA RD,245 m East of,Major Arterial,Toronto and East York,10.0,14,43.630365999999995,-79.4267,Mid-Block,Non Intersection,No Control,Clear,"Dark, artificial",Dry,Non-Fatal Injury,SMV Other,25 to 29,2,,0,0,1,0,0,0,0,0,1,1,0,0,0,82,Niagara (82),12263
6000143198,-8856145.655,5405923.266,80497570,2016,2016/01/23 05:00:00+00,2010,20,THE QUEENSWAY,NORTH QUEEN ST,,Major Arterial,Etobicoke York,3.0,22,43.614146000000005,-79.55611,Intersection,At Intersection,Traffic Signal,Clear,"Dark, artificial",Dry,Non-Fatal Injury,Cyclist Collisions,50 to 54,2,,0,1,1,0,0,0,0,0,0,1,0,0,0,14,Islington-City Centre West (14),12252
6000143502,-8819303.801,5425568.922,80497575,2016,2016/01/24 05:00:00+00,2141,21,EGLINTON AVE E,MASON RD,,Major Arterial,Scarborough,,43,43.741782,-79.225154,Intersection,At Intersection,Traffic Signal,Clear,"Dark, artificial",Dry,Non-Fatal Injury,Pedestrian Collisions,65 to 69,2,,1,0,1,0,0,0,0,0,0,0,0,0,0,139,Scarborough Village (139),12271
6000147267,-8838225.332,5418569.262999999,80497590,2016,2016/01/25 05:00:00+00,1445,14,50 MERTON ST,,2 m North of,Collector,Toronto and East York,12.0,53,43.696337,-79.395129,Mid-Block,Non Intersection,No Control,Clear,Daylight,Dry,Non-Fatal Injury,Approaching,85 to 89,2,,0,0,1,0,0,0,0,0,0,0,0,0,1,104,Mount Pleasant West (104),12273
6000148806,-8832238.681,5420356.833,80632133,2016,2016/01/25 05:00:00+00,1915,19,OVERLEA BLVD,WILLIAM MORGAN DR,,Major Arterial,North York,15.0,53,43.707946,-79.34135,Intersection,At Intersection,Traffic Signal,Clear,"Dark, artificial",Dry,Non-Fatal Injury,Pedestrian Collisions,70 to 74,2,,1,0,1,0,0,0,0,0,0,1,0,0,0,55,Thorncliffe Park (55),12275
6000164025,-8854360.424,5409299.285,80485312,2016,2016/01/28 05:00:00+00,925,9,DUNDAS ST W,POPLAR AVE,,Major Arterial,Etobicoke York,3.0,22,43.636099,-79.54007299999999,Intersection,At Intersection,Traffic Signal,Clear,Daylight,Dry,Fatal,Pedestrian Collisions,45 to 49,3,10.0,1,0,0,0,0,1,0,0,0,1,0,0,0,14,Islington-City Centre West (14),12277
6000168422,-8808254.451,5433049.617000001,80497763,2016,2016/01/28 05:00:00+00,2130,21,48MILLDOCK,,172 m East of,Local,Scarborough,25.0,43,43.790312,-79.125896,Mid-Block,Non Intersection,No Control,Snow,"Dark, artificial",Wet,Non-Fatal Injury,Pedestrian Collisions,unknown,2,,1,0,0,0,0,0,0,0,0,0,0,0,0,131,Rouge (131),12279
6000171366,-8819891.568,5428169.597999999,80632233,2016,2016/01/29 05:00:00+00,1225,12,3434 LAWRENCE AVE E,,,Major Arterial,Scarborough,24.0,43,43.758658000000004,-79.230434,Intersection,At Intersection,Traffic Signal,Clear,Daylight,Dry,Non-Fatal Injury,Sideswipe,55 to 59,2,,0,0,1,1,0,0,0,0,0,0,0,0,0,137,Woburn (137),12281
6000179020,-8842933.924,5413700.433999999,80485306,2016,2016/01/30 05:00:00+00,1753,17,DUFFERIN ST,ARMSTRONG AVE,,Major Arterial,Toronto and East York,9.0,14,43.664706,-79.437427,Intersection,,No Control,Clear,"Dark, artificial",Dry,Fatal,Pedestrian Collisions,90 to 94,3,7.0,1,0,1,0,0,0,0,0,0,0,0,0,0,93,Dovercourt-Wallace Emerson-Junction (93),12283
6000181395,-8849227.26,5428425.915,80485309,2016,2016/01/31 05:00:00+00,230,2,DERRYDOWN RD,ROMFIELD DR,,Local,Etobicoke York,7.0,31,43.760321000000005,-79.493961,Intersection,,Stop Sign,Clear,"Dark, artificial",Wet,Fatal,SMV Other,55 to 59,3,8.0,0,0,1,0,0,0,0,1,0,0,0,1,0,27,York University Heights (27),12286
6000186933,-8827006.108,5434111.557,80498045,2016,2016/02/01 05:00:00+00,320,3,KENNEDY RD,NORCAP AVE,16 m North of,Major Arterial,Scarborough,22.0,42,43.797198,-79.29434499999999,Intersection,Non Intersection,No Control,Clear,"Dark, artificial",Wet,Non-Fatal Injury,Approaching,65 to 69,2,,0,0,1,0,0,0,0,0,0,0,0,0,0,117,L'Amoreaux (117),12288
6000188538,-8852256.707999999,5403742.804,80485311,2016,2016/02/01 05:00:00+00,1033,10,BIRMINGHAM ST,TWENTY FIRST ST,,Collector,Etobicoke York,3.0,22,43.599963,-79.521175,Intersection,,Pedestrian Crossover,Clear,Daylight,Dry,Fatal,Sideswipe,85 to 89,3,9.0,0,0,1,0,0,0,0,0,1,1,0,0,0,18,New Toronto (18),12290
6000197047,-8851578.884,5426376.507999999,80632308,2016,2016/02/02 05:00:00+00,1616,16,JANE ST,GRANDRAVINE DR,,Major Arterial,Etobicoke York,7.0,31,43.747023,-79.515086,Intersection,At Intersection,Traffic Signal,Clear,Daylight,Dry,Non-Fatal Injury,Pedestrian Collisions,55 to 59,2,,1,0,1,0,0,0,0,0,0,1,0,0,0,25,Glenfield-Jane Heights (25),12292
6000218872,-8855358.292000001,5417002.478999999,80498272,2016,2016/02/06 05:00:00+00,233,2,163 WINCOTT DR,,39 m South of,Collector,Etobicoke York,2.0,23,43.68616,-79.549037,Mid-Block,Non Intersection,No Control,Clear,"Dark, artificial",Dry,Non-Fatal Injury,SMV Other,35 to 39,2,,0,0,1,0,0,0,0,1,1,1,0,0,0,7,Willowridge-Martingrove-Richview (7),12294
6000219266,-8845226.215,5413590.098999999,80498278,2016,2016/02/06 05:00:00+00,500,5,DUNDAS ST W,ANNETTE ST,13 m North of,Minor Arterial,Toronto and East York,4.0,11,43.663989,-79.458019,Mid-Block,At/Near Private Drive,No Control,Clear,"Dawn, artificial",Dry,Non-Fatal Injury,SMV Other,25 to 29,2,,0,0,1,0,0,0,0,0,0,0,0,0,0,90,Junction Area (90),12295
6000243323,-8840325.707999999,5432940.284,80485352,2016,2016/02/10 05:00:00+00,954,9,WEDGEWOOD DR,TOBRUK CRES,,Local,North York,18.0,32,43.789603,-79.413997,Intersection,,Stop Sign,Clear,Daylight,Wet,Fatal,Pedestrian Collisions,80 to 84,3,12.0,1,0,1,0,0,0,0,0,0,1,0,0,0,50,Newtonbrook East (50),12297
6000261829,-8850300.714,5428412.967999999,80498708,2016,2016/02/13 05:00:00+00,1018,10,FINCH AVE W,TOBERMORY DR,450 m East of,Major Arterial,Etobicoke York,7.0,31,43.760237,-79.50360400000001,Mid-Block,Non Intersection,No Control,Clear,Daylight,Dry,Fatal,Pedestrian Collisions,75 to 79,3,11.0,1,0,1,0,0,0,0,1,0,0,0,0,0,27,York University Heights (27),12301
6000291466,-8827326.263,5418137.089,80501740,2016,2016/02/18 05:00:00+00,1315,13,DAWES RD,SECORD AVE,,Minor Arterial,Toronto and East York,19.0,54,43.693529999999996,-79.297221,Intersection,At Intersection,Traffic Signal,Clear,Daylight,Dry,Fatal,Pedestrian Collisions,70 to 74,3,13.0,1,0,1,0,0,0,0,0,0,1,0,0,0,61,Taylor-Massey (61),12303
6000294353,-8843007.84,5410018.692000001,80498961,2016,2016/02/18 05:00:00+00,2230,22,MACDONELL AVE,LN n QUEEEN E FULLER,1 m South of,Local,Toronto and East York,4.0,11,43.640776,-79.438091,Intersection,At Intersection,No Control,Clear,Dark,Dry,Fatal,Pedestrian Collisions,70 to 74,3,15.0,1,0,0,0,0,1,0,0,0,0,0,0,0,86,Roncesvalles (86),12305
6000304875,-8818851.176,5427660.532000001,80499094,2016,2016/02/20 05:00:00+00,1717,17,CONFEDERATION DR,STEVENWOOD RD,,Collector,Scarborough,24.0,43,43.755355,-79.221088,Intersection,At Intersection,No Control,Clear,Daylight,Dry,Non-Fatal Injury,Cyclist Collisions,35 to 39,2,,0,1,1,0,0,0,0,0,0,0,0,0,0,137,Woburn (137),12307
6000307200,-8853005.777,5406922.118,80499150,2016,2016/02/21 05:00:00+00,147,1,THE QUEENSWAY K,KIPLING AVE,81 m West of,Major Arterial,Etobicoke York,3.0,22,43.620642,-79.527904,Mid-Block,At/Near Private Drive,No Control,Clear,"Dark, artificial",Dry,Non-Fatal Injury,Pedestrian Collisions,25 to 29,2,,1,0,1,0,0,0,0,0,0,0,0,1,0,14,Islington-City Centre West (14),12310
6000310754,-8858760.661,5420765.7020000005,80499196,2016,2016/02/21 05:00:00+00,1730,17,1330 MARTIN GROVE RD,,11 m West of,Major Arterial,Etobicoke York,1.0,23,43.710601000000004,-79.579601,Mid-Block,At/Near Private Drive,No Control,Clear,Daylight,Dry,Non-Fatal Injury,Pedestrian Collisions,50 to 54,2,,1,0,0,0,1,0,0,0,0,0,0,0,0,1,West Humber-Clairville (1),12312
6000324191,-8841267.582,5412021.698,80499269,2016,2016/02/23 05:00:00+00,2146,21,OSSINGTON AVE,COLLEGE ST,67 m South of,Minor Arterial,Toronto and East York,,14,43.653796,-79.42245799999999,Mid-Block,Non Intersection,No Control,Clear,"Dark, artificial",Dry,Non-Fatal Injury,Pedestrian Collisions,45 to 49,2,,1,0,1,0,0,0,0,0,1,1,0,0,0,81,Trinity-Bellwoods (81),12314
6000332112,-8833727.468,5433410.317000001,80499345,2016,2016/02/25 05:00:00+00,912,9,FINCH AVE E,DON MILLS RD,,Major Arterial,North York,17.0,33,43.792651,-79.354724,Intersection,At Intersection,Traffic Signal,Freezing Rain,Daylight,Wet,Non-Fatal Injury,Pedestrian Collisions,unknown,2,,1,0,1,0,0,0,0,0,0,1,0,0,0,48,Hillcrest Village (48),12316
6000334615,-8857710.918,5426888.586,80632425,2016,2016/02/25 05:00:00+00,1625,16,AVIEMORE DR,GRAMPIAN CRES,99 m South of,Local,Etobicoke York,7.0,31,43.750346,-79.570171,Mid-Block,Non Intersection,No Control,Clear,Daylight,Dry,Non-Fatal Injury,Pedestrian Collisions,75 to 79,2,,1,0,1,0,0,0,0,0,0,1,0,0,0,21,Humber Summit (21),12318
6000353935,-8829216.802000001,5425514.222999999,80632428,2016,2016/02/28 05:00:00+00,2240,22,LAWRENCE AVE E,CARNFORTH RD,,Major Arterial,North York,16.0,33,43.741427,-79.314204,Intersection,At Intersection,Traffic Signal,Rain,"Dark, artificial",Wet,Non-Fatal Injury,Turning Movement,25 to 29,2,,0,0,1,0,0,0,0,1,1,1,0,0,0,43,Victoria Village (43),12321
6000359502,-8860206.924,5421791.419,80632430,2016,2016/02/29 05:00:00+00,1939,19,137 QUEEN S PLATE  DR,,1 m North of,Collector,Etobicoke York,1.0,23,43.717261,-79.59259300000001,Mid-Block,Non Intersection,No Control,Clear,Dusk,Dry,Non-Fatal Injury,Pedestrian Collisions,55 to 59,2,,1,0,1,0,0,0,0,0,0,0,0,0,0,1,West Humber-Clairville (1),12325
6000362720,-8840656.883,5416025.318,80512154,2016,2016/03/01 05:00:00+00,1117,11,BATHURST ST,NINA ST,,Major Arterial,Toronto and East York,12.0,13,43.679812,-79.416972,Intersection,Intersection Related,Traffic Signal,Snow,Daylight,Loose Snow,Non-Fatal Injury,Pedestrian Collisions,75 to 79,2,,1,0,1,0,0,0,0,1,0,1,1,0,0,96,Casa Loma (96),12328
6000365779,-8833016.581,5417506.956,80632432,2016,2016/02/29 05:00:00+00,1930,19,COSBURN AVE,PAPE AVE,3 m East of,Minor Arterial,Toronto and East York,14.0,54,43.689437,-79.348338,Mid-Block,Non Intersection,No Control,Clear,"Dark, artificial",Dry,Non-Fatal Injury,Pedestrian Collisions,60 to 64,2,,1,0,1,0,0,0,0,0,0,1,0,0,0,59,Danforth East York (59),12323
6000375289,-8832227.66,5433793.856000001,80503182,2016,2016/03/03 05:00:00+00,1255,12,GORDON BAKER RD,FINCH AVE E,11 m West of,Major Arterial,North York,17.0,33,43.795138,-79.341251,Intersection,Intersection Related,Traffic Signal,Clear,Daylight,Dry,Non-Fatal Injury,Approaching,80 to 84,2,,0,0,1,0,0,0,0,1,0,0,0,0,0,46,Pleasant View (46),12332
6000381883,-8835788.771,5412010.004,80501887,2016,2016/03/04 05:00:00+00,1411,14,JARVIS ST,QUEEN ST E,,Major Arterial,Toronto and East York,13.0,51,43.65372,-79.37324100000001,Intersection,Intersection Related,Traffic Signal,Clear,Daylight,Dry,Fatal,Pedestrian Collisions,30 to 34,3,14.0,1,0,0,0,1,0,0,0,0,0,0,0,0,73,Moss Park (73),12334