ACCNUM,X,Y,Index_,YEAR,DATE,TIME,HOUR,STREET1,STREET2,OFFSET,ROAD_CLASS,District,WardNum,Division,LATITUDE,LONGITUDE,LOCCOORD,ACCLOC,TRAFFCTL,VISIBILITY,LIGHT,RDSFCOND,ACCLASS,IMPACTYPE,INVAGE,INJURY,FATAL_NO,PEDESTRIAN,CYCLIST,AUTOMOBILE,MOTORCYCLE,TRUCK,TRSN_CITY_VEH,EMERG_VEH,PASSENGER,SPEEDING,AG_DRIV,REDLIGHT,ALCOHOL,DISABILITY,Hood_ID,Neighbourhood,ObjectId
6000408814,-8841611.559,5419284.772999999,80501994,2016,2016/03/08 05:00:00+00,2106,21,EGLINTON AVE W,BATHURST ST,,Major Arterial,North York,,53,43.700984000000005,-79.42554799999999,Intersection,Intersection Related,Traffic Signal,Clear,Daylight,Dry,Non-Fatal Injury,Pedestrian Collisions,30 to 34,2,,1,0,0,0,0,1,0,0,0,0,0,0,0,102,Forest Hill North (102),12336
6000411466,-8859851.926,5424063.651000001,80501999,2016,2016/03/09 05:00:00+00,1014,10,JOHN GARLAND BLVD,MARTIN GROVE RD,3 m East of,Major Arterial,Etobicoke York,1.0,23,43.732012,-79.589404,Intersection,At Intersection,Traffic Signal,Clear,Daylight,Dry,Non-Fatal Injury,Pedestrian Collisions,65 to 69,2,,1,0,1,0,0,0,0,0,0,1,0,0,0,2,Mount Olive-Silverstone-Jamestown (2),12338
6000414700,-8858061.686,5429095.022000001,80500883,2016,2016/03/09 05:00:00+00,1835,18,STEELES AVE W,ISLINGTON AVE,,Major Arterial,Etobicoke York,7.0,31,43.764662,-79.57332199999999,Mid-Block,,No Control,Clear,Daylight,Dry,Fatal,Rear End,25 to 29,3,16.0,0,0,0,1,0,0,0,0,1,1,0,0,0,21,Humber Summit (21),12339
6000424606,-8861870.705,5425952.752,80502074,2016,2016/03/11 05:00:00+00,1037,10,ALBION RD,HIGHWAY 27  N,,Major Arterial,Etobicoke York,1.0,23,43.744273,-79.607539,Intersection,At Intersection,Traffic Signal,Clear,Daylight,Dry,Non-Fatal Injury,Turning Movement,45 to 49,2,,0,0,1,0,1,0,0,1,0,0,0,0,0,1,West Humber-Clairville (1),12342
6000434518,-8838584.671,5420168.188999999,80502173,2016,2016/03/12 05:00:00+00,2235,22,YONGE ST,EGLINTON AVE E,,Major Arterial,North York,,53,43.706721,-79.39835699999999,Intersection,At Intersection,Traffic Signal,Clear,"Dark, artificial",Dry,Non-Fatal Injury,Pedestrian Collisions,70 to 74,2,,1,0,1,0,0,0,0,1,1,1,0,0,1,104,Mount Pleasant West (104),12347
6000436156,-8842638.37,5409504.78,80502199,2016,2016/03/13 05:00:00+00,856,8,KING ST W,CLOSE AVE,18 m West of,Major Arterial,Toronto and East York,4.0,14,43.637434999999996,-79.434772,Mid-Block,Non Intersection,No Control,Clear,Daylight,Dry,Non-Fatal Injury,Pedestrian Collisions,85 to 89,2,,1,0,1,0,0,0,0,1,0,0,0,0,0,85,South Parkdale (85),12350
6000440482,-8854153.147,5424329.405,80502218,2016,2016/03/14 04:00:00+00,300,3,SHEPPARD AVE W,WESTON RD,2 m West of,Major Arterial,Etobicoke York,7.0,31,43.733737,-79.538211,Intersection,Intersection Related,Traffic Signal,Rain,"Dark, artificial",Wet,Non-Fatal Injury,SMV Other,25 to 29,2,,0,0,1,0,0,0,0,1,0,0,0,1,0,22,Humbermede (22),12352
6000441684,-8833727.468,5433410.317000001,80501542,2016,2016/03/14 04:00:00+00,952,9,DON MILLS RD,FINCH AVE E,,Major Arterial,North York,17.0,33,43.792651,-79.354724,Intersection,At Intersection,Traffic Signal,Rain,Daylight,Wet,Fatal,Angle,55 to 59,3,17.0,0,0,1,0,0,0,0,1,0,1,1,0,0,48,Hillcrest Village (48),12355
6000444329,-8832787.263,5416477.404,80502240,2016,2016/03/14 04:00:00+00,1739,17,PAPE AVE,CANNING AVE,40 m North of,Major Arterial,Toronto and East York,14.0,54,43.682749,-79.346278,Mid-Block,Non Intersection,No Control,Clear,Dusk,Wet,Non-Fatal Injury,Pedestrian Collisions,35 to 39,2,,1,0,1,0,0,0,0,0,0,0,0,0,0,59,Danforth East York (59),12357
6000477912,-8836510.678,5411025.217,80502720,2016,2016/03/20 04:00:00+00,303,3,BAY ST,WELLINGTON ST W,,Major Arterial,Toronto and East York,,52,43.647319,-79.379726,Intersection,At Intersection,Traffic Signal,Clear,"Dark, artificial",Dry,Non-Fatal Injury,Angle,unknown,2,,0,0,1,0,0,0,0,1,0,1,1,0,0,76,Bay Street Corridor (76),12492
6000478008,-8830647.925,5418865.345,80502730,2016,2016/03/20 04:00:00+00,340,3,O CONNOR DR,RALSTON AVE,,Major Arterial,Toronto and East York,19.0,54,43.69826,-79.32706,Intersection,At Intersection,No Control,Clear,Daylight,Dry,Non-Fatal Injury,Rear End,45 to 49,2,,0,0,1,0,0,0,0,1,1,1,0,0,0,58,Old East York (58),12650
6000478020,-8843215.896,5411582.137999999,80503246,2016,2016/03/20 04:00:00+00,344,3,COLLEGE ST,LANSDOWNE AVE,,Minor Arterial,Toronto and East York,9.0,11,43.650939,-79.43996,Intersection,At Intersection,Traffic Signal,Clear,"Dark, artificial",Dry,Non-Fatal Injury,Cyclist Collisions,40 to 44,2,,0,1,1,0,0,0,0,1,0,1,0,0,0,83,Dufferin Grove (83),12653
6000480825,-8841611.559,5408354.774,80502741,2016,2016/03/20 04:00:00+00,1654,16,LAKE SHORE BLVD W,BRITISH COLUMBIA RD,11 m South of Light Post 300,Major Arterial,Toronto and East York,10.0,14,43.629958,-79.42554799999999,Mid-Block,Non Intersection,No Control,Clear,Daylight,Dry,Non-Fatal Injury,Approaching,60 to 64,2,,0,0,1,0,0,0,0,1,0,0,0,0,0,82,Niagara (82),12659
6000493980,-8825656.582,5429817.823,80632434,2016,2016/03/22 04:00:00+00,1936,19,PROGRESS AVE,KENNEDY RD,,Major Arterial,Scarborough,21.0,41,43.769351,-79.28222199999999,Intersection,Intersection Related,Traffic Signal,Rain,"Dusk, artificial",Wet,Non-Fatal Injury,Pedestrian Collisions,60 to 64,2,,1,0,1,0,0,0,0,0,0,1,0,0,0,126,Dorset Park (126),12661
6000498147,-8821931.609,5434029.817000001,80632437,2016,2016/03/23 04:00:00+00,1313,13,400 NUGGET AVE,,110 m South of,Minor Arterial,Scarborough,23.0,42,43.796668,-79.24876,Mid-Block,At/Near Private Drive,No Control,Clear,Daylight,Dry,Non-Fatal Injury,Turning Movement,40 to 44,2,,0,0,1,0,0,0,0,1,0,1,0,0,0,128,Agincourt South-Malvern West (128),12664
6000500403,-8835094.916000001,5411664.294,80625042,2016,2016/03/23 04:00:00+00,2015,20,KING ST E,PRINCESS ST,10 m East of,Major Arterial,Toronto and East York,13.0,51,43.651472999999996,-79.367008,Mid-Block,Intersection Related,No Control,Freezing Rain,"Dark, artificial",Wet,Fatal,Pedestrian Collisions,75 to 79,3,18.0,1,0,1,0,0,0,0,0,0,0,0,0,0,73,Moss Park (73),12667
6000501397,-8810516.909,5434375.75,80502842,2016,2016/03/24 04:00:00+00,42,4,KINGSTON RD,SHEPPARD AVE E,,Major Arterial,Scarborough,25.0,42,43.798911,-79.14622,Intersection,At Intersection,Traffic Signal,Freezing Rain,"Dark, artificial",Slush,Non-Fatal Injury,Angle,50 to 54,2,,0,0,1,0,0,0,0,0,1,1,1,1,0,131,Rouge (131),12669
6000506509,-8837075.401,5411076.1389999995,80502882,2016,2016/03/24 04:00:00+00,2049,20,KING  ST W,UNIVERSITY  AVE,,Major Arterial,Toronto and East York,10.0,52,43.64765,-79.384799,Intersection,Intersection Related,Traffic Signal,Rain,"Dusk, artificial",Wet,Non-Fatal Injury,Pedestrian Collisions,60 to 64,2,,1,0,1,0,0,0,0,0,0,1,0,0,0,76,Bay Street Corridor (76),12673
6000522644,-8855512.915,5419918.57,80503320,2016,2016/03/27 04:00:00+00,2153,21,MONOGRAM PL,ISLINGTON AVE,,Major Arterial,Etobicoke York,1.0,23,43.7051,-79.550426,Intersection,At Intersection,Traffic Signal,Clear,"Dark, artificial",Dry,Non-Fatal Injury,Turning Movement,50 to 54,2,,0,0,1,0,0,0,0,1,0,1,1,0,0,6,Kingsview Village-The Westway (6),12677
6000530490,-8833454.846,5433487.425,80503953,2016,2016/03/29 04:00:00+00,901,9,FINCH AVE E,SKYMARK DR,,Major Arterial,North York,17.0,33,43.793151,-79.352275,Intersection,Intersection Related,Traffic Signal,Clear,Daylight,Dry,Fatal,Pedestrian Collisions,75 to 79,3,19.0,1,0,1,0,0,0,0,0,0,0,0,0,0,47,Don Valley Village (47),12679
6000543310,-8839489.142,5412460.663,80503371,2016,2016/03/31 04:00:00+00,637,6,COLLEGE ST,LIPPINCOTT ST,1 m East of,Major Arterial,Toronto and East York,11.0,14,43.656649,-79.406482,Intersection,At Intersection,Stop Sign,Rain,"Daylight, artificial",Wet,Non-Fatal Injury,Cyclist Collisions,65 to 69,2,,0,1,1,0,0,0,0,1,0,0,0,0,0,78,Kensington-Chinatown (78),12682
6000548529,-8821644.516,5437663.915,80503036,2016,2016/03/31 04:00:00+00,2146,21,MARKHAM RD,NASHDENE RD,,Major Arterial,Scarborough,23.0,42,43.820227,-79.246181,Intersection,Intersection Related,Traffic Signal,Rain,Dark,Wet,Fatal,Pedestrian Collisions,55 to 59,3,20.0,1,0,1,0,0,0,0,0,0,0,0,0,0,131,Rouge (131),12684
6000548674,-8843312.743999999,5418000.836,80632439,2016,2016/03/31 04:00:00+00,2210,22,OAKWOOD AVE,VAUGHAN RD,2 m South of,Minor Arterial,Toronto and East York,12.0,13,43.692645,-79.44083,Intersection,At Intersection,Traffic Signal,Rain,"Dark, artificial",Wet,Non-Fatal Injury,Other,60 to 64,2,,0,0,0,0,0,1,0,1,0,0,0,0,0,107,Oakwood Village (107),12686
6000555439,-8850191.175,5407796.2020000005,80503475,2016,2016/04/01 04:00:00+00,2206,22,THE QUEENSWAY,ROYAL YORK RD,,Major Arterial,Etobicoke York,3.0,22,43.626326,-79.50262,Intersection,At Intersection,Traffic Signal,Clear,"Dark, artificial",Dry,Non-Fatal Injury,Turning Movement,45 to 49,2,,0,0,1,0,0,0,0,1,1,1,0,0,0,16,Stonegate-Queensway (16),12690
6000566615,-8831585.569,5433444.399,80503610,2016,2016/04/03 04:00:00+00,1930,19,FINCH AVE E,CHEROKEE BLVD,150 m East of,Major Arterial,North York,17.0,33,43.792871999999996,-79.335483,Mid-Block,Non Intersection,No Control,Snow,Dark,Ice,Non-Fatal Injury,Approaching,70 to 74,2,,0,0,1,0,0,0,0,1,1,1,0,0,0,46,Pleasant View (46),12698
6000576751,-8852655.9,5408802.947000001,80503685,2016,2016/04/05 04:00:00+00,1204,12,200 NORSEMAN ST,,420 m West of,Collector,Etobicoke York,3.0,22,43.632872,-79.524761,Mid-Block,Non Intersection,No Control,Clear,Daylight,Dry,Non-Fatal Injury,Turning Movement,55 to 59,2,,0,0,1,0,0,0,0,0,0,1,0,0,0,14,Islington-City Centre West (14),12700
6000581980,-8819877.987,5433862.6389999995,80503699,2016,2016/04/06 04:00:00+00,835,8,SHEPPARD AVE E,GATEFORTH DR,15 m West of,Major Arterial,Scarborough,23.0,42,43.795584000000005,-79.230312,Intersection,Intersection Related,Traffic Signal,Clear,Daylight,Dry,Non-Fatal Injury,Pedestrian Collisions,25 to 29,2,,1,0,1,0,0,0,0,1,0,0,0,0,0,132,Malvern (132),12703
6000582754,-8843550.522,5430501.676,80503706,2016,2016/03/26 04:00:00+00,1530,15,FINCH AVE W,BATHURST ST,,Major Arterial,North York,,32,43.773787,-79.442966,Intersection,At Intersection,Traffic Signal,Clear,Daylight,Dry,Non-Fatal Injury,Pedestrian Collisions,75 to 79,2,,1,0,0,0,0,0,0,0,0,0,0,0,0,37,Willowdale West (37),12674
6000584121,-8850271.882000001,5408080.7129999995,80503710,2016,2016/04/06 04:00:00+00,1440,14,ROYAL YORK  RD,SAUNDERS  CRES,3 m North of,Minor Arterial,Etobicoke York,3.0,22,43.628176,-79.503345,Intersection,Non Intersection,No Control,Clear,Daylight,Dry,Non-Fatal Injury,Pedestrian Collisions,55 to 59,2,,1,0,0,0,0,1,0,0,0,0,0,0,0,16,Stonegate-Queensway (16),12705
6000595012,-8841098.599,5420405.496,80503083,2016,2016/04/08 04:00:00+00,902,9,ST CLEMENTS AVE,CALDOW RD,,Local,North York,8.0,53,43.708262,-79.42094,Intersection,Intersection Related,Stop Sign,Clear,Daylight,Dry,Fatal,Angle,60 to 64,3,21.0,0,0,1,0,0,0,0,0,1,1,0,0,0,102,Forest Hill North (102),12707
6000605777,-8839869.632000001,5432793.789,80503947,2016,2016/04/09 04:00:00+00,2111,21,CUMMER AVE,WILLOWDALE AVE,,Minor Arterial,North York,18.0,32,43.788653000000004,-79.4099,Intersection,Intersection Related,Traffic Signal,Clear,Dark,Dry,Fatal,Angle,60 to 64,3,25.0,0,0,1,0,0,0,0,0,0,1,1,0,0,50,Newtonbrook East (50),12709
6000607400,-8851369.158,5425198.667,80503081,2016,2016/04/10 04:00:00+00,326,3,JANE ST,SHEPPARD AVE W,,Major Arterial,Etobicoke York,,31,43.739379,-79.513202,Intersection,Intersection Related,Traffic Signal,Clear,"Dark, artificial",Dry,Fatal,Rear End,45 to 49,3,24.0,0,0,1,0,0,0,0,1,1,1,0,0,0,25,Glenfield-Jane Heights (25),12715
6000608721,-8837277.558,5411567.368,80503894,2016,2016/04/10 04:00:00+00,1130,11,QUEEN ST W,UNIVERSITY AVE,14 m West of,Major Arterial,Toronto and East York,10.0,52,43.650843,-79.386615,Mid-Block,Non Intersection,Streetcar (Stop for),Clear,Daylight,Dry,Non-Fatal Injury,Pedestrian Collisions,35 to 39,2,,1,0,1,0,0,0,0,0,0,1,0,0,0,76,Bay Street Corridor (76),12717
6000614403,-8811998.126,5439427.413,80632441,2016,2016/04/11 04:00:00+00,1145,11,FINCH AVE E,PICKERING TOWN LINE,,Local,Scarborough,25.0,42,43.831656,-79.159526,Intersection,At Intersection,Stop Sign,Clear,Daylight,Wet,Non-Fatal Injury,Turning Movement,75 to 79,2,,0,0,1,0,0,0,0,0,0,1,0,0,0,131,Rouge (131),12719
6000633248,-8842245.969,5423104.073,80506945,2016,2016/04/14 04:00:00+00,831,8,BATHURST ST,KHEDIVE AVE,9 m East of,Major Arterial,North York,8.0,32,43.725783,-79.431247,Intersection,At Intersection,No Control,Clear,Daylight,Dry,Non-Fatal Injury,Approaching,75 to 79,2,,0,0,1,0,0,0,0,1,0,0,0,0,0,39,Bedford Park-Nortown (39),12722
6000688444,-8830325.21,5431109.88,80503949,2016,2016/04/22 04:00:00+00,1727,17,VICTORIA PARK AVE,PATRICK BLVD,,Major Arterial,North York,,42,43.777732,-79.324161,Intersection,Intersection Related,Traffic Signal,Clear,Daylight,Dry,Fatal,Pedestrian Collisions,55 to 59,3,26.0,1,0,1,0,0,0,0,0,0,0,0,0,0,117,L'Amoreaux (117),12724
6000691297,-8848385.572999999,5412052.777000001,80503950,2016,2016/04/23 04:00:00+00,356,3,JANE ST,HUMBERVIEW RD,,Major Arterial,Toronto and East York,4.0,11,43.653998,-79.4864,Intersection,Non Intersection,No Control,Other,Dark,Other,Fatal,SMV Other,20 to 24,3,27.0,0,0,1,0,0,0,0,1,1,1,0,0,0,89,Runnymede-Bloor West Village (89),12726
6000705795,-8835040.481,5432024.96,80632443,2016,2016/04/25 04:00:00+00,1510,15,LESLIE ST,VAN HORNE AVE,,Major Arterial,North York,17.0,33,43.783667,-79.366519,Intersection,At Intersection,Traffic Signal,Clear,Daylight,Dry,Non-Fatal Injury,Pedestrian Collisions,75 to 79,2,,1,0,1,0,0,0,0,0,0,0,0,0,0,47,Don Valley Village (47),12728
6000707918,-8819058.342,5425646.426,80503971,2016,2016/04/25 04:00:00+00,2139,21,EGLINTON AVE E,BEACHELL ST,,Major Arterial,Scarborough,,43,43.742284999999995,-79.222949,Mid-Block,Non Intersection,No Control,Rain,Dark,Wet,Fatal,Pedestrian Collisions,60 to 64,3,28.0,1,0,1,0,0,0,0,0,0,0,0,0,0,139,Scarborough Village (139),12730
6000713724,-8861869.926,5425070.476,80632445,2016,2016/04/26 04:00:00+00,1910,19,CARRIER DR,WOODBINE DOWNS BLVD,,Collector,Etobicoke York,1.0,23,43.738547,-79.60753199999999,Intersection,At Intersection,Stop Sign,Clear,Daylight,Dry,Non-Fatal Injury,Angle,40 to 44,2,,0,0,1,0,0,0,0,0,0,1,0,0,0,1,West Humber-Clairville (1),12732
6000720268,-8841630.261,5408371.691000001,80507568,2016,2016/04/27 04:00:00+00,1805,18,LAKE SHORE BLVD W,BRITISH COLUMBIA RD,324 m East of,Major Arterial,Toronto and East York,10.0,14,43.630068,-79.42571600000001,Mid-Block,Non Intersection,No Control,Clear,Daylight,Dry,Non-Fatal Injury,Approaching,55 to 59,2,,0,0,1,0,0,1,0,0,1,1,0,0,0,82,Niagara (82),12736
6000721028,-8836170.931,5413337.118,80632447,2016,2016/04/27 04:00:00+00,2038,20,JARVIS ST,CARLTON ST,,Major Arterial,Toronto and East York,13.0,51,43.662345,-79.376674,Intersection,At Intersection,Traffic Signal,Clear,"Dark, artificial",Dry,Non-Fatal Injury,Cyclist Collisions,30 to 34,2,,0,1,1,0,0,0,0,0,0,1,1,0,0,73,Moss Park (73),12738
6000731601,-8842637.48,5412720.082,80512232,2016,2016/04/29 04:00:00+00,1325,13,DUFFERIN ST,CROATIA ST,,Major Arterial,Toronto and East York,9.0,14,43.658335,-79.434764,Intersection,At Intersection,Stop Sign,Clear,Daylight,Dry,Non-Fatal Injury,Cyclist Collisions,45 to 49,2,,0,1,0,0,1,0,0,0,0,0,0,0,0,83,Dufferin Grove (83),12740
6000733806,-8835320.784,5419884.384,80512234,2016,2016/04/29 04:00:00+00,1930,19,MILLWOOD RD,MCRAE DR,63 m West of,Collector,North York,15.0,53,43.704878,-79.369037,Mid-Block,Non Intersection,No Control,Clear,Daylight,Dry,Non-Fatal Injury,Other,55 to 59,2,,0,0,1,0,0,0,0,1,0,0,0,0,0,56,Leaside-Bennington (56),12742
6000746605,-8840967.799,5424440.947000001,80542228,2016,2016/05/01 04:00:00+00,2033,20,AVENUE RD,FELBRIGGE AVE,,Major Arterial,North York,8.0,32,43.734460999999996,-79.419765,Mid-Block,Non Intersection,No Control,Rain,"Dark, artificial",Wet,Fatal,Pedestrian Collisions,90 to 94,3,29.0,1,0,1,0,0,0,0,0,0,0,0,0,0,39,Bedford Park-Nortown (39),12232
6000754658,-8842837.076,5416330.708,80730465,2016,2016/05/03 04:00:00+00,605,6,OAKWOOD AVE,GLENHURST AVE,,Minor Arterial,Toronto and East York,9.0,13,43.681796000000006,-79.436557,Intersection,At Intersection,No Control,Clear,"Dawn, artificial",Dry,Non-Fatal Injury,Turning Movement,55 to 59,2,,0,0,1,1,0,0,0,0,0,1,0,0,0,107,Oakwood Village (107),12260
6000754675,-8818604.826,5425773.392999999,80632451,2016,2016/05/03 04:00:00+00,555,5,MARKHAM RD,EGLINTON AVE E,1 m North of,Major Arterial,Scarborough,,43,43.743109000000004,-79.218875,Intersection,Intersection Related,No Control,Clear,Dawn,Dry,Non-Fatal Injury,Pedestrian Collisions,unknown,2,,1,0,0,0,1,0,0,0,0,0,0,0,0,139,Scarborough Village (139),12243
6000755736,-8826401.421,5414937.908,80504003,2016,2016/05/03 04:00:00+00,948,9,3 SPRUCE HILL RD,,,Local,Toronto and East York,19.0,55,43.672746999999994,-79.288913,Mid-Block,Non Intersection,No Control,Clear,Daylight,Dry,Fatal,Pedestrian Collisions,65 to 69,3,30.0,1,0,1,0,0,0,0,0,0,0,0,0,0,63,The Beaches (63),12380
6000759323,-8822352.842,5436086.171,80632452,2016,2016/05/03 04:00:00+00,1912,19,SCOTTFIELD DR,FINCH AVE E,80 m South of,Local,Scarborough,23.0,42,43.81,-79.252544,Mid-Block,Non Intersection,No Control,Clear,Daylight,Dry,Non-Fatal Injury,SMV Other,25 to 29,2,,0,0,0,1,0,0,0,0,0,0,0,0,0,129,Agincourt North (129),12462
6000775153,-8822220.372000001,5423749.84,80512386,2016,2016/05/06 04:00:00+00,630,6,920 DANFORTH RD,,,Major Arterial,Scarborough,20.0,41,43.729975,-79.251354,Mid-Block,Intersection Related,No Control,Clear,Daylight,Dry,Non-Fatal Injury,Approaching,unknown,2,,0,0,1,0,0,0,0,0,1,1,0,0,0,124,Kennedy Park (124),12556
6000775432,-8836247.407,5411104.446,80512392,2016,2016/05/06 04:00:00+00,755,7,WELLINGTON ST E,YONGE ST,25 m East of,Major Arterial,Toronto and East York,13.0,51,43.647834,-79.377361,Intersection,At/Near Private Drive,No Control,Clear,Daylight,Dry,Non-Fatal Injury,Pedestrian Collisions,30 to 34,2,,1,0,0,0,1,0,0,0,0,0,0,0,0,75,Church-Yonge Corridor (75),12558
6000780145,-8839493.372000001,5410585.551,80512446,2016,2016/05/06 04:00:00+00,2025,20,ADELAIDE ST W,TECUMSETH ST,51 m West of,Collector,Toronto and East York,10.0,14,43.644461,-79.40652,Mid-Block,Non Intersection,No Control,Clear,Dusk,Dry,Non-Fatal Injury,Other,35 to 39,2,,0,0,1,0,0,0,0,1,0,0,0,0,0,82,Niagara (82),12560
6000781338,-8841631.04,5428100.241,80512450,2016,2016/05/07 04:00:00+00,15,1,SHEPPARD AVE W,EASTON RD,14 m East of,Major Arterial,North York,18.0,32,43.758208,-79.425723,Intersection,Intersection Related,No Control,Clear,"Dark, artificial",Dry,Non-Fatal Injury,Pedestrian Collisions,25 to 29,2,,1,0,1,0,0,0,0,0,0,1,0,0,0,38,Lansing-Westgate (38),12562
6000789815,-8833524.532,5413922.339,80512539,2016,2016/05/08 04:00:00+00,1133,11,BROADVIEW AVE,JACK LAYTON WAY,,Minor Arterial,Toronto and East York,14.0,55,43.666148,-79.352901,Intersection,Intersection Related,No Control,Clear,Daylight,Dry,Non-Fatal Injury,Sideswipe,70 to 74,2,,0,0,1,1,0,0,0,0,0,1,0,0,0,68,North Riverdale (68),12564
6000800445,-8853931.51,5427331.187000001,80632454,2016,2016/05/10 04:00:00+00,648,6,FINCH AVE W,SIGNET DR,25 m East of,Major Arterial,Etobicoke York,7.0,31,43.753218,-79.53622,Intersection,At Intersection,Traffic Signal,Clear,Daylight,Dry,Non-Fatal Injury,Cyclist Collisions,30 to 34,2,,0,1,1,0,0,0,0,0,0,0,0,0,0,22,Humbermede (22),12566
6000846295,-8822178.738,5424676.669,80632457,2016,2016/05/17 04:00:00+00,820,8,2632 EGLINTON AVE E,,18 m East of,Major Arterial,Scarborough,,41,43.735991,-79.25098,Mid-Block,Non Intersection,No Control,Clear,Daylight,Dry,Non-Fatal Injury,Pedestrian Collisions,75 to 79,2,,1,0,1,0,0,0,0,1,0,0,0,0,0,124,Kennedy Park (124),12572
6000848793,-8851153.421,5424031.915,80542229,2016,2016/05/17 04:00:00+00,1414,14,JANE ST,TROUTBROOKE DR,,Major Arterial,Etobicoke York,,31,43.731806,-79.511264,Intersection,At Intersection,Traffic Signal,Clear,Daylight,Dry,Fatal,Turning Movement,55 to 59,3,31.0,0,0,1,1,0,0,0,0,0,1,0,0,0,26,Downsview-Roding-CFB (26),12574
6000852828,-8852422.24,5403344.679,80927146,2016,2016/05/18 04:00:00+00,600,6,TWENTY FOURTH STREET,LAKESHORE BOULEVARD,46 m North of,Local,Etobicoke York,3.0,22,43.597373,-79.522662,Mid-Block,Non Intersection,No Control,Clear,Daylight,Dry,Non-Fatal Injury,Pedestrian Collisions,80 to 84,2,,1,0,1,0,0,0,0,0,0,0,0,0,0,18,New Toronto (18),12578
6000853484,-8841513.821,5415928.962,80632460,2016,2016/05/18 04:00:00+00,845,8,580 CHRISTIE ST,,2 m East of,Minor Arterial,Toronto and East York,12.0,13,43.679186,-79.42466999999999,Mid-Block,At/Near Private Drive,No Control,Clear,Daylight,Dry,Non-Fatal Injury,Cyclist Collisions,30 to 34,2,,0,1,1,0,0,0,0,1,0,1,0,0,0,94,Wychwood (94),12581
6000861848,-8850559.754,5420822.682999999,80732212,2016,2016/05/19 04:00:00+00,1200,12,JANE ST,400 S JANE ST RAMP,,Major Arterial,Etobicoke York,5.0,12,43.710971,-79.505931,Intersection,At Intersection,Traffic Signal,Clear,Daylight,Dry,Non-Fatal Injury,Turning Movement,55 to 59,2,,0,0,1,0,0,0,0,0,0,1,0,0,0,28,Rustic (28),12583
6000864386,-8821294.527999999,5436533.379,80632464,2016,2016/05/19 04:00:00+00,2008,20,FINCH AVE E,MARKHAM RD,,Major Arterial,Scarborough,23.0,42,43.812899,-79.243037,Intersection,Intersection Related,Traffic Signal,Clear,Daylight,Dry,Non-Fatal Injury,Rear End,40 to 44,2,,0,0,1,1,0,0,0,0,0,1,0,0,0,132,Malvern (132),12585
6000869081,-8843526.7,5418706.756,80632468,2016,2016/05/20 04:00:00+00,1430,14,EGLINTON AVE W,OAKWOOD AVE,,Major Arterial,North York,,13,43.69723,-79.442752,Intersection,At Intersection,Traffic Signal,Clear,"Daylight, artificial",Dry,Non-Fatal Injury,Pedestrian Collisions,75 to 79,2,,1,0,1,0,0,0,0,0,0,0,0,0,0,107,Oakwood Village (107),12590
6000874773,-8840997.521,5411344.442000001,80632470,2016,2016/05/15 04:00:00+00,30,3,DUNDAS ST W,OSSINGTON AVE,40 m East of,Major Arterial,Toronto and East York,,14,43.649394,-79.42003199999999,Mid-Block,Non Intersection,No Control,Clear,Dark,Dry,Non-Fatal Injury,Cyclist Collisions,unknown,2,,0,1,1,0,0,0,0,0,0,0,0,0,0,81,Trinity-Bellwoods (81),12569
6000875073,-8815445.468,5438965.405,80632471,2016,2016/05/21 04:00:00+00,1300,13,REESOR RD,OLD FINCH AVE,400 m North of,Collector,Scarborough,25.0,42,43.828662,-79.190494,Mid-Block,Non Intersection,No Control,Clear,Daylight,Dry,Non-Fatal Injury,SMV Other,55 to 59,2,,0,0,0,1,0,0,0,0,0,0,0,0,0,131,Rouge (131),12591
6000883005,-8825781.482,5417940.947000001,80632474,2016,2016/05/22 04:00:00+00,1815,18,DANFORTH AVE,PHARMACY AVE,,Major Arterial,Scarborough,20.0,41,43.692256,-79.283344,Intersection,At Intersection,Traffic Signal,Clear,Daylight,Dry,Non-Fatal Injury,Pedestrian Collisions,20 to 24,2,,1,0,1,0,0,0,0,1,0,0,0,0,0,121,Oakridge (121),12594
6000894195,-8861038.48,5423343.766,80542277,2016,2016/05/24 04:00:00+00,1350,13,HIGHWAY 27  N,HUMBER COLLEGE BLVD,,Major Arterial,Etobicoke York,1.0,23,43.727339,-79.600063,Mid-Block,Non Intersection,No Control,Clear,Daylight,Dry,Fatal,Rear End,70 to 74,3,32.0,0,0,1,0,1,0,0,1,1,1,0,0,0,1,West Humber-Clairville (1),12599
6000897819,-8860539.101,5421781.408,80632477,2016,2016/05/25 04:00:00+00,13,1,HIGHWAY 27  N,REXDALE BLVD,20 m South of,Major Arterial,Etobicoke York,1.0,23,43.717196,-79.595577,Intersection,At Intersection,Traffic Signal,Clear,"Dark, artificial",Dry,Non-Fatal Injury,Rear End,55 to 59,2,,0,0,1,0,1,0,0,0,1,1,0,0,0,1,West Humber-Clairville (1),12602
6000901714,-8842845.536,5409698.897000001,80565161,2016,2016/05/25 04:00:00+00,1525,15,182 JAMESON AVE,,3 m East of,Minor Arterial,Toronto and East York,4.0,14,43.638697,-79.436633,Intersection,Non Intersection,No Control,Clear,Daylight,Dry,Non-Fatal Injury,Pedestrian Collisions,5 to 9,2,,1,0,1,0,0,0,0,1,0,0,0,0,0,85,South Parkdale (85),12607