ACCNUM,X,Y,Index_,YEAR,DATE,TIME,HOUR,STREET1,STREET2,OFFSET,ROAD_CLASS,District,WardNum,Division,LATITUDE,LONGITUDE,LOCCOORD,ACCLOC,TRAFFCTL,VISIBILITY,LIGHT,RDSFCOND,ACCLASS,IMPACTYPE,INVAGE,INJURY,FATAL_NO,PEDESTRIAN,CYCLIST,AUTOMOBILE,MOTORCYCLE,TRUCK,TRSN_CITY_VEH,EMERG_VEH,PASSENGER,SPEEDING,AG_DRIV,REDLIGHT,ALCOHOL,DISABILITY,Hood_ID,Neighbourhood,ObjectId
6000916730,-8860584.965,5425630.092999999,80771136,2016,2016/05/18 04:00:00+00,400,4,ALBION RD,MARTIN GROVE RD,10 m West of,Major Arterial,Etobicoke York,1.0,23,43.742179,-79.595989,Mid-Block,Non Intersection,No Control,Clear,"Dark, artificial",Dry,Non-Fatal Injury,Pedestrian Collisions,35 to 39,2,,1,0,1,0,0,0,0,0,0,0,0,0,0,1,West Humber-Clairville (1),12576
6000917027,-8818981.086000001,5426991.375,80564862,2016,2016/05/27 04:00:00+00,1953,19,MARKHAM RD,BLAKEMANOR BLVD,,Major Arterial,Scarborough,24.0,43,43.751013,-79.222255,Intersection,At Intersection,Traffic Signal,Clear,Daylight,Dry,Non-Fatal Injury,Pedestrian Collisions,40 to 44,2,,1,0,1,0,0,1,0,0,0,0,0,0,0,137,Woburn (137),12610
6000917745,-8821556.129,5427679.334,80542494,2016,2016/05/27 04:00:00+00,2150,21,LAWRENCE AVE E,MCCOWAN RD,,Major Arterial,Scarborough,,43,43.755477,-79.245387,Intersection,At Intersection,Traffic Signal,Clear,"Dark, artificial",Dry,Non-Fatal Injury,Turning Movement,65 to 69,2,,0,0,1,1,0,0,0,1,0,1,1,0,0,127,Bendale (127),12613
6000920923,-8850513.89,5420545.942000001,80543287,2016,2016/05/28 04:00:00+00,1150,11,JANE ST,MAPLE LEAF DR,,Major Arterial,Etobicoke York,5.0,12,43.709174,-79.50551899999999,Intersection,At Intersection,Traffic Signal,Clear,Daylight,Dry,Non-Fatal Injury,Turning Movement,60 to 64,2,,0,0,1,1,0,0,0,0,0,1,0,0,0,28,Rustic (28),12616
6000923025,-8857071.388,5406634.722,80542824,2016,2016/05/28 04:00:00+00,1800,18,THE WEST MALL,WESTSIDE DR,,Minor Arterial,Etobicoke York,3.0,22,43.618773,-79.564426,Mid-Block,Non Intersection,No Control,Clear,Daylight,Dry,Fatal,Approaching,65 to 69,3,33.0,0,0,1,0,0,0,0,1,1,1,0,0,0,14,Islington-City Centre West (14),12619
6000929645,-8839397.415,5414701.973999999,80542591,2016,2016/05/29 04:00:00+00,1755,17,SPADINA RD,BERNARD AVE,90 m South of,Minor Arterial,Toronto and East York,11.0,53,43.671214,-79.405658,Mid-Block,At/Near Private Drive,No Control,Clear,Daylight,Dry,Non-Fatal Injury,Turning Movement,30 to 34,2,,0,0,1,1,0,0,0,1,0,1,0,0,0,95,Annex (95),12624
6000934627,-8836893.728,5412090.933999999,80542609,2016,2016/05/30 04:00:00+00,1250,12,BAY ST,HAGERMAN ST,,Major Arterial,Toronto and East York,,52,43.654246,-79.383167,Intersection,At Intersection,Traffic Signal,Clear,Daylight,Dry,Non-Fatal Injury,Turning Movement,50 to 54,2,,0,0,1,1,0,0,0,1,0,1,0,0,0,76,Bay Street Corridor (76),12627
6000936555,-8853424.45,5402962.863,80564905,2016,2016/05/30 04:00:00+00,1725,17,LAKE SHORE BLVD W,THIRTY THIRD ST,50 m East of,Major Arterial,Etobicoke York,3.0,22,43.594889,-79.531665,Mid-Block,Non Intersection,No Control,Clear,Daylight,Dry,Non-Fatal Injury,Rear End,70 to 74,2,,0,0,1,0,0,0,0,1,0,0,0,0,0,19,Long Branch (19),12631
6000936557,-8846274.176,5417303.13,80542830,2016,2016/05/30 04:00:00+00,1728,17,4 EWART AVE,,,Local,Etobicoke York,5.0,12,43.688113,-79.467433,Intersection,Non Intersection,No Control,Clear,Daylight,Dry,Fatal,Other,65 to 69,3,34.0,0,0,1,0,0,0,0,0,0,0,0,0,0,110,Keelesdale-Eglinton West (110),12632
6000942671,-8831230.572,5425043.975,80542290,2016,2016/05/31 04:00:00+00,1441,14,DON VALLEY PARKWAY  S,LAWRENCE AVE E,,,North York,16.0,33,43.738375,-79.33229399999999,Mid-Block,Non Intersection,No Control,Clear,Daylight,Dry,Fatal,Rear End,70 to 74,3,35.0,0,0,1,0,1,0,0,0,0,0,0,0,0,42,Banbury-Don Mills (42),12634
6000943293,-8836220.134,5420822.067000001,80542697,2016,2016/05/31 04:00:00+00,1600,16,EGLINTON AVE E,BAYVIEW AVE,,Major Arterial,North York,15.0,53,43.710967,-79.377116,Intersection,At Intersection,Traffic Signal,Clear,Daylight,Dry,Non-Fatal Injury,Turning Movement,75 to 79,2,,0,0,1,0,0,0,0,1,0,1,0,0,0,56,Leaside-Bennington (56),12639
6000944060,-8852108.097000001,5419012.235,80542717,2016,2016/05/31 04:00:00+00,1756,17,LAWRENCE AVE W,LITTLE AVE,5 m West of,Major Arterial,Etobicoke York,5.0,12,43.699214000000005,-79.51984,Intersection,At Intersection,Traffic Signal,Clear,Daylight,Dry,Non-Fatal Injury,Pedestrian Collisions,55 to 59,2,,1,0,1,0,0,0,0,1,0,1,0,0,0,113,Weston (113),12644
6000946578,-8848823.838,5405014.153,80542744,2016,2016/06/01 04:00:00+00,240,2,LAKE SHORE BLVD W,MILES RD,30 m West of,Major Arterial,Etobicoke York,3.0,22,43.608233,-79.490337,Intersection,At Intersection,No Control,Clear,"Dark, artificial",Dry,Non-Fatal Injury,SMV Other,25 to 29,2,,0,0,1,0,0,0,0,1,1,1,0,0,0,17,Mimico (includes Humber Bay Shores) (17),12646
6000947584,-8817730.078,5428806.933999999,80565811,2016,2016/06/01 04:00:00+00,836,8,LAWRENCE AVE E,MOSSBANK DR,20 m West of,Major Arterial,Scarborough,24.0,43,43.762793,-79.211017,Intersection,At Intersection,Traffic Signal,Clear,Daylight,Dry,Non-Fatal Injury,Rear End,35 to 39,2,,0,0,1,0,0,0,0,1,1,1,0,0,0,137,Woburn (137),12239
6000951747,-8842725.867,5411409.518999999,80542795,2016,2016/06/01 04:00:00+00,1940,19,DUNDAS ST W,BROCK AVE,,Minor Arterial,Toronto and East York,9.0,11,43.649817,-79.435558,Intersection,At Intersection,Traffic Signal,Clear,Daylight,Dry,Non-Fatal Injury,Cyclist Collisions,30 to 34,2,,0,1,1,0,0,0,0,0,0,0,0,0,0,84,Little Portugal (84),12249
6000956129,-8837236.815,5411439.52,80543379,2016,2016/05/28 04:00:00+00,2005,20,RICHMOND ST W,UNIVERSITY AVE,,Major Arterial,Toronto and East York,10.0,52,43.650012,-79.38624899999999,Intersection,At Intersection,Traffic Signal,Clear,Daylight,Dry,Non-Fatal Injury,Cyclist Collisions,unknown,2,,0,1,1,0,0,0,0,0,0,1,0,0,0,76,Bay Street Corridor (76),12621
6000963645,-8843944.593,5421536.365,80543477,2016,2016/06/03 04:00:00+00,1430,14,LAWRENCE AVE W,MARLEE AVE,,Major Arterial,North York,8.0,32,43.715605,-79.446506,Intersection,At Intersection,Traffic Signal,Clear,Daylight,Dry,Non-Fatal Injury,Rear End,65 to 69,2,,0,0,1,0,0,0,0,1,0,1,0,0,0,31,Yorkdale-Glen Park (31),12780
6000966179,-8856576.238,5410866.147000001,80543515,2016,2016/06/03 04:00:00+00,2131,21,BURNHAMTHORPE RD,THE EAST MALL,,Major Arterial,Etobicoke York,2.0,22,43.646285,-79.559978,Intersection,At Intersection,Traffic Signal,Clear,"Dark, artificial",Dry,Non-Fatal Injury,Pedestrian Collisions,60 to 64,2,,1,0,1,0,0,0,0,1,0,1,0,0,0,14,Islington-City Centre West (14),12921
6000970728,-8828064.311,5425492.497,80543543,2016,2016/06/04 04:00:00+00,1525,15,PHARMACY AVE,JANET BLVD,37 m South of,Minor Arterial,Scarborough,21.0,41,43.741285999999995,-79.303851,Mid-Block,Non Intersection,No Control,Clear,Daylight,Dry,Non-Fatal Injury,Pedestrian Collisions,30 to 34,2,,1,0,1,0,0,0,0,0,0,1,0,0,0,119,Wexford/Maryvale (119),12923
6000971668,-8849667.974,5404100.516,80543556,2016,2016/06/04 04:00:00+00,1822,18,LAKE SHORE BLVD W,DWIGHT AVE,,Major Arterial,Etobicoke York,3.0,22,43.60229,-79.49792,Intersection,At Intersection,Stop Sign,Clear,Daylight,Dry,Non-Fatal Injury,Turning Movement,unknown,2,,0,0,1,1,0,0,0,1,0,0,0,0,0,18,New Toronto (18),12928
6000978198,-8836921.669,5410678.927999999,80564998,2016,2016/06/05 04:00:00+00,1937,19,UNIVERSITY AVE,FRONT ST W,9 m South of,Minor Arterial,Toronto and East York,10.0,52,43.645068,-79.383418,Intersection,Non Intersection,Stop Sign,Clear,"Dusk, artificial",Wet,Non-Fatal Injury,Rear End,55 to 59,2,,0,0,1,1,0,0,0,0,0,1,0,0,0,77,Waterfront Communities-The Island (77),12930
6000983076,-8824065.047,5424091.382,80545827,2016,2016/06/06 04:00:00+00,1435,14,KENNEDY RD,EGLINTON AVE E,,Major Arterial,Scarborough,,41,43.732192,-79.267925,Intersection,At Intersection,Traffic Signal,Clear,Daylight,Dry,Fatal,Turning Movement,65 to 69,3,44.0,0,0,1,0,0,0,0,1,0,1,1,0,0,124,Kennedy Park (124),12935
6000995123,-8834452.826,5416750.482000001,80565024,2016,2016/06/08 04:00:00+00,1048,10,DON VALLEY PARKWAY  N,BAYVIEW BLOOR DVP N RAMP,120 m South of,,Toronto and East York,14.0,54,43.684523,-79.36124000000001,Mid-Block,Non Intersection,No Control,Clear,Daylight,Dry,Non-Fatal Injury,SMV Other,25 to 29,2,,0,0,0,1,0,0,0,0,1,1,0,0,0,57,Broadview North (57),12936
6001000870,-8837686.1,5411106.137999999,80562727,2016,2016/06/09 04:00:00+00,837,8,ADELAIDE ST W,JOHN ST,,Major Arterial,Toronto and East York,10.0,52,43.647845000000004,-79.39028499999999,Intersection,Intersection Related,Traffic Signal,Clear,Daylight,Dry,Non-Fatal Injury,Cyclist Collisions,50 to 54,2,,0,1,1,0,0,0,0,0,0,0,0,0,0,77,Waterfront Communities-The Island (77),12938
6001001689,-8836378.207,5412019.39,80562735,2016,2016/06/09 04:00:00+00,1030,10,VICTORIA ST,SHUTER ST,58 m South of,Collector,Toronto and East York,13.0,51,43.653781,-79.378536,Mid-Block,Non Intersection,No Control,Clear,Daylight,Dry,Non-Fatal Injury,Pedestrian Collisions,80 to 84,2,,1,0,1,0,0,0,0,0,0,0,0,0,0,75,Church-Yonge Corridor (75),12940
6001025245,-8852507.177000001,5410613.241,80543028,2016,2016/06/12 04:00:00+00,2223,22,BLOOR ST W,ISLINGTON AVE,,Major Arterial,Etobicoke York,3.0,22,43.644641,-79.523425,Intersection,At Intersection,Traffic Signal,Clear,"Dark, artificial",Dry,Non-Fatal Injury,Angle,55 to 59,2,,0,0,1,0,0,0,0,1,0,1,1,0,0,16,Stonegate-Queensway (16),12943
6001035189,-8835893.188,5410968.757999999,80543120,2016,2016/06/14 04:00:00+00,1246,12,58 THE ESPLANADE,,45 m West of,Collector,Toronto and East York,,51,43.646952,-79.374179,Mid-Block,Non Intersection,No Control,Clear,Daylight,Dry,Non-Fatal Injury,Cyclist Collisions,30 to 34,2,,0,1,1,0,0,0,0,0,0,0,0,0,0,77,Waterfront Communities-The Island (77),12945
6001035774,-8837908.627999999,5410005.771000001,80543762,2016,2016/06/14 04:00:00+00,1415,14,BREMNER BLVD,SPADINA AVE,,Minor Arterial,Toronto and East York,10.0,52,43.640692,-79.392284,Mid-Block,Non Intersection,No Control,Clear,Daylight,Dry,Fatal,Pedestrian Collisions,45 to 49,3,36.0,1,0,1,0,0,0,0,0,0,1,0,0,0,77,Waterfront Communities-The Island (77),12948
6001039195,-8821790.567,5427621.694,80542828,2016,2016/06/15 04:00:00+00,37,3,LAWRENCE AVE E,VALPARAISO AVE,,Major Arterial,Scarborough,21.0,43,43.755103000000005,-79.247493,Mid-Block,Non Intersection,No Control,Clear,"Dark, artificial",Dry,Fatal,Pedestrian Collisions,70 to 74,3,37.0,1,0,1,0,0,0,0,0,0,0,0,0,0,127,Bendale (127),12950
6001041986,-8836369.636,5411497.52,80543169,2016,2016/06/15 04:00:00+00,1231,12,YONGE ST,ADELAIDE ST E,11 m North of,Major Arterial,Toronto and East York,13.0,51,43.650389000000004,-79.37845899999999,Intersection,Intersection Related,Traffic Controller,Clear,Daylight,Dry,Non-Fatal Injury,Rear End,50 to 54,2,,0,0,1,1,0,0,0,0,0,1,0,0,0,75,Church-Yonge Corridor (75),12952
6001043780,-8838885.345,5431910.859,80543183,2016,2016/06/15 04:00:00+00,1644,16,FINCH AVE E,GARVIN  MEWS,143 m West of,Major Arterial,North York,18.0,32,43.782927,-79.40105799999999,Mid-Block,Non Intersection,No Control,Clear,Daylight,Dry,Non-Fatal Injury,Pedestrian Collisions,40 to 44,2,,1,0,1,0,0,0,0,0,0,0,0,0,0,51,Willowdale East (51),12954
6001053517,-8823225.921,5421546.993,80542831,2016,2016/06/17 04:00:00+00,303,3,DANFORTH RD,ST CLAIR AVE E,92.1 m south,Minor Arterial,Scarborough,20.0,41,43.715674,-79.260387,Mid-Block,Non Intersection,No Control,Clear,"Dark, artificial",Dry,Fatal,Pedestrian Collisions,unknown,3,38.0,1,0,1,0,0,0,0,0,0,0,0,0,0,120,Clairlea-Birchmount (120),12956
6001054585,-8843710.154,5416250.204,80563012,2016,2016/06/17 04:00:00+00,855,8,DUFFERIN ST,CLOVERLAWN AVE,,Major Arterial,Toronto and East York,9.0,13,43.681273,-79.4444,Intersection,Intersection Related,No Control,Clear,Daylight,Dry,Non-Fatal Injury,Pedestrian Collisions,75 to 79,2,,1,0,0,0,0,1,0,0,0,1,0,0,0,92,Corso Italia-Davenport (92),12958
6001057996,-8845847.822999999,5418961.732000001,80632030,2016,2016/06/17 04:00:00+00,1737,17,CALEDONIA RD,CASTLEFIELD AVE,35 m North of,Minor Arterial,North York,8.0,13,43.698886,-79.463603,Mid-Block,Non Intersection,No Control,Clear,Daylight,Dry,Non-Fatal Injury,Turning Movement,40 to 44,2,,0,0,1,1,0,0,0,0,1,1,0,0,0,108,Briar Hill-Belgravia (108),12960
6001066822,-8827718.663999999,5428558.776000001,80563138,2016,2016/06/19 04:00:00+00,20,2,ELLESMERE RD,WARDEN AVE,,Major Arterial,Scarborough,21.0,41,43.761183,-79.30074599999999,Intersection,Intersection Related,Traffic Signal,Clear,"Dark, artificial",Dry,Non-Fatal Injury,Angle,75 to 79,2,,0,0,1,0,0,0,0,1,0,1,1,0,0,119,Wexford/Maryvale (119),12967
6001074563,-8821936.618999999,5424957.078,80632032,2016,2016/06/20 04:00:00+00,910,9,540 BRIMLEY RD,,1 m North of,Major Arterial,Scarborough,21.0,43,43.737811,-79.248805,Intersection,At/Near Private Drive,No Control,Clear,Daylight,Dry,Non-Fatal Injury,Turning Movement,55 to 59,2,,0,0,1,1,0,0,0,0,0,0,0,0,0,138,Eglinton East (138),12969
6001076116,-8820665.239,5433800.951,80563230,2016,2016/06/20 04:00:00+00,1307,13,ORMEROD ST,VERNE CRES,32 m East of,Local,Scarborough,23.0,42,43.795184000000006,-79.23738399999999,Intersection,Intersection Related,No Control,Clear,Daylight,Dry,Non-Fatal Injury,Cyclist Collisions,65 to 69,2,,0,1,1,0,0,0,0,0,0,1,0,0,0,132,Malvern (132),12971
6001084832,-8818513.099,5429189.819,80563304,2016,2016/06/21 04:00:00+00,1621,16,81 JANRAY DR,,,Local,Scarborough,24.0,43,43.765277000000005,-79.218051,Mid-Block,Private Driveway,No Control,Clear,Daylight,Dry,Non-Fatal Injury,Pedestrian Collisions,30 to 34,2,,1,0,1,0,0,0,0,0,0,0,0,0,0,137,Woburn (137),12973
6001086045,-8850213.216,5425477.859,80563320,2016,2016/06/21 04:00:00+00,2030,20,SHEPPARD AVE W,NORTHOVER ST,100 m West of,Major Arterial,Etobicoke York,,31,43.741191,-79.502818,Mid-Block,Non Intersection,No Control,Clear,Daylight,Dry,Non-Fatal Injury,Rear End,65 to 69,2,,0,0,1,0,0,0,0,0,0,1,0,0,0,25,Glenfield-Jane Heights (25),12975
6001088034,-8844394.658,5417750.044,80543765,2016,2016/06/22 04:00:00+00,655,6,DYNEVOR RD,KIRKNEWTON RD,,Local,Toronto and East York,9.0,13,43.691016,-79.450549,Mid-Block,Non Intersection,No Control,Clear,Daylight,Dry,Fatal,Pedestrian Collisions,65 to 69,3,39.0,1,0,1,0,0,0,0,1,0,0,0,0,0,109,Caledonia-Fairbank (109),12979
6001090221,-8835567.912999999,5429971.207,80563345,2016,2016/06/22 04:00:00+00,1305,13,SHEPPARD AVE E,PROVOST DR,,Major Arterial,North York,17.0,33,43.770346,-79.371257,Intersection,At Intersection,Traffic Signal,Clear,Daylight,Dry,Non-Fatal Injury,Pedestrian Collisions,85 to 89,2,,1,0,1,0,0,0,0,0,0,0,0,0,0,52,Bayview Village (52),12981
6001093797,-8851708.015,5421954.22,80565672,2016,2016/06/22 04:00:00+00,2315,23,120 BEVERLY HILLS DR,,65 m South of,Collector,Etobicoke York,7.0,31,43.718318,-79.516246,Mid-Block,Non Intersection,No Control,Clear,"Dark, artificial",Dry,Non-Fatal Injury,Pedestrian Collisions,30 to 34,2,,1,0,1,0,0,0,0,1,0,0,0,0,0,26,Downsview-Roding-CFB (26),12984
6001099708,-8854874.162999999,5408685.134,80563421,2016,2016/06/23 04:00:00+00,1949,19,DUNDAS ST W,SHORNCLIFFE RD,,Major Arterial,Etobicoke York,3.0,22,43.632106,-79.544688,Intersection,At Intersection,Traffic Controller,Clear,Daylight,Dry,Non-Fatal Injury,Pedestrian Collisions,65 to 69,2,,1,0,0,0,1,0,0,0,0,1,0,0,0,14,Islington-City Centre West (14),12986
6001102094,-8855955.41,5405973.083,80632033,2016,2016/06/24 04:00:00+00,707,7,THE QUEENSWAY,427 C S QUEENSWAY RAMP,200 m West of,Major Arterial,Etobicoke York,3.0,22,43.614470000000004,-79.554401,Mid-Block,Non Intersection,No Control,Clear,Daylight,Dry,Non-Fatal Injury,SMV Other,30 to 34,2,,0,0,0,1,0,0,0,0,1,1,0,0,0,14,Islington-City Centre West (14),12987
6001104795,-8859381.49,5413583.02,80563451,2016,2016/06/24 04:00:00+00,1445,14,720 RENFORTH DR,,3 m South of,Minor Arterial,Etobicoke York,2.0,22,43.663942999999996,-79.585178,Mid-Block,At/Near Private Drive,Pedestrian Crossover,Clear,Daylight,Dry,Non-Fatal Injury,Pedestrian Collisions,20 to 24,2,,1,0,1,0,0,0,0,0,0,1,0,0,0,11,Eringate-Centennial-West Deane (11),12989
6001117319,-8824511.772,5437300.271000001,80632037,2016,2016/06/26 04:00:00+00,1300,13,MCCOWAN RD,MCNICOLL AVE,,Major Arterial,Scarborough,23.0,42,43.81787,-79.271938,Intersection,At Intersection,Traffic Signal,Clear,Daylight,Dry,Non-Fatal Injury,Sideswipe,70 to 74,2,,0,0,1,0,0,0,0,1,0,0,0,0,0,130,Milliken (130),12993
6001119393,-8844849.955,5410049.302999999,80563588,2016,2016/06/26 04:00:00+00,1948,19,PARKSIDE DR,SPRING RD,,Major Arterial,Toronto and East York,4.0,11,43.640975,-79.454639,Intersection,Intersection Related,Traffic Signal,Clear,Daylight,Dry,Non-Fatal Injury,Pedestrian Collisions,60 to 64,2,,1,0,1,0,0,0,0,0,0,0,0,0,0,87,High Park-Swansea (87),12995
6001125472,-8832786.484,5430276.443,80563631,2016,2016/06/27 04:00:00+00,1745,17,DON MILLS RD,HELEN LU  RD,,Major Arterial,North York,17.0,33,43.772326,-79.346271,Intersection,Intersection Related,Traffic Signal,Clear,Daylight,Dry,Non-Fatal Injury,Turning Movement,50 to 54,2,,0,0,1,1,0,0,0,0,0,0,0,0,0,53,Henry Farm (53),12997
6001139376,-8847924.376,5416035.323,80563740,2016,2016/06/29 04:00:00+00,1908,19,99 HUMBER BLVD,,,Collector,Etobicoke York,5.0,12,43.679877000000005,-79.48225699999999,Mid-Block,At Intersection,No Control,Clear,Daylight,Dry,Non-Fatal Injury,Cyclist Collisions,35 to 39,2,,0,1,1,0,0,0,0,0,0,0,0,0,0,111,Rockcliffe-Smythe (111),12999
6001139914,-8860923.821,5425718.846,80563744,2016,2016/06/29 04:00:00+00,2050,20,ALBION RD,SILVERSTONE DR,75 m East of,Major Arterial,Etobicoke York,1.0,23,43.742754999999995,-79.59903299999999,Mid-Block,Non Intersection,No Control,Clear,"Dusk, artificial",Dry,Non-Fatal Injury,SMV Other,65 to 69,2,,0,0,1,0,0,0,0,0,0,0,0,0,0,1,West Humber-Clairville (1),13000
6001143418,-8850858.758,5422352.532000001,80563775,2016,2016/06/30 04:00:00+00,1143,11,JANE ST,WILSON AVE,5 m South of,Major Arterial,Etobicoke York,,31,43.720904,-79.508617,Intersection,Intersection Related,Traffic Signal,Clear,Daylight,Dry,Non-Fatal Injury,Cyclist Collisions,30 to 34,2,,0,1,0,0,1,0,0,0,0,0,0,0,0,26,Downsview-Roding-CFB (26),12110
6001148788,-8832931.645,5411543.982999999,80563820,2016,2016/07/01 04:00:00+00,405,4,F G GARDINER XY  E,DON VALLEY PARKWAY  N,,Major Arterial,Toronto and East York,,51,43.650690999999995,-79.347575,Mid-Block,Non Intersection,No Control,Clear,"Dark, artificial",Dry,Non-Fatal Injury,SMV Other,35 to 39,2,,0,0,0,1,0,0,0,0,0,0,0,0,0,77,Waterfront Communities-The Island (77),12121
6001154162,-8849894.731,5428529.491,80565903,2016,2016/07/02 04:00:00+00,244,2,FINCH AVE W,SENTINEL RD,,Major Arterial,Etobicoke York,7.0,31,43.760993,-79.499957,Intersection,At Intersection,Traffic Signal,Clear,"Dark, artificial",Dry,Non-Fatal Injury,Pedestrian Collisions,35 to 39,2,,1,0,1,0,0,0,0,0,1,1,0,0,0,27,York University Heights (27),12244
6001157650,-8834696.504,5410802.766,80545838,2016,2016/07/02 04:00:00+00,1812,18,QUEENS QUAY E,BONNYCASTLE ST,65.6 M E of,Minor Arterial,Toronto and East York,10.0,51,43.645872999999995,-79.36342900000001,Mid-Block,Non Intersection,No Control,Clear,Daylight,Dry,Fatal,SMV Other,35 to 39,3,45.0,0,0,1,0,0,0,0,1,1,1,0,0,0,77,Waterfront Communities-The Island (77),12261
6001171035,-8858208.516,5423465.4629999995,80545162,2016,2016/07/04 04:00:00+00,2055,20,KIPLING AVE,WESTHUMBER BLVD,,Major Arterial,Etobicoke York,1.0,23,43.728128999999996,-79.574641,Intersection,At Intersection,Traffic Signal,Clear,"Dusk, artificial",Dry,Fatal,Pedestrian Collisions,70 to 74,3,40.0,1,0,1,0,0,0,0,0,1,1,0,0,0,4,Rexdale-Kipling (4),12379
6001174210,-8857163.894,5424857.701,80545165,2016,2016/07/05 04:00:00+00,1120,11,ALBION RD,ISLINGTON AVE,,Major Arterial,Etobicoke York,1.0,23,43.737165999999995,-79.56525699999999,Intersection,At Intersection,Traffic Signal,Clear,Daylight,Dry,Fatal,Pedestrian Collisions,55 to 59,3,43.0,1,0,1,0,0,0,0,0,0,0,0,0,0,3,Thistletown-Beaumond Heights (3),12567
6001174772,-8841408.513,5414699.665,80545160,2016,2016/07/05 04:00:00+00,1247,12,740 DUPONT ST,,,Major Arterial,Toronto and East York,11.0,14,43.671199,-79.42372399999999,Mid-Block,Non Intersection,No Control,Clear,Daylight,Dry,Fatal,Cyclist Collisions,unknown,3,41.0,0,1,0,0,0,0,0,0,0,0,0,0,0,93,Dovercourt-Wallace Emerson-Junction (93),12744
6001177381,-8818604.826,5425773.392999999,80632040,2016,2016/07/05 04:00:00+00,2005,20,EGLINTON AVE E,MARKHAM RD,13 m West of,Major Arterial,Scarborough,,43,43.743109000000004,-79.218875,Intersection,At Intersection,Traffic Signal,Clear,Daylight,Dry,Non-Fatal Injury,Pedestrian Collisions,60 to 64,2,,1,0,1,0,0,0,0,0,0,1,0,0,0,139,Scarborough Village (139),12746
6001183781,-8822710.4,5432012.007999999,80545163,2016,2016/07/06 04:00:00+00,1831,18,401 C W MCCOWAN N RAMP RD,MCCOWAN RD,,Major Arterial,Scarborough,23.0,42,43.783583,-79.255756,Mid-Block,At Intersection,No Control,Clear,Daylight,Dry,Fatal,SMV Other,40 to 44,3,42.0,0,0,1,1,0,0,0,0,1,1,0,0,0,128,Agincourt South-Malvern West (128),12748
6001186326,-8861635.487,5425145.049,80632042,2016,2016/07/07 04:00:00+00,654,6,HIGHWAY 27  N,CARRIER DR,,Major Arterial,Etobicoke York,1.0,23,43.739031,-79.605426,Intersection,At Intersection,Traffic Signal,Clear,Daylight,Dry,Non-Fatal Injury,Rear End,80 to 84,2,,0,0,1,1,0,0,0,0,0,1,0,0,0,1,West Humber-Clairville (1),12752
6001192088,-8829672.099,5423155.215,80565145,2016,2016/07/06 04:00:00+00,2304,23,EGLINTON AVE E,SWIFT DR,12 m West of,Major Arterial,North York,16.0,33,43.726115,-79.318294,Intersection,Intersection Related,Traffic Signal,Clear,"Dark, artificial",Dry,Non-Fatal Injury,Pedestrian Collisions,65 to 69,2,,1,0,1,0,0,0,0,0,0,0,0,0,0,43,Victoria Village (43),12750
6001198953,-8815472.63,5427263.069,80564145,2016,2016/07/08 04:00:00+00,2339,23,GALLOWAY RD,DEARHAM WOOD,31 m North of,Collector,Scarborough,24.0,43,43.752776000000004,-79.190738,Intersection,Intersection Related,Stop Sign,Clear,"Dark, artificial",Dry,Non-Fatal Injury,SMV Other,15 to 19,2,,0,0,1,0,0,0,0,1,1,1,0,0,0,140,Guildwood (140),12754
6001200915,-8836891.947,5414674.271000001,80564156,2016,2016/07/09 04:00:00+00,930,9,CHURCH ST,BLOOR ST E,,Major Arterial,Toronto and East York,11.0,53,43.671034000000006,-79.383151,Intersection,Intersection Related,Traffic Signal,Clear,Daylight,Dry,Non-Fatal Injury,Turning Movement,60 to 64,2,,0,0,1,0,0,0,0,1,0,1,0,0,0,75,Church-Yonge Corridor (75),12757
6001210183,-8829385.896,5434035.061000001,80632044,2016,2016/07/10 04:00:00+00,2024,20,WARDEN AVE,FINCH AVE E,105 m North of,Major Arterial,Scarborough,22.0,42,43.796702,-79.31572299999999,Intersection,Non Intersection,Traffic Signal,Clear,Daylight,Dry,Non-Fatal Injury,Turning Movement,40 to 44,2,,0,0,1,1,0,0,0,0,0,1,0,0,0,117,L'Amoreaux (117),12759
6001210944,-8847806.377999999,5407263.038,80564311,2016,2016/07/10 04:00:00+00,2240,22,LAKE SHORE BLVD W,MARINE PARADE DR,,Major Arterial,Etobicoke York,3.0,22,43.622859000000005,-79.481197,Intersection,At Intersection,Traffic Signal,Clear,"Dark, artificial",Dry,Non-Fatal Injury,Pedestrian Collisions,unknown,2,,1,0,1,0,0,0,0,0,0,0,0,0,0,17,Mimico (includes Humber Bay Shores) (17),12761
6001211373,-8835060.072999999,5412863.336,80564323,2016,2016/07/11 04:00:00+00,27,2,429 DUNDAS ST E,,15 m North of,Major Arterial,Toronto and East York,13.0,51,43.659265999999995,-79.36669499999999,Intersection,Intersection Related,No Control,Clear,"Dark, artificial",Dry,Non-Fatal Injury,Cyclist Collisions,25 to 29,2,,0,1,1,0,0,0,0,1,0,0,0,0,0,73,Moss Park (73),12766