ACCNUM,X,Y,Index_,YEAR,DATE,TIME,HOUR,STREET1,STREET2,OFFSET,ROAD_CLASS,District,WardNum,Division,LATITUDE,LONGITUDE,LOCCOORD,ACCLOC,TRAFFCTL,VISIBILITY,LIGHT,RDSFCOND,ACCLASS,IMPACTYPE,INVAGE,INJURY,FATAL_NO,PEDESTRIAN,CYCLIST,AUTOMOBILE,MOTORCYCLE,TRUCK,TRSN_CITY_VEH,EMERG_VEH,PASSENGER,SPEEDING,AG_DRIV,REDLIGHT,ALCOHOL,DISABILITY,Hood_ID,Neighbourhood,ObjectId
6001219608,-8839451.739,5418943.409,80564407,2016,2016/07/12 04:00:00+00,910,9,AVENUE RD,CHAPLIN CRES,58 m South of,Major Arterial,Toronto and East York,12.0,53,43.698767,-79.40614599999999,Intersection,Non Intersection,Traffic Signal,Clear,Daylight,Dry,Non-Fatal Injury,Cyclist Collisions,50 to 54,2,,0,1,1,0,0,0,0,0,0,0,0,0,0,100,Yonge-Eglinton (100),12768
6001220813,-8833068.456,5417504.492000001,80564418,2016,2016/07/12 04:00:00+00,1235,12,PAPE AVE,COSBURN AVE,15 m South of,Major Arterial,Toronto and East York,14.0,54,43.689421,-79.348804,Intersection,Non Intersection,Traffic Signal,Clear,Daylight,Dry,Non-Fatal Injury,Cyclist Collisions,65 to 69,2,,0,1,1,0,0,0,0,0,0,0,0,0,0,58,Old East York (58),12770
6001222638,-8851096.537,5404098.672,80545824,2016,2016/07/12 04:00:00+00,1710,17,BIRMINGHAM ST,ELSINORE PATH,,Collector,Etobicoke York,3.0,22,43.602278000000005,-79.51075300000001,Intersection,At Intersection,No Control,Clear,Daylight,Dry,Fatal,SMV Other,55 to 59,3,46.0,0,0,1,0,0,0,0,0,0,0,0,0,1,18,New Toronto (18),12771
6001228387,-8850897.831,5422575.878,80564516,2016,2016/07/13 04:00:00+00,1413,14,JANE ST,WILLIAM CRAGG DR,,Major Arterial,Etobicoke York,,31,43.722353999999996,-79.50896800000001,Intersection,Intersection Related,No Control,Clear,Daylight,Dry,Non-Fatal Injury,Turning Movement,60 to 64,2,,0,0,1,1,0,0,0,0,0,1,0,0,0,26,Downsview-Roding-CFB (26),12773
6001230859,-8836275.348,5421264.993,80564557,2016,2016/07/13 04:00:00+00,2035,20,BAYVIEW AVE,BROADWAY AVE,8 m South of,Major Arterial,North York,15.0,53,43.713843,-79.377612,Intersection,At/Near Private Drive,Traffic Signal,Clear,Daylight,Dry,Non-Fatal Injury,Turning Movement,65 to 69,2,,0,0,1,0,0,0,0,1,0,1,0,0,0,56,Leaside-Bennington (56),12776
6001231273,-8837596.043,5412594.526000001,80564559,2016,2016/07/13 04:00:00+00,2205,22,UNIVERSITY AVE,GERRARD ST W,4 m North of,Major Arterial,Toronto and East York,11.0,52,43.657519,-79.389476,Intersection,Non Intersection,Traffic Signal,Clear,"Dark, artificial",Dry,Non-Fatal Injury,Turning Movement,45 to 49,2,,0,0,1,1,0,0,0,0,0,1,0,0,0,76,Bay Street Corridor (76),12778
6001239571,-8830136.635,5436370.475,80564619,2016,2016/07/15 04:00:00+00,630,6,BAMBURGH CRCL,MONTAGUE PL,,Collector,Scarborough,22.0,42,43.811842999999996,-79.322467,Intersection,At Intersection,No Control,Clear,Daylight,Dry,Non-Fatal Injury,Pedestrian Collisions,90 to 94,2,,1,0,1,0,0,0,0,0,0,0,0,0,0,116,Steeles (116),12781
6001249776,-8819321.612,5428347.154,80564710,2016,2016/07/16 04:00:00+00,1821,18,MARKHAM RD,LAWRENCE AVE E,18 m South of,Major Arterial,Scarborough,24.0,43,43.759809999999995,-79.225314,Intersection,Non Intersection,No Control,Clear,Daylight,Dry,Non-Fatal Injury,Pedestrian Collisions,60 to 64,2,,1,0,1,0,0,0,0,0,0,0,0,0,0,137,Woburn (137),12783
6001250602,-8836914.099,5435472.393999999,80632047,2016,2016/07/16 04:00:00+00,2111,21,STEELES AVE E,BESTVIEW DR,2 m North of,Major Arterial,North York,17.0,33,43.806021,-79.38335,Intersection,Intersection Related,No Control,Clear,"Dusk, artificial",Dry,Non-Fatal Injury,Turning Movement,75 to 79,2,,0,0,1,0,0,0,0,1,0,1,0,0,0,49,Bayview Woods-Steeles (49),12786
6001269035,-8838888.685,5410960.603999999,80632051,2016,2016/07/19 04:00:00+00,1850,18,RICHMOND ST W,PORTLAND ST,27 m West of,Major Arterial,Toronto and East York,10.0,14,43.646899,-79.401088,Intersection,At/Near Private Drive,No Control,Clear,Daylight,Dry,Non-Fatal Injury,Cyclist Collisions,50 to 54,2,,0,1,1,0,0,0,0,0,0,1,0,0,0,77,Waterfront Communities-The Island (77),12788
6001283246,-8856964.298,5411931.23,80632056,2016,2016/07/21 04:00:00+00,2127,21,THE EAST MALL,RATHBURN RD,137 m South of,Minor Arterial,Etobicoke York,2.0,22,43.653208,-79.563464,Mid-Block,Non Intersection,No Control,Clear,"Dark, artificial",Dry,Non-Fatal Injury,Cyclist Collisions,65 to 69,2,,0,1,1,0,0,0,0,1,0,0,0,0,0,14,Islington-City Centre West (14),12792
6001283633,-8835932.262,5412513.592999999,80632058,2016,2016/07/21 04:00:00+00,2247,22,JARVIS ST,DUNDAS ST E,7 m North of,Major Arterial,Toronto and East York,13.0,51,43.656993,-79.37453000000001,Intersection,Intersection Related,No Control,Clear,"Dusk, artificial",Dry,Non-Fatal Injury,Pedestrian Collisions,85 to 89,2,,1,0,1,0,0,0,0,0,0,0,0,0,0,73,Moss Park (73),12794
6001284947,-8851697.884,5419146.655,80632060,2016,2016/07/22 04:00:00+00,630,6,LAWRENCE AVE W,WESTON RD,,Major Arterial,Etobicoke York,5.0,12,43.700086999999996,-79.516155,Intersection,At Intersection,Traffic Signal,Clear,"Dawn, artificial",Dry,Non-Fatal Injury,Turning Movement,55 to 59,2,,0,0,1,1,0,0,0,0,0,1,0,0,0,113,Weston (113),12796
6001286776,-8846291.207999999,5414893.891,80632065,2016,2016/07/22 04:00:00+00,1223,12,ST CLAIR AVE W,WESTON RD,,Major Arterial,Etobicoke York,5.0,12,43.672461,-79.467586,Intersection,At Intersection,Traffic Signal,Clear,Daylight,Dry,Non-Fatal Injury,Pedestrian Collisions,55 to 59,2,,1,0,1,0,0,0,0,0,0,1,0,0,0,90,Junction Area (90),12801
6001288485,-8849786.083999999,5418711.529,80632067,2016,2016/07/22 04:00:00+00,1702,17,TRETHEWEY DR,PLATINUM DR,,Minor Arterial,Etobicoke York,5.0,12,43.697261,-79.498981,Intersection,At Intersection,Stop Sign,Clear,Daylight,Dry,Non-Fatal Injury,Angle,50 to 54,2,,0,0,1,1,0,0,0,0,1,1,0,0,0,30,Brookhaven-Amesbury (30),12803
6001289424,-8851856.626,5413188.01,80545851,2016,2016/07/22 04:00:00+00,1948,19,ROYAL YORK RD,STRATH HUMBER CRT,12.5 M S of,Minor Arterial,Etobicoke York,2.0,22,43.661376000000004,-79.517581,Intersection,At Intersection,No Control,Clear,Daylight,Dry,Fatal,Turning Movement,30 to 34,3,47.0,0,0,1,1,0,0,0,1,1,1,0,0,0,9,Edenbridge-Humber Valley (9),12806
6001300022,-8829839.412,5429663.052999999,80565974,2016,2016/07/24 04:00:00+00,1349,13,VICTORIA PARK AVE,HIGHWAY 401 C  W,5 m South of,Major Arterial,North York,,42,43.768347,-79.319797,Mid-Block,Non Intersection,No Control,Clear,Daylight,Dry,Non-Fatal Injury,Cyclist Collisions,55 to 59,2,,0,1,0,1,0,0,0,0,0,0,0,0,0,118,Tam O'Shanter-Sullivan (118),12808
6001301961,-8823456.909,5418746.172,80769198,2016,2016/07/24 04:00:00+00,2030,20,DANFORTH AVE,BIRCHMOUNT RD,130 m East of,Minor Arterial,Scarborough,20.0,41,43.697486,-79.262462,Mid-Block,Non Intersection,No Control,Clear,Dusk,Dry,Non-Fatal Injury,Other,20 to 24,2,,0,0,1,0,0,0,0,1,1,1,0,0,0,122,Birchcliffe-Cliffside (122),12810
6001309573,-8823837.399,5423343.304,80566003,2016,2016/07/25 04:00:00+00,2359,23,KENNEDY RD,MERRIAN RD,,Major Arterial,Scarborough,20.0,41,43.727336,-79.26588000000001,Intersection,At Intersection,Traffic Signal,Clear,"Dark, artificial",Dry,Non-Fatal Injury,Cyclist Collisions,35 to 39,2,,0,1,0,0,0,0,1,0,0,0,0,0,0,124,Kennedy Park (124),12812
6001310916,-8845329.742,5427478.828,80632069,2016,2016/07/26 04:00:00+00,836,8,WILSON HEIGHTS BLVD,CODSELL AVE,5 m South of,Collector,North York,6.0,32,43.754176,-79.458949,Intersection,At Intersection,Stop Sign,Clear,Daylight,Dry,Non-Fatal Injury,Turning Movement,30 to 34,2,,0,0,1,1,0,0,0,0,0,1,0,0,0,34,Bathurst Manor (34),12814
6001326720,-8834870.608,5412504.207,80546837,2016,2016/07/28 04:00:00+00,1450,14,PARLIAMENT ST,SHUTER ST,,Minor Arterial,Toronto and East York,13.0,51,43.656932,-79.364993,Intersection,At Intersection,Traffic Signal,Clear,Daylight,Dry,Fatal,Pedestrian Collisions,80 to 84,3,49.0,1,0,0,0,1,0,0,0,0,0,0,0,0,72,Regent Park (72),12816
6001333715,-8852190.473,5429867.768999999,80632071,2016,2016/07/29 04:00:00+00,1645,16,JANE ST,SHOREHAM DR,121 m North of,Major Arterial,Etobicoke York,7.0,31,43.769675,-79.52058000000001,Mid-Block,Non Intersection,No Control,Clear,Daylight,Dry,Non-Fatal Injury,Cyclist Collisions,50 to 54,2,,0,1,1,0,0,0,0,0,0,0,0,0,0,24,Black Creek (24),12818
6001334259,-8817353.818,5426504.101,80546796,2016,2016/07/29 04:00:00+00,1825,18,KINGSTON RD,GUILDCREST DR,,Major Arterial,Scarborough,24.0,43,43.747851000000004,-79.207637,Intersection,At Intersection,No Control,Clear,Daylight,Dry,Fatal,Pedestrian Collisions,60 to 64,3,48.0,1,0,1,0,0,1,0,0,1,1,0,0,0,140,Guildwood (140),12822
6001341956,-8848822.057,5408203.901000001,80769394,2016,2016/07/30 04:00:00+00,2248,22,PARK LAWN RD,THE QUEENSWAY,,Major Arterial,Etobicoke York,3.0,22,43.628977,-79.490321,Intersection,At Intersection,Traffic Signal,Clear,"Dark, artificial",Dry,Non-Fatal Injury,SMV Other,15 to 19,2,,0,0,1,0,0,0,0,1,0,1,0,0,0,16,Stonegate-Queensway (16),12824
6001345276,-8815655.194,5431917.951,80566257,2016,2016/07/31 04:00:00+00,1355,13,MORNINGSIDE AVE,ELLESMERE RD,282 m South of,Major Arterial,Scarborough,,43,43.782973,-79.192378,Mid-Block,Non Intersection,No Control,Rain,Daylight,Wet,Non-Fatal Injury,Turning Movement,60 to 64,2,,0,0,1,0,0,0,0,1,0,1,0,0,0,134,Highland Creek (134),12827
6001348693,-8818027.301,5437296.722,80566288,2016,2016/08/01 04:00:00+00,156,1,MORNINGSIDE AVE,HALFWAY AVE,15 m East of,Minor Arterial,Scarborough,25.0,42,43.817847,-79.213687,Intersection,At Intersection,No Control,Clear,"Dark, artificial",Dry,Non-Fatal Injury,Rear End,45 to 49,2,,0,0,1,0,0,1,0,1,0,1,0,0,0,131,Rouge (131),12832
6001358700,-8836199.762,5410947.067000001,80632073,2016,2016/08/02 04:00:00+00,1745,17,FRONT ST E,YONGE ST,5 m North of,Major Arterial,Toronto and East York,,51,43.646811,-79.376933,Intersection,Intersection Related,Traffic Signal,Clear,Daylight,Dry,Non-Fatal Injury,Rear End,55 to 59,2,,0,0,1,1,0,0,0,0,0,1,0,0,0,77,Waterfront Communities-The Island (77),12004
6001359904,-8837861.874,5410140.829,80632076,2016,2016/08/02 04:00:00+00,2112,21,BLUE JAYS WAY,NAVY WHARF CRT,,Minor Arterial,Toronto and East York,10.0,52,43.64157,-79.391864,Intersection,At Intersection,Stop Sign,Clear,"Dark, artificial",Dry,Non-Fatal Injury,Pedestrian Collisions,55 to 59,2,,1,0,1,0,0,0,0,1,0,1,0,0,0,77,Waterfront Communities-The Island (77),12007
6001363275,-8842020.881000001,5433916.771000001,80632078,2016,2016/08/03 04:00:00+00,1154,11,STEELES AVE W,HILDA AVE,5 m North of,Major Arterial,North York,18.0,32,43.795935,-79.429225,Intersection,At Intersection,Traffic Signal,Clear,Daylight,Dry,Non-Fatal Injury,Turning Movement,60 to 64,2,,0,0,1,0,0,0,0,0,0,1,0,0,0,36,Newtonbrook West (36),12009
6001365744,-8818972.626,5431225.667,80632082,2016,2016/08/03 04:00:00+00,1822,18,ELLESMERE RD,HELICON GT,,Major Arterial,Scarborough,24.0,43,43.778483,-79.222179,Intersection,At Intersection,Traffic Signal,Clear,Daylight,Dry,Non-Fatal Injury,Turning Movement,60 to 64,2,,0,0,1,0,0,0,0,0,0,1,1,0,0,135,Morningside (135),12011
6001365949,-8845860.624,5427525.833,80632084,2016,2016/08/03 04:00:00+00,1858,18,DUFFERIN ST,WATERLOO AVE,,Local,North York,6.0,32,43.754481,-79.463718,Intersection,At Intersection,Stop Sign,Clear,Daylight,Dry,Non-Fatal Injury,Turning Movement,40 to 44,2,,0,0,1,1,0,0,0,0,0,1,0,0,0,34,Bathurst Manor (34),12013
6001376721,-8841256.561,5431188.664,80546838,2016,2016/08/05 04:00:00+00,1225,12,FINCH AVE W,TALBOT RD,40 m East,Major Arterial,North York,18.0,32,43.778242999999996,-79.422359,Mid-Block,Non Intersection,No Control,Clear,Daylight,Dry,Fatal,Pedestrian Collisions,80 to 84,3,50.0,1,0,1,0,0,0,0,0,0,0,0,0,0,37,Willowdale West (37),12015
6001378926,-8862290.268,5422305.552999999,80546945,2016,2016/08/05 04:00:00+00,1829,18,REXDALE BLVD,HUMBERWOOD BLVD,,Major Arterial,Etobicoke York,1.0,23,43.720599,-79.611308,Mid-Block,Non Intersection,No Control,Clear,Daylight,Dry,Fatal,Approaching,45 to 49,3,51.0,0,0,0,1,1,0,0,0,1,1,0,0,0,1,West Humber-Clairville (1),12017
6001385962,-8832858.618999999,5411563.829,80632091,2016,2016/08/06 04:00:00+00,2029,20,LAKE SHORE BLVD E,DON ROADWAY,9 m West of,Major Arterial,Toronto and East York,14.0,55,43.65082,-79.346919,Intersection,At Intersection,Traffic Signal,Clear,Daylight,Dry,Non-Fatal Injury,Turning Movement,50 to 54,2,,0,0,1,0,0,0,0,1,0,0,0,0,0,70,South Riverdale (70),12025
6001402361,-8846145.936,5414433.1110000005,80632093,2016,2016/08/09 04:00:00+00,1228,12,KEELE ST,HIRONS ST,,Major Arterial,Etobicoke York,5.0,11,43.669467,-79.46628100000001,Intersection,At Intersection,Stop Sign,Clear,Daylight,Dry,Non-Fatal Injury,Turning Movement,55 to 59,2,,0,0,1,1,0,0,0,0,1,1,0,0,0,90,Junction Area (90),12027
6001406724,-8821477.982,5426031.492000001,80769557,2016,2016/08/10 04:00:00+00,329,3,DANFORTH RD,THICKETWOOD DR      (431),,Major Arterial,Scarborough,21.0,43,43.744784,-79.244685,Intersection,Intersection Related,Stop Sign,Clear,"Daylight, artificial",Wet,Non-Fatal Injury,Angle,unknown,2,,1,0,0,0,0,0,0,0,0,0,0,0,0,138,Eglinton East (138),12029
6001410250,-8818044.332999999,5428230.7870000005,80632101,2016,2016/08/10 04:00:00+00,1603,16,MARCELLA ST,ANGORA ST,,Local,Scarborough,24.0,43,43.759055,-79.21384,Intersection,At Intersection,Stop Sign,Clear,Daylight,Dry,Non-Fatal Injury,Angle,60 to 64,2,,0,0,1,0,0,0,0,1,0,1,0,0,0,137,Woburn (137),12035
6001416564,-8858205.177000001,5423456.066000001,80632106,2016,2016/08/11 04:00:00+00,1603,16,WESTHUMBER BLVD,KIPLING AVE,,Major Arterial,Etobicoke York,1.0,23,43.728068,-79.574611,Intersection,At Intersection,Traffic Signal,Clear,Daylight,Dry,Non-Fatal Injury,Pedestrian Collisions,5 to 9,2,,1,0,1,0,0,0,0,1,1,1,0,0,0,4,Rexdale-Kipling (4),12040
6001431942,-8853748.946,5402848.045,80632107,2016,2016/08/13 04:00:00+00,2223,22,LAKE SHORE BLVD W,LONG BRANCH AVE,40 m West of,Major Arterial,Etobicoke York,3.0,22,43.594142,-79.53458,Mid-Block,Non Intersection,No Control,Clear,"Dark, artificial",Wet,Non-Fatal Injury,SMV Other,25 to 29,2,,0,0,0,1,0,0,0,0,0,0,0,0,0,19,Long Branch (19),12041
6001433140,-8816276.022,5442070.285,80554861,2016,2016/08/14 04:00:00+00,250,2,STEELES AVE E,REESOR RD,,Minor Arterial,Scarborough,25.0,42,43.84878,-79.19795500000001,Mid-Block,Non Intersection,No Control,Clear,Dark,Dry,Fatal,Approaching,55 to 59,3,52.0,0,0,1,0,0,0,0,1,1,1,0,0,0,131,Rouge (131),12045
6001446484,-8835375.108,5414222.8889999995,80632109,2016,2016/08/16 04:00:00+00,917,9,WELLESLEY ST E,PARLIAMENT ST,,Minor Arterial,Toronto and East York,13.0,51,43.668101,-79.369525,Intersection,At Intersection,Traffic Signal,Rain,Daylight,Wet,Non-Fatal Injury,Pedestrian Collisions,65 to 69,2,,1,0,1,0,0,0,0,0,0,1,0,0,0,71,Cabbagetown-South St.James Town (71),12047
6001451280,-8856871.792000001,5405639.437000001,80715702,2016,2016/08/16 04:00:00+00,2325,23,THE WEST MALL,THE QUEENSWAY,,Major Arterial,Etobicoke York,3.0,22,43.6123,-79.56263299999999,Intersection,At Intersection,Traffic Signal,Clear,"Dark, artificial",Dry,Non-Fatal Injury,Cyclist Collisions,50 to 54,2,,0,1,0,0,1,0,0,0,0,0,0,0,0,14,Islington-City Centre West (14),12049
6001455596,-8849049.705,5429713.615,80715913,2016,2016/08/17 04:00:00+00,1606,16,KEELE ST,MURRAY ROSS PKWY,219 m North of,Major Arterial,Etobicoke York,,31,43.768675,-79.492366,Mid-Block,Non Intersection,No Control,Clear,Daylight,Dry,Non-Fatal Injury,Approaching,55 to 59,2,,0,0,1,0,0,0,0,1,1,1,0,0,1,27,York University Heights (27),12056
6001466377,-8833454.846,5433487.425,80554863,2016,2016/08/19 04:00:00+00,904,9,FINCH AVE E,SKYMARK DR,,Major Arterial,North York,17.0,33,43.793151,-79.352275,Intersection,Intersection Related,Traffic Signal,Clear,Daylight,Dry,Fatal,Pedestrian Collisions,80 to 84,3,53.0,1,0,1,0,0,0,0,1,0,0,0,0,0,47,Don Valley Village (47),12059
6001469848,-8856423.397,5418236.855,80632119,2016,2016/08/19 04:00:00+00,1853,18,KIPLING AVE,DIXON RD,,Major Arterial,Etobicoke York,,23,43.694178,-79.558605,Intersection,At Intersection,Traffic Signal,Clear,Daylight,Dry,Non-Fatal Injury,Pedestrian Collisions,40 to 44,2,,1,0,1,0,0,0,0,0,0,0,0,0,0,6,Kingsview Village-The Westway (6),12062
6001470144,-8815194.888,5434521.653,80716605,2016,2016/08/19 04:00:00+00,1948,19,CONLINS RD,MILNER AVE,139 m South of,Collector,Scarborough,25.0,42,43.799857,-79.188243,Mid-Block,Non Intersection,No Control,Clear,Daylight,Dry,Non-Fatal Injury,Sideswipe,60 to 64,2,,0,0,1,1,0,0,0,0,1,1,0,0,0,131,Rouge (131),12064
6001474436,-8851366.598,5425189.268999999,80716812,2016,2016/08/20 04:00:00+00,1323,13,SHEPPARD AVE W,JANE ST,,Major Arterial,Etobicoke York,,31,43.739318,-79.51317900000001,Intersection,At Intersection,Traffic Signal,Clear,Daylight,Dry,Non-Fatal Injury,Approaching,80 to 84,2,,0,0,1,0,1,0,0,0,1,1,0,0,0,25,Glenfield-Jane Heights (25),12068
6001479157,-8834652.421,5433119.165,80717086,2016,2016/08/21 04:00:00+00,634,6,FINCH AVE E,TRUDY RD,5 m West of,Major Arterial,North York,17.0,33,43.790763,-79.363033,Intersection,Intersection Related,No Control,Clear,Daylight,Dry,Non-Fatal Injury,SMV Other,20 to 24,2,,0,0,1,0,0,0,0,0,1,1,0,0,0,47,Don Valley Village (47),12069
6001481386,-8861867.365,5425942.7360000005,80717231,2016,2016/08/21 04:00:00+00,1617,16,ALBION RD,HIGHWAY 27  N,,Major Arterial,Etobicoke York,1.0,23,43.744208,-79.607509,Intersection,At Intersection,Traffic Signal,Clear,Daylight,Dry,Non-Fatal Injury,Turning Movement,40 to 44,2,,0,0,1,0,0,0,0,1,0,0,0,0,0,1,West Humber-Clairville (1),12072
6001486402,-8842264.671,5411372.596,80632131,2016,2016/08/22 04:00:00+00,1312,13,DUFFERIN ST,DUNDAS ST W,,Minor Arterial,Toronto and East York,9.0,14,43.649577,-79.431415,Intersection,At Intersection,Traffic Signal,Clear,Daylight,Dry,Non-Fatal Injury,Pedestrian Collisions,70 to 74,2,,1,0,1,0,0,0,0,0,0,1,0,0,0,84,Little Portugal (84),12074
6001501601,-8849446.336000001,5415542.625,80716221,2016,2016/08/24 04:00:00+00,1811,18,JANE ST,ALLIANCE AVE,66 m North of,Major Arterial,Etobicoke York,5.0,12,43.676676,-79.495929,Mid-Block,Non Intersection,No Control,Clear,Daylight,Dry,Non-Fatal Injury,Rear End,40 to 44,2,,0,0,1,0,0,0,0,1,0,1,0,0,0,111,Rockcliffe-Smythe (111),12077
6001509218,-8855096.691,5418667.956,80632141,2016,2016/08/25 04:00:00+00,2153,21,DIXON RD,ISLINGTON AVE,,Major Arterial,Etobicoke York,,23,43.696978,-79.546687,Intersection,At Intersection,Traffic Signal,Clear,"Dark, artificial",Dry,Non-Fatal Injury,Pedestrian Collisions,55 to 59,2,,1,0,1,0,0,0,0,1,0,0,0,0,0,6,Kingsview Village-The Westway (6),12082
6001511108,-8835407.39,5410754.0,80632145,2016,2016/08/26 04:00:00+00,850,8,LOWER JARVIS ST,LAKE SHORE BLVD E,,Major Arterial,Toronto and East York,10.0,51,43.645556,-79.369815,Intersection,At Intersection,Traffic Signal,Clear,Daylight,Dry,Non-Fatal Injury,Pedestrian Collisions,30 to 34,2,,1,0,1,0,0,0,0,1,0,1,1,0,0,77,Waterfront Communities-The Island (77),12086
6001513720,-8828051.621,5427158.427999999,80769168,2016,2016/08/26 04:00:00+00,1600,16,116 ELINOR AVE,JOY DR,68 m North of,Local,Scarborough,21.0,41,43.752097,-79.303737,Mid-Block,At/Near Private Drive,No Control,Clear,Daylight,Dry,Non-Fatal Injury,Cyclist Collisions,unknown,2,,0,1,1,0,0,0,0,0,0,1,0,0,0,119,Wexford/Maryvale (119),12088
6001515823,-8841615.788999999,5408356.466,80769205,2016,2016/08/26 04:00:00+00,2215,22,LAKE SHORE BLVD W,BRITISH COLUMBIA RD,368 m East of,Major Arterial,Toronto and East York,10.0,14,43.629969,-79.425586,Mid-Block,Non Intersection,No Control,Clear,"Dark, artificial",Dry,Non-Fatal Injury,Sideswipe,55 to 59,2,,0,0,1,1,0,0,0,1,1,1,0,0,0,82,Niagara (82),12091
6001519318,-8849775.063,5406427.753,80632150,2016,2016/08/27 04:00:00+00,1356,13,ROYAL YORK RD,NEWCASTLE ST,,Minor Arterial,Etobicoke York,3.0,22,43.617427,-79.498882,Intersection,At Intersection,Traffic Signal,Clear,Daylight,Dry,Non-Fatal Injury,Pedestrian Collisions,70 to 74,2,,1,0,1,0,0,0,0,0,0,1,0,0,0,17,Mimico (includes Humber Bay Shores) (17),12093
6001526094,-8839601.241,5421199.847,80717200,2016,2016/08/27 04:00:00+00,2315,23,18 CORTLEIGH BLVD,,,Local,North York,8.0,53,43.71342,-79.407489,Mid-Block,Non Intersection,No Control,Clear,Dark,Dry,Non-Fatal Injury,Other,15 to 19,2,,0,0,0,0,0,0,0,1,1,1,0,0,0,103,Lawrence Park South (103),12098
6001529591,-8831690.877999999,5437143.061000001,80632157,2016,2016/08/29 04:00:00+00,745,7,STEELES AVE E,PHARMACY AVE,,Major Arterial,Scarborough,22.0,42,43.816851,-79.33642900000001,Intersection,At Intersection,Traffic Signal,Clear,Daylight,Dry,Non-Fatal Injury,Pedestrian Collisions,35 to 39,2,,1,0,1,0,0,0,0,0,0,1,0,0,0,116,Steeles (116),12100
6001532518,-8827775.549,5428914.522999999,80716392,2016,2016/08/29 04:00:00+00,1610,16,WARDEN AVE,CONTINENTAL PL,,Major Arterial,Scarborough,21.0,41,43.763490999999995,-79.30125699999999,Intersection,At Intersection,Stop Sign,Clear,Daylight,Dry,Non-Fatal Injury,Turning Movement,55 to 59,2,,0,0,1,1,0,0,0,0,0,0,0,0,0,119,Wexford/Maryvale (119),12102
6001535813,-8829389.236,5434044.469,80565043,2016,2016/08/30 04:00:00+00,630,6,WARDEN AVE,FINCH AVE E,25M,Major Arterial,Scarborough,22.0,42,43.796763,-79.315753,Intersection,At Intersection,Traffic Signal,Clear,Daylight,Dry,Fatal,Rear End,65 to 69,3,54.0,0,0,1,0,0,1,0,1,0,0,0,0,0,117,L'Amoreaux (117),12109
6001551246,-8846171.428,5416369.498,80717411,2016,2016/09/01 04:00:00+00,1413,14,ROGERS RD,KANE AVE,,Minor Arterial,Etobicoke York,,12,43.682047999999995,-79.46651,Intersection,Intersection Related,No Control,Clear,Daylight,Dry,Non-Fatal Injury,Cyclist Collisions,70 to 74,2,,0,1,1,0,0,0,0,0,0,1,0,0,0,110,Keelesdale-Eglinton West (110),12123
6001553958,-8836257.537,5410217.127,80565308,2016,2016/09/01 04:00:00+00,2230,22,BAY ST,HARBOUR ST,,Major Arterial,Toronto and East York,10.0,52,43.642066,-79.377452,Intersection,Intersection Related,Traffic Signal,Clear,"Dark, artificial",Dry,Fatal,Turning Movement,65 to 69,3,56.0,0,0,1,1,0,0,0,0,0,0,0,0,0,77,Waterfront Communities-The Island (77),12234
6001558550,-8838939.669,5417748.196,80632163,2016,2016/09/02 04:00:00+00,1630,16,LONSDALE RD,ORIOLE RD,,Major Arterial,Toronto and East York,12.0,53,43.691004,-79.401546,Intersection,At Intersection,No Control,Clear,Daylight,Dry,Non-Fatal Injury,Cyclist Collisions,55 to 59,2,,0,1,1,0,0,0,0,0,0,0,0,0,0,97,Yonge-St.Clair (97),12248
6001569976,-8834117.309,5413577.172,80718308,2016,2016/09/04 04:00:00+00,1400,14,GERRARD ST E,RIVER ST,80 m East of,Minor Arterial,Toronto and East York,13.0,51,43.663905,-79.358226,Mid-Block,Non Intersection,No Control,Clear,Daylight,Dry,Non-Fatal Injury,Cyclist Collisions,65 to 69,2,,0,1,1,0,0,0,0,1,0,0,0,0,0,72,Regent Park (72),12361
6001573505,-8823169.816,5421716.257999999,80769403,2016,2016/09/05 04:00:00+00,210,2,ST CLAIR AVE E,DANFORTH RD,,Major Arterial,Scarborough,20.0,41,43.716772999999996,-79.259883,Intersection,At Intersection,Traffic Signal,Clear,"Dark, artificial",Dry,Non-Fatal Injury,Angle,50 to 54,2,,0,0,1,0,0,0,0,1,0,1,1,0,0,120,Clairlea-Birchmount (120),12367
6001573551,-8836808.791000001,5416165.698,80565106,2016,2016/09/05 04:00:00+00,220,2,MOUNT PLEASANT RD,ROXBOROUGH DR,,Major Arterial,Toronto and East York,11.0,53,43.680724,-79.38240400000001,Intersection,At Intersection,No Control,Clear,Dark,Dry,Fatal,SMV Other,25 to 29,3,55.0,0,0,1,0,0,0,0,1,1,1,0,1,0,98,Rosedale-Moore Park (98),12371