ACCNUM,X,Y,Index_,YEAR,DATE,TIME,HOUR,STREET1,STREET2,OFFSET,ROAD_CLASS,District,WardNum,Division,LATITUDE,LONGITUDE,LOCCOORD,ACCLOC,TRAFFCTL,VISIBILITY,LIGHT,RDSFCOND,ACCLASS,IMPACTYPE,INVAGE,INJURY,FATAL_NO,PEDESTRIAN,CYCLIST,AUTOMOBILE,MOTORCYCLE,TRUCK,TRSN_CITY_VEH,EMERG_VEH,PASSENGER,SPEEDING,AG_DRIV,REDLIGHT,ALCOHOL,DISABILITY,Hood_ID,Neighbourhood,ObjectId
6001576323,-8825320.286,5416390.587,80717567,2016,2016/09/05 04:00:00+00,1600,16,KINGSTON RD,FALLINGBROOK RD,,Major Arterial,Scarborough,20.0,41,43.682185,-79.279201,Intersection,At Intersection,Traffic Signal,Clear,Daylight,Dry,Non-Fatal Injury,Turning Movement,80 to 84,2,,0,0,1,1,0,0,0,1,0,1,0,0,0,122,Birchcliffe-Cliffside (122),12377
6001577121,-8835592.514,5413505.4629999995,80632179,2016,2016/09/05 04:00:00+00,1913,19,CARLTON ST,SEATON ST,37 m East of,Minor Arterial,Toronto and East York,13.0,51,43.663439000000004,-79.371478,Intersection,Intersection Related,No Control,Clear,Daylight,Dry,Non-Fatal Injury,Cyclist Collisions,45 to 49,2,,0,1,1,0,0,0,0,0,1,1,0,0,0,73,Moss Park (73),12382
6001582808,-8863265.315,5422672.149,80717848,2016,2016/09/06 04:00:00+00,1643,16,HULLRICK DR,CINRICKBAR DR,,Local,Etobicoke York,1.0,23,43.722978999999995,-79.620067,Intersection,At Intersection,Stop Sign,Clear,Daylight,Dry,Non-Fatal Injury,Angle,50 to 54,2,,0,0,1,0,0,0,0,1,0,1,0,0,0,1,West Humber-Clairville (1),12386
6001585257,-8821446.59,5426886.274,80887737,2016,2016/09/07 04:00:00+00,28,2,DANFORTH RD,BARRYMORE RD,18 m North of,Major Arterial,Scarborough,21.0,43,43.750331,-79.244403,Mid-Block,Non Intersection,No Control,Clear,"Dark, artificial",Dry,Non-Fatal Injury,Pedestrian Collisions,30 to 34,2,,1,0,1,0,0,0,0,0,0,0,0,1,0,127,Bendale (127),12390
6001592206,-8820588.762,5436208.654,80769438,2016,2016/09/08 04:00:00+00,37,3,MELFORD DR,TAPSCOTT RD,80 m West of,Collector,Scarborough,23.0,42,43.810794,-79.23669699999999,Mid-Block,Non Intersection,No Control,Rain,"Dark, artificial",Wet,Non-Fatal Injury,SMV Unattended Vehicle,unknown,2,,0,0,1,0,1,0,0,1,1,1,0,0,0,132,Malvern (132),12393
6001599913,-8830416.937,5431379.228999999,80717660,2016,2016/09/09 04:00:00+00,610,6,VICTORIA PARK AVE,HUNTINGWOOD DR,100 m South of,Major Arterial,North York,,42,43.779478999999995,-79.324985,Mid-Block,Non Intersection,No Control,Clear,"Dark, artificial",Dry,Non-Fatal Injury,SMV Other,35 to 39,2,,0,0,1,0,0,0,0,0,0,0,0,0,0,117,L'Amoreaux (117),12394
6001603750,-8843765.368999999,5417800.54,80784555,2016,2016/09/09 04:00:00+00,1733,17,LAUDER AVE,AMHERST AVE,100 m North of,Local,Toronto and East York,12.0,13,43.691344,-79.444896,Mid-Block,Non Intersection,No Control,Clear,"Dark, artificial",Dry,Non-Fatal Injury,Pedestrian Collisions,unknown,2,,1,0,1,0,0,0,0,0,0,0,0,0,0,107,Oakwood Village (107),12396
6001605609,-8843080.865,5427870.905,80632190,2016,2016/09/09 04:00:00+00,2305,23,BATHURST ST,COCKSFIELD AVE,20 m South of,Major Arterial,North York,6.0,32,43.75672,-79.43874699999999,Mid-Block,Non Intersection,No Control,Clear,"Dark, artificial",Dry,Non-Fatal Injury,Pedestrian Collisions,55 to 59,2,,1,0,1,0,0,0,0,0,0,0,0,0,0,34,Bathurst Manor (34),12399
6001612832,-8836080.094,5413032.442000001,80717379,2016,2016/09/11 04:00:00+00,230,2,JARVIS ST,GERRARD ST E,,Major Arterial,Toronto and East York,13.0,51,43.660365000000006,-79.375858,Intersection,At Intersection,Traffic Signal,Clear,Dark,Dry,Non-Fatal Injury,Turning Movement,45 to 49,2,,0,0,1,0,0,0,0,1,1,1,0,0,0,73,Moss Park (73),12402
6001622859,-8811414.7,5434911.1,80717812,2016,2016/09/12 04:00:00+00,1651,16,SHEPPARD AVE E,VANDORF ST,1 m East of,Minor Arterial,Scarborough,25.0,42,43.802382,-79.154285,Mid-Block,Non Intersection,No Control,Clear,Daylight,Dry,Non-Fatal Injury,Rear End,55 to 59,2,,0,0,1,0,0,0,0,0,1,1,0,0,0,131,Rouge (131),12404
6001623474,-8832811.086000001,5429840.637999999,80632197,2016,2016/09/12 04:00:00+00,1830,18,HAVENBROOK BLVD,DON MILLS RD,,Major Arterial,North York,17.0,33,43.769498999999996,-79.346492,Intersection,At Intersection,Traffic Signal,Clear,Daylight,Dry,Non-Fatal Injury,Pedestrian Collisions,55 to 59,2,,1,0,1,0,0,0,0,0,0,1,0,0,0,53,Henry Farm (53),12406
6001643828,-8842046.373,5414683.812999999,80783716,2016,2016/09/15 04:00:00+00,1927,19,OSSINGTON AVE,ACORES AVE,40 m South of,Minor Arterial,Toronto and East York,,13,43.671096,-79.429454,Mid-Block,Non Intersection,No Control,Clear,Daylight,Dry,Non-Fatal Injury,Sideswipe,unknown,2,,0,0,1,1,0,0,0,0,1,1,0,0,0,94,Wychwood (94),12408
6001647391,-8828877.945,5431146.882999999,80718834,2016,2016/09/16 04:00:00+00,1047,10,SHEPPARD AV E,PALMDALE DR,,Major Arterial,Scarborough,22.0,42,43.777972,-79.31116,Intersection,Intersection Related,No Control,Clear,Daylight,Dry,Non-Fatal Injury,Cyclist Collisions,50 to 54,2,,0,1,0,0,1,0,0,0,0,0,0,0,0,118,Tam O'Shanter-Sullivan (118),12410
6001648005,-8848004.192,5427564.054,80565332,2016,2016/09/16 04:00:00+00,1242,12,110 ST REGIS CRES,,,Local,North York,6.0,31,43.754729,-79.482974,Mid-Block,At/Near Private Drive,No Control,Clear,Daylight,Dry,Fatal,Pedestrian Collisions,80 to 84,3,57.0,1,0,1,0,0,0,0,0,0,1,0,0,0,27,York University Heights (27),12412
6001650762,-8854810.489,5403629.667,80719032,2016,2016/09/16 04:00:00+00,1955,19,BROWNS LINE,WOODBURY RD,12 m East of,Major Arterial,Etobicoke York,3.0,22,43.599227,-79.544116,Mid-Block,At Intersection,Pedestrian Crossover,Clear,Dark,Dry,Non-Fatal Injury,Pedestrian Collisions,20 to 24,2,,1,0,1,0,0,0,0,1,0,0,0,0,0,20,Alderwood (20),12415
6001650779,-8828590.964,5420809.747,80719034,2016,2016/09/16 04:00:00+00,1955,19,O CONNOR DR,DOHME AVE,50 m North of,Major Arterial,Toronto and East York,19.0,54,43.710887,-79.308582,Mid-Block,Non Intersection,No Control,Clear,"Dark, artificial",Dry,Non-Fatal Injury,Rear End,55 to 59,2,,0,0,1,0,0,0,0,0,1,1,0,0,0,54,O'Connor-Parkview (54),12417
6001668263,-8833561.824,5432146.155,80718720,2016,2016/09/19 04:00:00+00,1534,15,DON MILLS RD W,GOODVIEW RD,72 m North of,Major Arterial,North York,17.0,33,43.784453000000006,-79.353236,Mid-Block,Non Intersection,No Control,Clear,Daylight,Dry,Non-Fatal Injury,SMV Other,15 to 19,2,,0,0,0,1,0,0,0,0,0,0,0,0,0,47,Don Valley Village (47),12418
6001675837,-8848333.809,5411880.304,80632210,2016,2016/09/20 04:00:00+00,1721,17,JANE ST,COLBECK ST,,Major Arterial,Toronto and East York,4.0,11,43.652877000000004,-79.485935,Intersection,At Intersection,Pedestrian Crossover,Clear,Daylight,Dry,Non-Fatal Injury,Pedestrian Collisions,35 to 39,2,,1,0,1,0,0,0,0,0,0,1,0,0,0,89,Runnymede-Bloor West Village (89),12420
6001676072,-8839875.532,5413794.304,80632212,2016,2016/09/20 04:00:00+00,1754,17,BLOOR ST W,LIPPINCOTT ST,,Major Arterial,Toronto and East York,11.0,14,43.665316,-79.409953,Intersection,At Intersection,Stop Sign,Clear,Daylight,Dry,Non-Fatal Injury,Cyclist Collisions,50 to 54,2,,0,1,1,0,0,0,0,0,0,1,0,0,0,79,University (79),12422
6001676561,-8831331.65,5430731.078,80719045,2016,2016/09/20 04:00:00+00,2130,21,SHEPPARD AVE E,BONESET RD,55 m East of,Major Arterial,North York,17.0,33,43.775275,-79.333202,Mid-Block,Non Intersection,No Control,Clear,"Dusk, artificial",Dry,Non-Fatal Injury,Pedestrian Collisions,55 to 59,2,,1,0,1,0,0,0,0,0,0,0,0,0,0,46,Pleasant View (46),12424
6001681800,-8856780.844,5421096.967999999,80719164,2016,2016/09/21 04:00:00+00,1537,15,REXDALE BLVD,BERGAMOT AVE,160 m West of,Major Arterial,Etobicoke York,1.0,23,43.712752,-79.56181600000001,Mid-Block,Non Intersection,No Control,Clear,Daylight,Dry,Non-Fatal Injury,Turning Movement,65 to 69,2,,0,0,1,1,0,0,0,0,0,0,0,0,0,1,West Humber-Clairville (1),12426
6001682532,-8841846.777,5416243.123,80785526,2016,2016/09/21 04:00:00+00,1735,17,ST CLAIR AVE W,RUSHTON RD,23 m West of,Major Arterial,Toronto and East York,12.0,13,43.681227,-79.427661,Intersection,Intersection Related,No Control,Clear,Daylight,Dry,Fatal,Pedestrian Collisions,65 to 69,3,78.0,1,0,1,0,0,0,0,1,0,0,0,0,0,94,Wychwood (94),12429
6001686289,-8837217.222000001,5411025.679,80899293,2016,2016/09/22 04:00:00+00,944,9,KING ST W,SIMCOE ST,,Major Arterial,Toronto and East York,10.0,52,43.647321999999996,-79.386073,Intersection,At Intersection,Traffic Signal,Clear,Daylight,Dry,Non-Fatal Injury,Pedestrian Collisions,60 to 64,2,,1,0,0,1,0,0,0,0,0,0,0,0,0,76,Bay Street Corridor (76),12431
6001699155,-8825245.479,5432273.211,80632219,2016,2016/09/24 04:00:00+00,903,9,MIDLAND AVE,SHEPPARD AVE E,,Major Arterial,Scarborough,,42,43.785277,-79.278529,Intersection,At Intersection,Traffic Signal,Clear,Daylight,Dry,Non-Fatal Injury,Cyclist Collisions,70 to 74,2,,0,1,1,0,0,0,0,1,0,0,0,0,0,128,Agincourt South-Malvern West (128),12435
6001707155,-8849283.252999999,5431692.067000001,80719124,2016,2016/09/25 04:00:00+00,1629,16,KEELE ST,STEELES AVE W,,Major Arterial,Etobicoke York,,31,43.781508,-79.49446400000001,Intersection,At Intersection,Traffic Signal,Clear,Daylight,Dry,Non-Fatal Injury,Angle,75 to 79,2,,0,0,1,0,0,0,0,1,0,1,1,0,0,27,York University Heights (27),12441
6001710293,-8833155.063,5415737.022999999,80719318,2016,2016/09/26 04:00:00+00,738,7,LOGAN AVE,DANFORTH AVE,,Major Arterial,Toronto and East York,14.0,54,43.677939,-79.349582,Intersection,At Intersection,Traffic Controller,Clear,Daylight,Dry,Non-Fatal Injury,SMV Other,unknown,2,,0,0,0,0,1,0,0,1,0,0,0,0,0,68,North Riverdale (68),12445
6001713743,-8847323.14,5408724.353999999,80718490,2016,2016/09/26 04:00:00+00,1709,17,THE QUEENSWAY,SOUTH KINGSWAY,458 m West of,Major Arterial,Etobicoke York,3.0,22,43.632360999999996,-79.47685600000001,Mid-Block,Non Intersection,No Control,Clear,Daylight,Dry,Non-Fatal Injury,SMV Other,35 to 39,2,,0,0,0,1,0,0,0,0,0,0,0,0,0,16,Stonegate-Queensway (16),12446
6001717262,-8836078.313,5434350.456,80632236,2016,2016/09/27 04:00:00+00,925,9,CUMMER AVE,PINEWAY BLVD,,Collector,North York,17.0,33,43.798747,-79.375842,Intersection,At Intersection,Stop Sign,Clear,Daylight,Dry,Non-Fatal Injury,Pedestrian Collisions,60 to 64,2,,1,0,1,0,0,0,0,0,0,1,0,0,0,49,Bayview Woods-Steeles (49),12448
6001719331,-8831645.014,5414366.781,80719262,2016,2016/09/06 04:00:00+00,2040,20,1058 GERRARD ST E,,5 m South of,Minor Arterial,Toronto and East York,14.0,55,43.669036,-79.336017,Mid-Block,Non Intersection,No Control,Clear,"Dark, artificial",Dry,Non-Fatal Injury,Pedestrian Collisions,60 to 64,2,,1,0,1,0,0,0,0,0,0,0,0,0,0,70,South Riverdale (70),12388
6001731128,-8847578.729,5414508.829,80565335,2016,2016/09/29 04:00:00+00,1040,10,2336 ST CLAIR AVE W,,,Major Arterial,Etobicoke York,5.0,12,43.669959000000006,-79.479152,Mid-Block,Non Intersection,No Control,Rain,Daylight,Wet,Fatal,Sideswipe,70 to 74,3,58.0,0,0,1,0,0,0,0,1,1,1,0,0,0,90,Junction Area (90),12452
6001735330,-8826764.879,5436781.752,80719451,2016,2016/09/29 04:00:00+00,2310,23,MIDLAND AVE,MCNICOLL AVE,,Major Arterial,Scarborough,,42,43.814509,-79.292178,Intersection,Intersection Related,Traffic Signal,Clear,"Dark, artificial",Dry,Non-Fatal Injury,Angle,55 to 59,2,,0,0,1,0,0,0,0,1,0,1,1,0,0,130,Milliken (130),12456
6001735682,-8843552.192,5411532.136,80632245,2016,2016/09/30 04:00:00+00,52,5,DUNDAS ST W,STERLING RD,,Minor Arterial,Toronto and East York,9.0,11,43.650614000000004,-79.442981,Intersection,At Intersection,Traffic Signal,Clear,"Dark, artificial",Dry,Non-Fatal Injury,Turning Movement,30 to 34,2,,0,0,1,0,0,0,0,1,0,1,1,0,0,83,Dufferin Grove (83),13005
6001741045,-8841777.203,5419235.962,80565362,2016,2016/09/30 04:00:00+00,1928,19,EGLINTON AVE W,CHILTERN HILL RD,,Major Arterial,North York,,13,43.700666999999996,-79.427036,Mid-Block,Non Intersection,No Control,Clear,Dark,Dry,Fatal,Pedestrian Collisions,Over 95,3,61.0,1,0,1,0,0,0,0,0,0,0,0,0,0,106,Humewood-Cedarvale (106),13216
6001743580,-8853474.544,5406763.734,80719784,2016,2016/10/01 04:00:00+00,510,5,THE QUEENSWAY,KIPLING AVE,500 m West of,Major Arterial,Etobicoke York,3.0,22,43.619612,-79.532115,Mid-Block,Non Intersection,No Control,Clear,"Dark, artificial",Dry,Non-Fatal Injury,Pedestrian Collisions,50 to 54,2,,1,0,1,0,0,0,0,0,0,0,0,0,0,14,Islington-City Centre West (14),13225
6001750735,-8822554.998,5424574.984,80565364,2016,2016/10/02 04:00:00+00,1058,10,EGLINTON AVE E,WINTER AVE,,Major Arterial,Scarborough,,41,43.735331,-79.25435999999999,Intersection,Intersection Related,Stop Sign,Clear,Daylight,Dry,Fatal,Pedestrian Collisions,80 to 84,3,60.0,1,0,1,0,0,0,0,1,0,0,0,0,0,138,Eglinton East (138),13242
6001753301,-8823203.768,5424377.472999999,80565356,2016,2016/10/02 04:00:00+00,1940,19,EGLINTON AVE E,MIDLAND AVE,,Major Arterial,Scarborough,,41,43.734049,-79.260188,Intersection,Non Intersection,No Control,Rain,"Dark, artificial",Wet,Fatal,Pedestrian Collisions,75 to 79,3,59.0,1,0,1,0,0,0,0,0,0,0,0,0,0,124,Kennedy Park (124),13244
6001757672,-8840733.36,5416294.227000001,80769235,2016,2016/10/03 04:00:00+00,1317,13,BATHURST ST,VAUGHAN RD,,Major Arterial,Toronto and East York,12.0,13,43.681559,-79.417659,Intersection,At/Near Private Drive,No Control,Clear,Daylight,Dry,Non-Fatal Injury,Angle,50 to 54,2,,0,0,1,0,0,0,0,0,1,1,0,0,0,96,Casa Loma (96),13246
6001758127,-8847313.788999999,5419598.432,80632249,2016,2016/10/03 04:00:00+00,1426,14,KEELE ST,FLAMBOROUGH DR,,Major Arterial,Etobicoke York,5.0,12,43.703021,-79.476772,Intersection,At Intersection,Traffic Signal,Clear,Daylight,Dry,Non-Fatal Injury,Cyclist Collisions,85 to 89,2,,0,1,1,0,0,0,0,0,0,0,0,0,0,30,Brookhaven-Amesbury (30),13248
6001760592,-8832433.156,5420094.735,80769285,2016,2016/10/03 04:00:00+00,2143,21,THORNCLIFFE PARK DR,OVERLEA DR,131 m South of,Collector,North York,15.0,53,43.706244,-79.343097,Mid-Block,At/Near Private Drive,No Control,Clear,"Dark, artificial",Dry,Non-Fatal Injury,Turning Movement,30 to 34,2,,0,0,1,1,0,0,0,0,0,1,0,0,0,55,Thorncliffe Park (55),13250
6001770159,-8838447.859,5413124.613,80632252,2016,2016/10/05 04:00:00+00,957,9,ST GEORGE ST,RUSSELL ST,51 m North of,Minor Arterial,Toronto and East York,11.0,52,43.660964,-79.39712800000001,Mid-Block,Intersection Related,Pedestrian Crossover,Clear,Daylight,Dry,Non-Fatal Injury,Pedestrian Collisions,75 to 79,2,,1,0,1,0,0,0,0,0,0,1,0,0,0,79,University (79),13254
6001779522,-8835130.538999999,5415176.312000001,80632254,2016,2016/10/05 04:00:00+00,2215,22,BLOOR ST E,DRUMSNAB RD,,Major Arterial,Toronto and East York,11.0,51,43.674296000000005,-79.367328,Intersection,Intersection Related,No Control,Clear,"Dark, artificial",Dry,Non-Fatal Injury,Cyclist Collisions,unknown,2,,0,1,1,0,0,0,0,0,0,0,0,0,0,71,Cabbagetown-South St.James Town (71),13256
6001786629,-8825392.421,5433169.746,80632256,2016,2016/10/07 04:00:00+00,1750,17,MONTGOMERY AV,MIDLAND AV,70 m East of,Local,Scarborough,23.0,42,43.791090999999994,-79.279849,Mid-Block,Non Intersection,No Control,Clear,Daylight,Dry,Non-Fatal Injury,Pedestrian Collisions,75 to 79,2,,1,0,1,0,0,0,0,0,0,1,0,0,0,128,Agincourt South-Malvern West (128),13258
6001790676,-8838881.004,5420534.238,80632258,2016,2016/10/08 04:00:00+00,1113,11,DUPLEX AVE,MONTGOMERY AVE,,Minor Arterial,North York,8.0,53,43.709098,-79.40101899999999,Intersection,At Intersection,Stop Sign,Clear,Daylight,Dry,Non-Fatal Injury,Pedestrian Collisions,70 to 74,2,,1,0,1,0,0,0,0,0,0,1,0,0,0,100,Yonge-Eglinton (100),13260
6001798296,-8843574.233,5421636.937999999,80720031,2016,2016/10/09 04:00:00+00,1747,17,LAWRENCE AVE W,WILLIAM R ALLEN RD N,5 m West of,Major Arterial,North York,8.0,32,43.716258,-79.443179,Intersection,At Intersection,Traffic Signal,Clear,Daylight,Dry,Non-Fatal Injury,Turning Movement,25 to 29,2,,0,0,1,1,0,0,0,1,0,1,0,0,0,32,Englemount-Lawrence (32),13263
6001799178,-8822171.057,5423826.867000001,80901940,2016,2016/10/09 04:00:00+00,2108,21,DANFORTH RD,FALMOUTH AVE,,Major Arterial,Scarborough,20.0,41,43.730475,-79.250911,Intersection,At Intersection,No Control,Clear,"Dark, artificial",Dry,Non-Fatal Injury,Pedestrian Collisions,45 to 49,2,,1,0,1,0,0,0,0,0,0,0,0,0,0,124,Kennedy Park (124),13265
6001802808,-8810460.024,5432772.046,80720238,2016,2016/10/10 04:00:00+00,1608,16,391 LAWSON RD,,,Collector,Scarborough,25.0,43,43.788512,-79.145709,Mid-Block,At/Near Private Drive,No Control,Clear,Daylight,Dry,Non-Fatal Injury,Rear End,60 to 64,2,,0,0,1,0,0,0,0,0,0,1,0,0,0,133,Centennial Scarborough (133),13268
6001807391,-8832202.168,5427828.676,80565389,2016,2016/10/11 04:00:00+00,1152,11,8 SILVERDALE CRES,,,Collector,North York,16.0,33,43.756446000000004,-79.341022,Mid-Block,At/Near Private Drive,No Control,Clear,Daylight,Dry,Fatal,Pedestrian Collisions,80 to 84,3,62.0,1,0,1,0,0,0,0,0,0,0,0,0,0,45,Parkwoods-Donalda (45),13270
6001813893,-8842215.356,5415240.3379999995,80565929,2016,2016/10/12 04:00:00+00,1109,11,DAVENPORT RD,OSSINGTON AVE,,Minor Arterial,Toronto and East York,,13,43.674712,-79.430972,Intersection,Intersection Related,Traffic Signal,Clear,Daylight,Dry,Fatal,Pedestrian Collisions,Over 95,3,64.0,1,0,1,0,0,0,0,0,0,1,0,0,0,94,Wychwood (94),13272
6001813950,-8822971.111,5424449.882999999,80565836,2016,2016/10/12 04:00:00+00,1117,11,EGLINTON AVE E,MIDLAND AVE,,Major Arterial,Scarborough,,41,43.734519,-79.258098,Intersection,Intersection Related,Traffic Signal,Clear,Daylight,Dry,Fatal,Pedestrian Collisions,unknown,3,63.0,1,0,1,0,0,0,0,0,1,1,1,0,0,124,Kennedy Park (124),13274
6001830324,-8850367.839,5419811.086,80908528,2016,2016/10/14 04:00:00+00,1918,19,JANE ST,MARSHLYNN AVE,,Major Arterial,Etobicoke York,5.0,12,43.704402,-79.504207,Intersection,At Intersection,Stop Sign,Clear,"Dark, artificial",Dry,Non-Fatal Injury,Turning Movement,55 to 59,2,,0,0,1,1,0,0,0,1,0,1,0,0,0,28,Rustic (28),13277
6001858926,-8831204.189,5425346.12,80938627,2016,2016/10/19 04:00:00+00,950,9,DON VALLEY PARKWAY  N,LAWRENCE AVE E,100 m North of,,North York,16.0,33,43.740336,-79.33205699999999,Mid-Block,Non Intersection,No Control,Clear,Daylight,Dry,Non-Fatal Injury,Rear End,45 to 49,2,,0,0,1,1,0,0,0,0,0,0,0,0,0,42,Banbury-Don Mills (42),13279
6001862709,-8842781.082,5411599.677,80632268,2016,2016/10/19 04:00:00+00,2046,20,BROCK AVE,MOUTRAY ST,,Collector,Toronto and East York,9.0,11,43.651053000000005,-79.436054,Intersection,At Intersection,No Control,Clear,"Dark, artificial",Dry,Non-Fatal Injury,Cyclist Collisions,30 to 34,2,,0,1,1,0,0,0,0,0,0,0,0,0,0,84,Little Portugal (84),13281
6001864618,-8847031.817,5417338.999,80632270,2016,2016/10/20 04:00:00+00,730,7,KEELE ST,HOLWOOD AV,,Major Arterial,Etobicoke York,5.0,12,43.688346,-79.474239,Intersection,At Intersection,No Control,Rain,"Dawn, artificial",Wet,Non-Fatal Injury,Pedestrian Collisions,unknown,2,,1,0,1,0,0,0,0,0,0,1,0,0,0,110,Keelesdale-Eglinton West (110),13283
6001864838,-8823835.729,5427440.607999999,80632272,2016,2016/10/20 04:00:00+00,823,8,MIDWEST RD,MIDLAND AVE,,Major Arterial,Scarborough,21.0,41,43.753928,-79.265865,Intersection,Intersection Related,Stop Sign,Rain,Daylight,Wet,Non-Fatal Injury,Pedestrian Collisions,55 to 59,2,,1,0,1,0,0,0,0,0,1,1,0,0,0,127,Bendale (127),13285
6001868616,-8835657.08,5420994.091,80566370,2016,2016/10/20 04:00:00+00,1922,19,EGLINTON AVE E,HANNA RD,,Major Arterial,North York,15.0,53,43.712084000000004,-79.372058,Intersection,Non Intersection,No Control,Rain,Dark,Wet,Fatal,Pedestrian Collisions,60 to 64,3,65.0,1,0,1,0,0,0,0,1,0,1,0,0,0,56,Leaside-Bennington (56),13288
6001872148,-8825666.822999999,5420926.636,80720863,2016,2016/10/21 04:00:00+00,1040,10,ST CLAIR AVENUE EAST,WARDEN AVENUE,120 m West of,Major Arterial,Scarborough,20.0,41,43.711646,-79.282314,Mid-Block,Non Intersection,No Control,Rain,"Daylight, artificial",Wet,Non-Fatal Injury,SMV Other,55 to 59,2,,0,0,1,0,0,0,0,0,0,0,0,0,0,121,Oakridge (121),13289
6001873015,-8842265.45,5411383.057999999,80632275,2016,2016/10/21 04:00:00+00,1314,13,DUNDAS ST W,DUFFERIN ST,,Minor Arterial,Toronto and East York,9.0,14,43.649645,-79.431422,Intersection,At Intersection,Traffic Signal,Rain,Daylight,Wet,Non-Fatal Injury,Pedestrian Collisions,70 to 74,2,,1,0,1,0,0,0,0,0,0,0,0,0,0,84,Little Portugal (84),13291
6001908620,-8844583.233,5412279.874,80721357,2016,2016/10/27 04:00:00+00,707,7,DUNDAS ST W,BLOOR ST W,76 m South of,Minor Arterial,Toronto and East York,4.0,11,43.655474,-79.45224300000001,Mid-Block,Non Intersection,No Control,Rain,"Dusk, artificial",Wet,Non-Fatal Injury,Pedestrian Collisions,55 to 59,2,,1,0,0,0,0,1,0,0,0,0,0,0,0,86,Roncesvalles (86),13293
6001911246,-8849205.998,5431718.587,80632281,2016,2016/10/27 04:00:00+00,1506,15,STEELES AV W,KEELE ST,50 m East of,Major Arterial,North York,6.0,31,43.78168,-79.49377,Mid-Block,Non Intersection,No Control,Rain,Daylight,Wet,Non-Fatal Injury,Pedestrian Collisions,60 to 64,2,,1,0,1,0,0,0,0,0,0,0,0,0,0,27,York University Heights (27),13295
6001911469,-8833110.09,5410115.602000001,80566372,2016,2016/10/27 04:00:00+00,1549,15,CHERRY ST,POLSON ST,,Collector,Toronto and East York,14.0,51,43.641405999999996,-79.34917800000001,Mid-Block,Overpass or Bridge,No Control,Rain,Daylight,Wet,Fatal,SMV Other,50 to 54,3,66.0,0,0,1,0,0,0,0,0,1,1,0,0,0,70,South Riverdale (70),13296
6001912403,-8833862.498,5424441.563999999,80632283,2016,2016/10/27 04:00:00+00,1840,18,LESLIE ST,LAWRENCE AVE E,,Major Arterial,North York,,33,43.734465,-79.355937,Intersection,At Intersection,Traffic Signal,Rain,"Dark, artificial",Wet,Non-Fatal Injury,Pedestrian Collisions,85 to 89,2,,1,0,1,0,0,0,0,0,0,1,0,0,0,42,Banbury-Don Mills (42),13298
6001924848,-8840025.925,5422693.406,80721090,2016,2016/10/29 04:00:00+00,1825,18,LAWRENCE AVE W,CHATSWORTH DR,20 m East of,Major Arterial,North York,8.0,32,43.723116999999995,-79.411304,Intersection,Intersection Related,No Control,Clear,"Dark, artificial",Dry,Non-Fatal Injury,Turning Movement,70 to 74,2,,0,0,1,1,0,0,0,0,0,0,0,0,0,103,Lawrence Park South (103),13300
6001927266,-8827357.766,5423082.352999999,80565930,2016,2016/10/30 04:00:00+00,227,2,PHARMACY AVE,EGLINTON AVE E,,Major Arterial,Scarborough,,41,43.725642,-79.297504,Intersection,Intersection Related,No Control,Clear,Dark,Dry,Fatal,SMV Other,30 to 34,3,67.0,0,0,1,0,0,0,0,0,1,1,0,0,0,119,Wexford/Maryvale (119),13301
6001932941,-8842688.464,5408834.631,80566412,2016,2016/10/31 04:00:00+00,257,2,F G GARDINER XY  E,JAMESON AVE,,,Toronto and East York,4.0,14,43.633078000000005,-79.435222,Mid-Block,Non Intersection,No Control,Clear,Dark,Dry,Fatal,SMV Other,25 to 29,3,68.0,0,0,1,0,0,0,0,0,1,1,0,0,0,85,South Parkdale (85),13302
6001937894,-8832557.166000001,5424821.34,80721643,2016,2016/10/31 04:00:00+00,2035,20,LAWRENCE AVE E,DON MILLS RD,45 m West of,Major Arterial,North York,16.0,33,43.73693,-79.344211,Mid-Block,Non Intersection,No Control,Clear,"Dark, artificial",Dry,Non-Fatal Injury,Pedestrian Collisions,5 to 9,2,,1,0,1,0,0,0,0,1,1,1,0,1,0,42,Banbury-Don Mills (42),13310
6001942141,-8853105.965,5407781.592999999,80721785,2016,2016/11/01 04:00:00+00,1300,13,KIPLING AVE,JUTLAND RD,,Major Arterial,Etobicoke York,3.0,22,43.626231,-79.52880400000001,Intersection,At Intersection,Stop Sign,Clear,Daylight,Dry,Non-Fatal Injury,Turning Movement,50 to 54,2,,0,0,1,1,0,0,0,0,0,1,0,0,0,14,Islington-City Centre West (14),13312
6001945011,-8837112.805,5427307.145,80781677,2016,2016/11/01 04:00:00+00,2100,21,BAYVIEW AVE,HEATHCOTE AVE,100 m North of,Major Arterial,North York,15.0,33,43.753062,-79.38513499999999,Mid-Block,Non Intersection,No Control,Clear,"Dark, artificial",Dry,Non-Fatal Injury,Turning Movement,50 to 54,2,,0,0,1,0,0,0,0,0,0,0,0,0,0,40,St.Andrew-Windfields (40),13314