ACCNUM,X,Y,Index_,YEAR,DATE,TIME,HOUR,STREET1,STREET2,OFFSET,ROAD_CLASS,District,WardNum,Division,LATITUDE,LONGITUDE,LOCCOORD,ACCLOC,TRAFFCTL,VISIBILITY,LIGHT,RDSFCOND,ACCLASS,IMPACTYPE,INVAGE,INJURY,FATAL_NO,PEDESTRIAN,CYCLIST,AUTOMOBILE,MOTORCYCLE,TRUCK,TRSN_CITY_VEH,EMERG_VEH,PASSENGER,SPEEDING,AG_DRIV,REDLIGHT,ALCOHOL,DISABILITY,Hood_ID,Neighbourhood,ObjectId
6001951366,-8839823.768,5412375.576,80566634,2016,2016/11/02 04:00:00+00,1948,19,486 COLLEGE ST,,,Major Arterial,Toronto and East York,11.0,14,43.656096000000005,-79.409488,Mid-Block,Non Intersection,No Control,Rain,"Dark, artificial",Wet,Fatal,Pedestrian Collisions,65 to 69,3,69.0,1,0,1,0,0,0,0,0,0,0,0,0,0,81,Trinity-Bellwoods (81),13318
6001956297,-8835375.108,5414222.8889999995,80632297,2016,2016/11/03 04:00:00+00,1507,15,PARLIAMENT ST,WELLESLEY ST E,,Minor Arterial,Toronto and East York,13.0,51,43.668101,-79.369525,Intersection,At Intersection,Traffic Signal,Clear,Daylight,Dry,Non-Fatal Injury,Cyclist Collisions,40 to 44,2,,0,1,0,0,1,0,0,0,0,0,0,0,0,71,Cabbagetown-South St.James Town (71),13322
6001957443,-8819058.342,5428413.584,80632299,2016,2016/11/03 04:00:00+00,1815,18,LAWRENCE AVE E,GREENHOLM CRCT,,Major Arterial,Scarborough,24.0,43,43.760241,-79.222949,Intersection,At Intersection,No Control,Clear,"Dusk, artificial",Dry,Non-Fatal Injury,Pedestrian Collisions,70 to 74,2,,1,0,1,0,0,0,0,0,0,0,0,0,0,137,Woburn (137),13324
6001958569,-8844274.989,5423367.951,80721580,2016,2016/11/03 04:00:00+00,2201,22,401 W ALLEN YORKDALE RAMP,YORKDALE RD,20 m East of,Minor Arterial,North York,8.0,32,43.727496,-79.449474,Intersection,Intersection Related,Traffic Signal,Clear,Dark,Dry,Non-Fatal Injury,SMV Other,20 to 24,2,,0,0,1,0,0,0,0,0,0,0,0,0,0,31,Yorkdale-Glen Park (31),13325
6001958685,-8833747.06,5411269.8270000005,80721582,2016,2016/11/03 04:00:00+00,226,2,F G GARDINER XY  E,CHERRY ST,,,Toronto and East York,10.0,51,43.648909,-79.3549,Mid-Block,Non Intersection,No Control,Clear,"Dark, artificial",Dry,Non-Fatal Injury,SMV Other,20 to 24,2,,0,0,0,1,0,0,0,1,0,0,0,0,0,77,Waterfront Communities-The Island (77),13320
6001965886,-8838978.742,5409495.859,80721940,2016,2016/11/05 04:00:00+00,32,3,BRUYERES  MEWS,IANNUZZI  ST,40 m West of,Pending,Toronto and East York,10.0,14,43.637377,-79.40189699999999,Mid-Block,Non Intersection,No Control,Clear,Dark,Dry,Non-Fatal Injury,Turning Movement,50 to 54,2,,0,0,1,0,0,0,0,1,1,1,0,0,0,82,Niagara (82),13329
6001974222,-8850761.91,5411154.291,80566417,2016,2016/11/06 04:00:00+00,1155,11,BLOOR ST W,GRENVIEW BLVD N,,Major Arterial,Etobicoke York,3.0,22,43.648158,-79.507747,Intersection,At Intersection,Stop Sign,Clear,Daylight,Dry,Fatal,Pedestrian Collisions,Over 95,3,70.0,1,0,1,0,0,0,0,0,0,1,0,0,0,16,Stonegate-Queensway (16),13331
6001976341,-8820710.212000001,5433223.257,80722428,2016,2016/11/06 04:00:00+00,1900,19,MARKHAM RD,ROSEBANK DR,25 m West of,Major Arterial,Scarborough,23.0,42,43.791438,-79.237788,Intersection,Intersection Related,No Control,Clear,"Dark, artificial",Dry,Non-Fatal Injury,Pedestrian Collisions,75 to 79,2,,1,0,1,0,0,0,0,0,0,0,0,0,0,132,Malvern (132),13334
6001978629,-8846097.512,5424021.438999999,80722571,2016,2016/11/07 05:00:00+00,805,8,ANCASTER RD,REGENT RD,,Local,North York,6.0,32,43.731738,-79.465846,Intersection,At Intersection,No Control,Clear,Daylight,Dry,Non-Fatal Injury,Turning Movement,35 to 39,2,,0,0,1,0,0,0,0,1,0,1,0,0,0,26,Downsview-Roding-CFB (26),13335
6001979162,-8838476.802000001,5415544.472,80632318,2016,2016/11/07 05:00:00+00,935,9,AVENUE RD,ROXBOROUGH ST W,,Major Arterial,Toronto and East York,11.0,53,43.676688,-79.397388,Intersection,At Intersection,No Control,Clear,Daylight,Dry,Non-Fatal Injury,Pedestrian Collisions,55 to 59,2,,1,0,1,0,0,0,0,1,0,1,0,0,0,95,Annex (95),13230
6001982704,-8852663.47,5411101.984,80721818,2016,2016/11/07 05:00:00+00,1911,19,ISLINGTON AVE,CORDOVA AVE,50 m South of,Major Arterial,Etobicoke York,3.0,22,43.647818,-79.524829,Mid-Block,Non Intersection,No Control,Clear,Dark,Dry,Non-Fatal Injury,Pedestrian Collisions,50 to 54,2,,1,0,1,0,0,0,0,1,0,0,0,0,0,14,Islington-City Centre West (14),13439
6001989183,-8854403.727,5416544.98,80632327,2016,2016/11/08 05:00:00+00,1833,18,ISLINGTON AVE,SUMMITCREST DR,,Major Arterial,Etobicoke York,2.0,23,43.683188,-79.540462,Intersection,At Intersection,Traffic Signal,Rain,"Dark, artificial",Wet,Non-Fatal Injury,Pedestrian Collisions,65 to 69,2,,1,0,1,0,0,0,0,0,0,1,0,0,0,7,Willowridge-Martingrove-Richview (7),13442
6002001573,-8822526.946,5426910.931,80566423,2016,2016/11/10 05:00:00+00,1732,17,BRIMLEY RD,GAGE AVE,,Major Arterial,Scarborough,21.0,43,43.750491,-79.254108,Mid-Block,Non Intersection,No Control,Clear,"Dark, artificial",Dry,Fatal,Pedestrian Collisions,70 to 74,3,71.0,1,0,1,0,0,0,0,0,0,0,0,0,0,127,Bendale (127),13445
6002011919,-8840297.655,5434162.142999999,80632329,2016,2016/11/12 05:00:00+00,1241,12,WILLOWDALE AVE,ABITIBI AVE,,Minor Arterial,North York,18.0,32,43.797526,-79.41374499999999,Intersection,At Intersection,Traffic Signal,Clear,Daylight,Dry,Non-Fatal Injury,Turning Movement,55 to 59,2,,0,0,1,1,0,0,0,0,0,1,0,0,0,50,Newtonbrook East (50),13447
6002020311,-8850062.045,5425514.222999999,80722595,2016,2016/11/13 05:00:00+00,2225,22,SHEPPARD AVE W,ARLETA AVE,,Major Arterial,Etobicoke York,,31,43.741427,-79.50146,Intersection,At Intersection,Traffic Signal,Clear,"Dark, artificial",Dry,Non-Fatal Injury,Turning Movement,50 to 54,2,,0,0,1,1,0,0,0,0,1,1,0,0,0,25,Glenfield-Jane Heights (25),13450
6002021851,-8828120.416000001,5431380.925,80566635,2016,2016/11/14 05:00:00+00,814,8,ARAGON AVE,SHEPPARD AVE E,,Major Arterial,Scarborough,22.0,42,43.77949,-79.304355,Intersection,At Intersection,Traffic Signal,Clear,Daylight,Dry,Fatal,Pedestrian Collisions,unknown,3,72.0,1,0,1,0,0,0,0,0,0,1,0,0,0,118,Tam O'Shanter-Sullivan (118),13452
6002047256,-8839980.061,5428597.618,80632336,2016,2016/11/18 05:00:00+00,318,3,SHEPPARD AVE E,YONGE ST,,Major Arterial,North York,18.0,32,43.761435,-79.410892,Intersection,At Intersection,Traffic Signal,Clear,"Dark, artificial",Dry,Non-Fatal Injury,Pedestrian Collisions,45 to 49,2,,1,0,0,0,0,1,0,0,0,0,0,0,0,51,Willowdale East (51),13454
6002050023,-8856995.802000001,5409173.775,80632338,2016,2016/11/18 05:00:00+00,1354,13,BLOOR ST W,RENFORTH DR,10 m West of,Major Arterial,Etobicoke York,2.0,22,43.635283,-79.56374699999999,Intersection,Intersection Related,No Control,Clear,Daylight,Dry,Non-Fatal Injury,Pedestrian Collisions,80 to 84,2,,1,0,1,0,0,0,0,0,0,0,0,0,0,13,Etobicoke West Mall (13),13456
6002057504,-8827847.795,5436404.567000001,80768565,2016,2016/11/19 05:00:00+00,1807,18,KENNEDY RD,MCNICOLL AVE,,Major Arterial,Scarborough,22.0,42,43.812064,-79.301906,Intersection,At Intersection,Traffic Signal,Clear,"Dark, artificial",Dry,Non-Fatal Injury,Cyclist Collisions,70 to 74,2,,0,1,1,0,0,0,0,0,0,0,0,0,0,130,Milliken (130),13458
6002071995,-8825713.466,5421613.99,80632341,2016,2016/11/22 05:00:00+00,649,6,DEANS DR,WARDEN AVE,,Major Arterial,Scarborough,20.0,41,43.716109,-79.282733,Intersection,At Intersection,Traffic Signal,Clear,"Dark, artificial",Wet,Non-Fatal Injury,Pedestrian Collisions,70 to 74,2,,1,0,1,0,0,0,0,1,0,0,0,0,0,120,Clairlea-Birchmount (120),13461
6002076706,-8850609.068,5406625.957,80632343,2016,2016/11/22 05:00:00+00,2040,20,MELROSE ST,GARROCH PL,,Local,Etobicoke York,3.0,22,43.618716,-79.506374,Intersection,At Intersection,No Control,Clear,"Dark, artificial",Dry,Non-Fatal Injury,Pedestrian Collisions,85 to 89,2,,1,0,1,0,0,0,0,0,0,1,0,0,0,17,Mimico (includes Humber Bay Shores) (17),13463
6002081357,-8860849.014,5412323.878,80723213,2016,2016/11/23 05:00:00+00,1515,15,CENTENNIAL PARK BLVD,EGLINTON AVE W,,Major Arterial,Etobicoke York,2.0,22,43.65576,-79.598361,Intersection,At Intersection,Traffic Signal,Clear,Daylight,Dry,Non-Fatal Injury,Turning Movement,55 to 59,2,,0,0,1,0,0,0,0,0,0,0,0,0,0,11,Eringate-Centennial-West Deane (11),13465
6002089290,-8835837.195,5412634.378,80566637,2016,2016/11/24 05:00:00+00,2010,20,300 GEORGE ST,,,Local,Toronto and East York,13.0,51,43.657778,-79.373676,Mid-Block,At/Near Private Drive,No Control,Clear,Dark,Wet,Fatal,Pedestrian Collisions,70 to 74,3,73.0,1,0,1,0,0,0,0,0,0,0,0,0,0,73,Moss Park (73),13467
6002090598,-8826104.977,5435111.15,80722736,2016,2016/11/25 05:00:00+00,251,2,FINCH AVE E,MIDLAND AVE,,Major Arterial,Scarborough,,42,43.803678999999995,-79.28625,Intersection,At Intersection,Traffic Signal,"Fog, Mist, Smoke, Dust","Dark, artificial",Wet,Non-Fatal Injury,Turning Movement,25 to 29,2,,0,0,1,0,0,0,0,1,1,1,0,0,0,129,Agincourt North (129),13473
6002093548,-8853060.101,5411292.135,80722881,2016,2016/11/25 05:00:00+00,1403,14,DUNDAS ST W,CORDOVA AVE,34 m East of,Major Arterial,Etobicoke York,3.0,22,43.649054,-79.52839200000001,Mid-Block,Intersection Related,No Control,Clear,Daylight,Dry,Non-Fatal Injury,Approaching,85 to 89,2,,0,0,1,0,0,0,0,1,1,1,0,0,0,14,Islington-City Centre West (14),13479
6002100980,-8834031.593,5427362.472,80632360,2016,2016/11/26 05:00:00+00,1807,18,YORK MILLS RD,SCARSDALE RD,8 m West of,Major Arterial,North York,16.0,33,43.753421,-79.357456,Intersection,At Intersection,Traffic Signal,Rain,"Dark, artificial",Wet,Non-Fatal Injury,Pedestrian Collisions,65 to 69,2,,1,0,1,0,0,0,0,0,0,1,0,0,0,42,Banbury-Don Mills (42),13482
6002108596,-8841106.169,5417559.143999999,80723903,2016,2016/11/28 05:00:00+00,124,1,1595 BATHURST ST,LONSMOUNT DR,63 m North of,Major Arterial,Toronto and East York,12.0,13,43.689776,-79.421008,Mid-Block,Non Intersection,No Control,Clear,"Dark, artificial",Dry,Non-Fatal Injury,Pedestrian Collisions,70 to 74,2,,1,0,1,0,0,0,0,0,0,0,0,0,0,101,Forest Hill South (101),13484
6002114627,-8835500.787,5414812.937999999,80566644,2016,2016/11/28 05:00:00+00,2153,21,BLOOR ST E,PARLIAMENT ST,,Major Arterial,Toronto and East York,13.0,51,43.671935,-79.370654,Intersection,At Intersection,Traffic Signal,Clear,Dark,Dry,Fatal,SMV Other,25 to 29,3,74.0,0,0,1,0,0,0,0,1,1,1,0,0,0,71,Cabbagetown-South St.James Town (71),13488
6002116209,-8857136.732,5412363.267000001,80724182,2016,2016/11/29 05:00:00+00,720,7,THE EAST MALL,RATHBURN RD,100 m North of,Minor Arterial,Etobicoke York,2.0,22,43.656015999999994,-79.56501300000001,Mid-Block,Non Intersection,No Control,Rain,"Dawn, artificial",Wet,Non-Fatal Injury,Pedestrian Collisions,70 to 74,2,,1,0,1,0,0,0,0,1,0,0,0,0,0,11,Eringate-Centennial-West Deane (11),13491
6002121630,-8845046.1,5422475.911,80632369,2016,2016/11/29 05:00:00+00,2208,22,BENTWORTH AVE,DUFFERIN ST,9 m East of,Major Arterial,North York,8.0,32,43.721705,-79.456401,Intersection,At Intersection,Traffic Signal,Clear,"Dark, artificial",Dry,Non-Fatal Injury,Pedestrian Collisions,35 to 39,2,,1,0,1,0,0,0,0,0,0,1,0,0,0,31,Yorkdale-Glen Park (31),13493
6002127930,-8830792.307,5423643.544,80768873,2016,2016/11/30 05:00:00+00,2106,21,CONCORDE GT,CONCORDE PL,300 m East of,Collector,North York,16.0,33,43.729285,-79.328357,Intersection,At/Near Private Drive,No Control,Rain,"Dark, artificial",Wet,Non-Fatal Injury,Pedestrian Collisions,65 to 69,2,,1,0,1,0,0,0,0,0,1,1,0,0,0,42,Banbury-Don Mills (42),13495
6002131954,-8829373.985,5418633.312999999,80566657,2016,2016/12/01 05:00:00+00,1335,13,COSBURN AVE,CEDARVALE AVE,,Collector,Toronto and East York,19.0,54,43.696753,-79.315616,Intersection,At Intersection,Pedestrian Crossover,Clear,Daylight,Dry,Fatal,Pedestrian Collisions,65 to 69,3,75.0,1,0,1,0,0,0,0,0,0,1,0,0,0,60,Woodbine-Lumsden (60),13497
6002135820,-8838833.47,5410769.845,80723929,2016,2016/12/02 05:00:00+00,246,2,PORTLAND ST,ADELAIDE ST W,18 m North of,Major Arterial,Toronto and East York,10.0,14,43.645659,-79.400592,Intersection,Intersection Related,No Control,Clear,"Dark, artificial",Dry,Non-Fatal Injury,SMV Unattended Vehicle,20 to 24,2,,0,0,1,0,0,0,0,1,1,1,0,0,0,77,Waterfront Communities-The Island (77),13499
6002143224,-8829603.303,5428897.567000001,80724345,2016,2016/12/03 05:00:00+00,708,7,VICTORIA PARK AVE,YORK MILLS RD,50 m North of,Major Arterial,North York,,41,43.763381,-79.317676,Mid-Block,Non Intersection,No Control,Clear,"Dawn, artificial",Dry,Non-Fatal Injury,Pedestrian Collisions,50 to 54,2,,1,0,1,0,0,0,0,0,0,0,0,0,0,119,Wexford/Maryvale (119),13501
6002149111,-8817540.723,5426207.774,80768215,2016,2016/12/04 05:00:00+00,706,7,SCARBOROUGH GOLF CLUB RD,KINGSTON RD,15 m South of,Major Arterial,Scarborough,24.0,43,43.745928,-79.209316,Intersection,At Intersection,Traffic Signal,Clear,Dawn,Dry,Non-Fatal Injury,Angle,55 to 59,2,,0,0,1,0,0,0,0,1,0,1,1,1,0,140,Guildwood (140),13504
6002153175,-8835907.66,5413423.906,80632380,2016,2016/12/04 05:00:00+00,2315,23,CARLTON STREET,HOMEWOOD AVENUE,,Minor Arterial,Toronto and East York,13.0,51,43.662909,-79.374309,Intersection,At Intersection,No Control,Rain,"Dark, artificial",Wet,Non-Fatal Injury,Pedestrian Collisions,75 to 79,2,,1,0,1,0,0,0,0,0,0,1,0,0,0,73,Moss Park (73),13506
6002160952,-8842969.546,5427246.579,80566650,2016,2016/12/06 05:00:00+00,712,7,BATHURST ST,REINER RD,,Major Arterial,North York,6.0,32,43.752669,-79.437747,Mid-Block,At Intersection,No Control,Clear,Daylight,Dry,Fatal,Pedestrian Collisions,85 to 89,3,76.0,1,0,1,0,0,0,0,0,0,0,0,0,0,38,Lansing-Westgate (38),13508
6002164193,-8839875.532,5413794.304,80785473,2016,2016/12/06 05:00:00+00,1535,15,BLOOR ST W,ALBANY AVE,,Major Arterial,Toronto and East York,11.0,14,43.665316,-79.409953,Intersection,At Intersection,No Control,Clear,Daylight,Dry,Non-Fatal Injury,Cyclist Collisions,unknown,2,,0,1,1,0,0,0,0,0,0,1,0,0,0,79,University (79),13510
6002165166,-8841810.265,5409728.277000001,80632382,2016,2016/12/06 05:00:00+00,1836,18,DUFFERIN ST,KING ST W,,Major Arterial,Toronto and East York,,14,43.638888,-79.42733299999999,Intersection,At Intersection,Traffic Signal,Rain,"Dark, artificial",Wet,Non-Fatal Injury,Pedestrian Collisions,80 to 84,2,,1,0,1,0,0,0,0,0,0,0,0,0,0,85,South Parkdale (85),13512
6002165176,-8835995.936,5411934.768999999,80724294,2016,2016/12/06 05:00:00+00,1837,18,Queen St E,Dalhousie St,15 m East of,Major Arterial,Toronto and East York,13.0,51,43.653231,-79.375102,Mid-Block,Non Intersection,No Control,Rain,"Dark, artificial",Wet,Non-Fatal Injury,Pedestrian Collisions,75 to 79,2,,1,0,1,0,0,0,0,0,0,0,0,0,0,75,Church-Yonge Corridor (75),13515
6002166207,-8829893.736,5415324.22,80632387,2016,2016/12/06 05:00:00+00,2220,22,GERRARD ST E,COXWELL AVE,,Minor Arterial,Toronto and East York,,55,43.675257,-79.320285,Intersection,At Intersection,Traffic Signal,Rain,"Dark, artificial",Wet,Non-Fatal Injury,Pedestrian Collisions,50 to 54,2,,1,0,1,0,0,0,0,0,0,1,0,0,0,64,Woodbine Corridor (64),13517
6002166208,-8829891.175,5415325.4520000005,80915471,2016,2016/12/06 05:00:00+00,2220,22,COXWELL AVE,GERRARD ST E,,Minor Arterial,Toronto and East York,,55,43.675265,-79.320262,Intersection,At Intersection,Traffic Signal,Rain,"Dark, artificial",Wet,Non-Fatal Injury,Pedestrian Collisions,50 to 54,2,,1,0,1,0,0,0,0,0,0,1,0,0,0,64,Woodbine Corridor (64),13519
6002180149,-8814618.252999999,5430524.03,80768461,2016,2016/12/09 05:00:00+00,255,2,KINGSTON RD,OLD KINGSTON RD,,Major Arterial,Scarborough,25.0,43,43.773932,-79.183063,Intersection,At Intersection,Traffic Signal,Clear,"Dark, artificial",Wet,Non-Fatal Injury,SMV Other,20 to 24,2,,0,0,1,0,0,0,0,0,1,1,0,1,0,136,West Hill (136),13520
6002195471,-8848981.8,5419641.856000001,80724733,2016,2016/12/11 05:00:00+00,1514,15,BLACK CREEK DR,LAWRENCE AVE W,300 m South of,Major Arterial,Etobicoke York,5.0,12,43.703303000000005,-79.49175600000001,Mid-Block,Non Intersection,No Control,Snow,Daylight,Loose Snow,Non-Fatal Injury,SMV Other,75 to 79,2,,0,0,1,0,0,0,0,1,0,0,0,0,0,30,Brookhaven-Amesbury (30),13522
6002203625,-8844213.764,5409572.152000001,80725090,2016,2016/12/12 05:00:00+00,2106,21,LAKE SHORE BLVD W,PARKSIDE DR,500 m East of,Major Arterial,Toronto and East York,4.0,11,43.637873,-79.448924,Mid-Block,Non Intersection,No Control,Clear,"Dark, artificial",Dry,Non-Fatal Injury,SMV Other,30 to 34,2,,0,0,1,0,0,0,0,0,1,1,0,0,0,85,South Parkdale (85),13523
6002204078,-8835458.374,5413051.83,80768590,2016,2016/12/12 05:00:00+00,2255,22,232 SEATON ST,,12 m East of,Local,Toronto and East York,13.0,51,43.660491,-79.370273,Mid-Block,Non Intersection,No Control,Clear,"Dark, artificial",Loose Snow,Non-Fatal Injury,Pedestrian Collisions,unknown,2,,1,0,1,0,0,0,0,0,0,0,0,0,0,73,Moss Park (73),13525
6002208039,-8826596.786,5436265.113,80566658,2016,2016/12/13 05:00:00+00,1440,14,MIDLAND AVE,KILCULLEN CASTLE GT,,Major Arterial,Scarborough,,42,43.81116,-79.29066800000001,Mid-Block,Non Intersection,No Control,Clear,Daylight,Dry,Fatal,Pedestrian Collisions,70 to 74,3,77.0,1,0,1,0,0,0,0,0,0,0,0,0,0,129,Agincourt North (129),13527
6002213025,-8837072.062,5414838.177999999,80632394,2016,2016/12/14 05:00:00+00,1036,10,PARK RD,CHURCH ST,,Major Arterial,Toronto and East York,11.0,53,43.672098999999996,-79.38476899999999,Intersection,At Intersection,Traffic Signal,Clear,Daylight,Dry,Non-Fatal Injury,Pedestrian Collisions,50 to 54,2,,1,0,1,0,0,0,0,0,0,1,0,0,0,98,Rosedale-Moore Park (98),13802
6002215528,-8836642.257000001,5409856.717,80632396,2016,2016/12/14 05:00:00+00,1704,17,QUEENS QY W,YORK ST,69 m West of,Minor Arterial,Toronto and East York,10.0,52,43.639723,-79.38090799999999,Mid-Block,Non Intersection,No Control,Clear,Dark,Dry,Non-Fatal Injury,Pedestrian Collisions,65 to 69,2,,1,0,1,0,0,0,0,0,0,0,0,0,0,77,Waterfront Communities-The Island (77),13804
6002227092,-8826025.161,5423477.7870000005,80725041,2016,2016/12/16 05:00:00+00,1312,13,EGLINTON AVE E,PRUDHAM GT,55 m West of,Major Arterial,Scarborough,,41,43.728209,-79.285533,Mid-Block,Non Intersection,No Control,Clear,Daylight,Slush,Non-Fatal Injury,Pedestrian Collisions,65 to 69,2,,1,0,0,0,0,1,0,0,0,0,0,0,0,120,Clairlea-Birchmount (120),13806
6002241239,-8834493.568,5416664.125,80725616,2016,2016/12/18 05:00:00+00,2236,22,SB DON VALLEY PKWY,POTTERY RD,400 m North of,,Toronto and East York,14.0,54,43.683962,-79.36160600000001,Mid-Block,Non Intersection,No Control,Clear,"Dark, artificial",Dry,Non-Fatal Injury,Pedestrian Collisions,65 to 69,2,,1,0,1,0,0,0,0,0,0,1,0,0,0,57,Broadview North (57),13808
6002243964,-8837500.976,5429811.347999999,80632400,2016,2016/12/19 05:00:00+00,1132,11,BAYVIEW AVE,BAYVIEW MEWS LANE,,Major Arterial,North York,,33,43.769309,-79.388622,Intersection,At Intersection,Traffic Signal,Clear,Daylight,Dry,Non-Fatal Injury,Pedestrian Collisions,65 to 69,2,,1,0,0,0,1,0,0,0,0,0,0,0,0,52,Bayview Village (52),13810
6002255305,-8836047.811,5412918.576,80913895,2016,2016/12/21 05:00:00+00,230,2,JARVIS ST,GERRARD ST E,84 m South of,Major Arterial,Toronto and East York,13.0,51,43.659625,-79.375568,Mid-Block,Non Intersection,No Control,Clear,"Dark, artificial",Wet,Non-Fatal Injury,Sideswipe,unknown,2,,0,0,1,0,0,0,0,0,0,0,0,0,0,73,Moss Park (73),13812
6002256949,-8847845.451,5422886.722,80632402,2016,2016/12/21 05:00:00+00,959,9,KEELE ST,401 C W KEELE RAMP ST,,Major Arterial,North York,6.0,31,43.724371999999995,-79.481548,Intersection,At Intersection,Traffic Signal,Clear,Daylight,Wet,Non-Fatal Injury,Pedestrian Collisions,40 to 44,2,,1,0,0,0,1,0,0,0,0,0,0,0,0,26,Downsview-Roding-CFB (26),13814
6002258295,-8842658.742,5408832.324,80725139,2016,2016/12/21 05:00:00+00,1340,13,F G GARDINER XY  W,JAMESON AVE,16 m West of,,Toronto and East York,4.0,14,43.633063,-79.434955,Mid-Block,Non Intersection,No Control,Clear,Daylight,Dry,Non-Fatal Injury,Rear End,60 to 64,2,,0,0,1,0,0,0,0,1,0,1,0,0,0,85,South Parkdale (85),13821
6002260647,-8828024.458999999,5433503.772000001,80768884,2016,2016/12/21 05:00:00+00,2030,20,BIRCHMOUNT RD,CHALDEAN ST,9 m South of,Major Arterial,Scarborough,22.0,42,43.793257000000004,-79.303493,Intersection,Intersection Related,Stop Sign,Clear,"Dark, artificial",Wet,Non-Fatal Injury,Pedestrian Collisions,60 to 64,2,,1,0,1,0,0,0,0,0,0,0,0,0,0,117,L'Amoreaux (117),13823
6002274801,-8846534.886,5431578.587,80725697,2016,2016/12/24 05:00:00+00,356,3,DUFFERIN ST,DOLOMITE DR,,Major Arterial,North York,6.0,32,43.780772,-79.469775,Intersection,At Intersection,Traffic Signal,Rain,"Dark, artificial",Slush,Non-Fatal Injury,SMV Other,25 to 29,2,,0,0,1,0,0,0,0,0,1,1,0,1,0,34,Bathurst Manor (34),13824
6002279905,-8837759.126,5415283.741,80725840,2016,2016/12/25 05:00:00+00,705,7,55 BELMONT ST,,,Minor Arterial,Toronto and East York,11.0,53,43.674994,-79.390941,Mid-Block,Non Intersection,No Control,Clear,"Dark, artificial",Dry,Non-Fatal Injury,Pedestrian Collisions,65 to 69,2,,1,0,1,0,0,0,0,0,0,0,0,0,0,95,Annex (95),13826
6002282279,-8834717.766,5429480.231000001,80632414,2016,2016/12/25 05:00:00+00,2141,21,LESLIE ST,401 C W LESLIE S RAMP,11 m North of,Major Arterial,North York,17.0,33,43.767161,-79.36362,Intersection,Intersection Related,Traffic Signal,Clear,"Dark, artificial",Dry,Non-Fatal Injury,Pedestrian Collisions,75 to 79,2,,1,0,1,0,0,0,0,0,0,1,0,0,0,52,Bayview Village (52),13828
6002287717,-8821590.972000001,5439413.834,80768322,2016,2016/12/27 05:00:00+00,230,2,TAPSCOTT RD,PASSMORE AVE,5 m South of,Minor Arterial,Scarborough,23.0,42,43.831568,-79.2457,Intersection,At Intersection,Stop Sign,Clear,"Dark, artificial",Dry,Non-Fatal Injury,SMV Other,20 to 24,2,,0,0,1,0,0,0,0,1,0,0,0,0,0,131,Rouge (131),13830
6002297420,-8845688.19,5418049.025,80632416,2016,2016/12/28 05:00:00+00,1919,19,CALEDONIA RD,EGLINTON AVE W,,Major Arterial,North York,,13,43.692958000000004,-79.46216899999999,Intersection,Intersection Related,Traffic Signal,Clear,"Dark, artificial",Dry,Non-Fatal Injury,Pedestrian Collisions,unknown,2,,1,0,1,0,0,0,0,0,0,1,0,0,0,109,Caledonia-Fairbank (109),13832
6002315243,-8829136.986,5423129.9520000005,80768475,2016,2016/12/31 05:00:00+00,2022,20,EGLINTON AVE E,BERMONDSEY RD,,Major Arterial,North York,16.0,33,43.725951,-79.313487,Intersection,Intersection Related,Traffic Signal,Clear,"Dark, artificial",Wet,Non-Fatal Injury,Turning Movement,50 to 54,2,,0,0,1,0,0,0,0,1,0,0,0,0,0,43,Victoria Village (43),13838
7000003346,-8852811.302000001,5429386.817000001,80734609,2017,2017/01/01 05:00:00+00,1405,14,57 BIMINI CRES,,9 m South of,Local,Etobicoke York,7.0,31,43.766555,-79.526157,Mid-Block,Non Intersection,No Control,Clear,Daylight,Other,Non-Fatal Injury,SMV Other,85 to 89,2,,0,0,1,0,0,0,0,0,0,0,0,0,0,24,Black Creek (24),13839
7000010890,-8853823.641,5406185.424,80890121,2017,2017/01/03 05:00:00+00,10,1,F G GARDINER XY  E,KIPLING AVE,900 m West of,,Etobicoke York,3.0,22,43.615851,-79.535251,Mid-Block,Non Intersection,No Control,Rain,"Dark, artificial",Wet,Non-Fatal Injury,Rear End,unknown,2,,0,0,1,0,0,0,0,1,1,1,0,0,0,20,Alderwood (20),13846
7000012031,-8835122.858,5411279.8270000005,80609323,2017,2017/01/03 05:00:00+00,717,7,LOWER SHERBOURNE ST,THE ESPLANADE,,Minor Arterial,Toronto and East York,,51,43.648974,-79.36725899999999,Intersection,At Intersection,Traffic Signal,Rain,Dark,Wet,Fatal,Pedestrian Collisions,80 to 84,3,1.0,1,0,1,0,0,0,0,0,0,0,0,0,0,77,Waterfront Communities-The Island (77),13848
7000036465,-8846564.609,5432571.429,80931235,2017,2017/01/07 05:00:00+00,16,1,DUFFERIN ST,STEELES AVE W,,Major Arterial,North York,6.0,32,43.787211,-79.470042,Intersection,At Intersection,Traffic Signal,Clear,"Dark, artificial",Dry,Non-Fatal Injury,Angle,65 to 69,2,,0,0,1,0,0,0,0,0,1,1,1,1,0,34,Bathurst Manor (34),13851