ACCNUM,X,Y,Index_,YEAR,DATE,TIME,HOUR,STREET1,STREET2,OFFSET,ROAD_CLASS,District,WardNum,Division,LATITUDE,LONGITUDE,LOCCOORD,ACCLOC,TRAFFCTL,VISIBILITY,LIGHT,RDSFCOND,ACCLASS,IMPACTYPE,INVAGE,INJURY,FATAL_NO,PEDESTRIAN,CYCLIST,AUTOMOBILE,MOTORCYCLE,TRUCK,TRSN_CITY_VEH,EMERG_VEH,PASSENGER,SPEEDING,AG_DRIV,REDLIGHT,ALCOHOL,DISABILITY,Hood_ID,Neighbourhood,ObjectId
7000041411,-8852546.25,5410735.847,80734977,2017,2017/01/07 05:00:00+00,2222,22,ISLINGTON AVE,ABERFOYLE CRES,5 m South of,Major Arterial,Etobicoke York,3.0,22,43.645438,-79.523776,Intersection,At Intersection,No Control,Clear,"Dark, artificial",Dry,Non-Fatal Injury,Rear End,60 to 64,2,,0,0,1,0,0,0,0,1,0,1,0,0,0,14,Islington-City Centre West (14),13855
7000044336,-8840653.544,5416025.932999999,80776089,2017,2017/01/08 05:00:00+00,1311,13,BATHURST ST,NINA ST,,Major Arterial,Toronto and East York,12.0,13,43.679815999999995,-79.416942,Intersection,At Intersection,Traffic Signal,Clear,Daylight,Dry,Non-Fatal Injury,Pedestrian Collisions,65 to 69,2,,1,0,1,0,0,0,0,0,0,1,0,0,0,96,Casa Loma (96),13858
7000045777,-8826263.83,5429022.113,80609326,2017,2017/01/08 05:00:00+00,1829,18,ELLESMERE RD,MONDEO DR,,Major Arterial,Scarborough,21.0,41,43.764189,-79.287677,Intersection,At Intersection,Traffic Signal,Clear,"Dark, artificial",Dry,Fatal,Pedestrian Collisions,75 to 79,3,2.0,1,0,1,0,0,0,0,0,0,0,0,0,0,126,Dorset Park (126),13860
7000058719,-8835974.786,5411619.062000001,80774964,2017,2017/01/10 05:00:00+00,2003,20,ADELAIDE ST E,CHURCH ST,,Major Arterial,Toronto and East York,13.0,51,43.651179,-79.374912,Intersection,At Intersection,Traffic Signal,Rain,"Dark, artificial",Wet,Non-Fatal Injury,Pedestrian Collisions,55 to 59,2,,1,0,1,0,0,0,0,1,0,0,0,0,0,75,Church-Yonge Corridor (75),13863
7000072801,-8854232.963,5424800.695,80734850,2017,2017/01/12 05:00:00+00,2258,22,WESTON RD,VEROBEACH BLVD,252 m South of,Major Arterial,Etobicoke York,7.0,31,43.736796000000005,-79.538928,Mid-Block,Non Intersection,No Control,Clear,"Dark, artificial",Dry,Non-Fatal Injury,SMV Other,55 to 59,2,,0,0,0,0,1,0,0,0,0,0,0,0,1,22,Humbermede (22),13864
7000084276,-8819365.806,5436417.526000001,80943367,2017,2017/01/14 05:00:00+00,1902,19,NEILSON RD,CROW TRL,,Minor Arterial,Scarborough,,42,43.812148,-79.225711,Intersection,At Intersection,Traffic Signal,Clear,"Dark, artificial",Dry,Non-Fatal Injury,Turning Movement,75 to 79,2,,0,0,1,0,0,0,0,1,0,0,0,0,0,132,Malvern (132),13870
7000090444,-8838767.235,5421365.409,80920092,2017,2017/01/15 05:00:00+00,2033,20,YONGE  ST,ALBERTUS AVE,6 m South of,Major Arterial,North York,,53,43.714495,-79.399997,Intersection,Intersection Related,No Control,Clear,"Dark, artificial",Dry,Non-Fatal Injury,Pedestrian Collisions,55 to 59,2,,1,0,1,0,0,0,0,0,0,0,0,0,0,99,Mount Pleasant East (99),13872
7000112853,-8836567.562,5411218.751,80734257,2017,2017/01/19 05:00:00+00,553,5,KING ST W,BAY ST,,Major Arterial,Toronto and East York,,52,43.648577,-79.380237,Intersection,At Intersection,Traffic Signal,Clear,"Dark, artificial",Dry,Non-Fatal Injury,Pedestrian Collisions,60 to 64,2,,1,0,0,0,1,0,0,0,0,0,0,0,0,76,Bay Street Corridor (76),13874
7000117079,-8814628.383,5429905.382999999,80734347,2017,2017/01/19 05:00:00+00,1755,17,COLLINSGROVE RD,LAWRENCE AV E,113 m North of,Collector,Scarborough,25.0,43,43.769919,-79.183154,Mid-Block,Non Intersection,No Control,Clear,"Dark, artificial",Dry,Non-Fatal Injury,Pedestrian Collisions,65 to 69,2,,1,0,1,0,0,0,0,0,0,0,0,0,0,136,West Hill (136),13876
7000117241,-8823837.399,5423343.304,80734405,2017,2017/01/19 05:00:00+00,1828,18,KENNEDY RD,MERRIAN RD,30 m North of,Major Arterial,Scarborough,20.0,41,43.727336,-79.26588000000001,Intersection,At Intersection,Traffic Controller,Clear,"Dark, artificial",Wet,Non-Fatal Injury,Rear End,20 to 24,2,,0,0,1,0,0,0,0,0,1,1,0,0,0,124,Kennedy Park (124),13878
7000119447,-8845834.242,5418882.436000001,80734481,2017,2017/01/20 05:00:00+00,527,5,CALEDONIA RD,CASTLEFIELD AVE,,Minor Arterial,North York,8.0,13,43.698371,-79.463481,Intersection,At Intersection,Traffic Signal,Clear,"Dark, artificial",Dry,Non-Fatal Injury,Angle,50 to 54,2,,0,0,1,0,0,0,0,0,0,1,1,0,0,108,Briar Hill-Belgravia (108),13880
7000125598,-8854583.731,5402622.256,80609330,2017,2017/01/21 05:00:00+00,40,4,BROWNS LINE,LAKESHORE W BROWNS LI RAMP,20 m North,Major Arterial,Etobicoke York,3.0,22,43.592673,-79.542079,Mid-Block,Non Intersection,No Control,"Fog, Mist, Smoke, Dust","Dark, artificial",Wet,Fatal,SMV Other,20 to 24,3,3.0,0,0,1,0,0,0,0,0,1,1,0,0,0,19,Long Branch (19),13881
7000148860,-8837922.988,5420191.75,80907326,2017,2017/01/24 05:00:00+00,1635,16,95 REDPATH  AVE,,10 m West of,Collector,Toronto and East York,12.0,53,43.706874,-79.392413,Mid-Block,Non Intersection,No Control,Freezing Rain,Daylight,Wet,Non-Fatal Injury,Pedestrian Collisions,60 to 64,2,,1,0,1,0,0,0,0,0,0,0,0,0,0,104,Mount Pleasant West (104),13883
7000155315,-8854611.783,5427146.098999999,81070510,2017,2017/01/25 05:00:00+00,1440,14,FINCH AVE W,WESTON RD,,Major Arterial,Etobicoke York,7.0,31,43.752016999999995,-79.542331,Intersection,At Intersection,Traffic Signal,Clear,Daylight,Wet,Fatal,Angle,85 to 89,3,6.0,0,0,1,0,1,0,0,0,0,1,1,0,1,22,Humbermede (22),13887
7000156964,-8839956.239,5413554.244,80773787,2017,2017/01/25 05:00:00+00,1934,19,BATHURST ST,LENNOX ST,,Major Arterial,Toronto and East York,11.0,14,43.663756,-79.410678,Intersection,At Intersection,Traffic Signal,Rain,"Dark, artificial",Wet,Non-Fatal Injury,Pedestrian Collisions,unknown,2,,1,0,1,0,0,0,0,0,0,1,0,0,0,79,University (79),13889
7000169325,-8836299.171,5410859.071,80733512,2017,2017/01/27 05:00:00+00,1450,14,FRONT ST W,YONGE ST,100 m West of,Minor Arterial,Toronto and East York,,52,43.646239,-79.377826,Mid-Block,Non Intersection,No Control,Clear,Daylight,Dry,Non-Fatal Injury,Cyclist Collisions,50 to 54,2,,0,1,1,0,0,0,0,0,0,0,0,0,0,77,Waterfront Communities-The Island (77),13892
7000178103,-8838281.437,5409585.072000001,80609331,2017,2017/01/29 05:00:00+00,110,1,F G GARDINER XY  E,SPADINA AVE,350 m West,Major Arterial,Toronto and East York,10.0,14,43.637957,-79.39563299999999,Mid-Block,Non Intersection,No Control,Clear,Dark,Dry,Fatal,Pedestrian Collisions,20 to 24,3,4.0,1,0,1,0,0,0,0,0,0,0,0,0,0,77,Waterfront Communities-The Island (77),13894
7000178331,-8852904.699,5426772.699,80773014,2017,2017/01/29 05:00:00+00,200,2,OAKDALE RD,EDDYSTONE AVE,350 m North of,Minor Arterial,,7.0,31,43.749594,-79.526996,Mid-Block,Non Intersection,No Control,Clear,"Dark, artificial",Dry,Non-Fatal Injury,SMV Other,20 to 24,2,,0,0,1,0,0,0,0,0,0,0,0,0,0,25,Glenfield-Jane Heights (25),13895
7000178684,-8846856.822,5408899.228999999,80681699,2017,2017/01/29 05:00:00+00,345,3,F G GARDINER XY  W,SOUTH KINGSWAY RAMP,55 m West of,Major Arterial,Toronto and East York,4.0,11,43.633497999999996,-79.472667,Mid-Block,Non Intersection,No Control,Clear,"Dark, artificial",Dry,Fatal,Rear End,40 to 44,3,9.0,0,0,1,0,0,0,0,0,1,1,0,1,0,85,South Parkdale (85),13897
7000200382,-8816111.27,5433740.959,80734374,2017,2017/02/01 05:00:00+00,1415,14,MORNINGSIDE AVE,401 C E MORNINGSIDE AVE S RAMP,,Major Arterial,Scarborough,,43,43.794795,-79.196475,Intersection,At Intersection,Traffic Signal,Clear,Daylight,Dry,Non-Fatal Injury,Pedestrian Collisions,45 to 49,2,,1,0,1,0,0,0,0,0,0,1,0,0,0,134,Highland Creek (134),13899
7000203536,-8822090.351,5425458.445,80609337,2017,2017/02/02 05:00:00+00,219,2,BRIMLEY RD,ELGAR AVE,,Major Arterial,Scarborough,21.0,43,43.741065,-79.250186,Intersection,At Intersection,Stop Sign,Clear,Dark,Wet,Fatal,Turning Movement,25 to 29,3,5.0,0,0,1,0,0,0,0,0,1,1,0,0,0,138,Eglinton East (138),13900
7000214156,-8837246.945,5413345.272999999,80733611,2017,2017/02/03 05:00:00+00,1430,14,BAY ST,GROSVENOR ST,,Major Arterial,Toronto and East York,,52,43.662397999999996,-79.38634,Intersection,At Intersection,Traffic Signal,Clear,Daylight,Dry,Non-Fatal Injury,Angle,45 to 49,2,,0,0,1,0,0,0,0,0,0,0,0,0,0,76,Bay Street Corridor (76),13223
7000222779,-8853947.651,5406189.575,80772355,2017,2017/02/05 05:00:00+00,314,3,F G GARDINER XY  W,GARDINER X W 427 X N RAMP,250 m West of,,Etobicoke York,3.0,22,43.615878,-79.536365,Mid-Block,Non Intersection,No Control,Clear,Dark,Dry,Non-Fatal Injury,SMV Other,20 to 24,2,,0,0,1,0,0,0,0,0,0,0,0,0,0,20,Alderwood (20),13226
7000224611,-8851420.922,5427469.427,80904954,2017,2017/02/05 05:00:00+00,1330,13,DRIFTWOOD  AVE,VENETIAN  CRES,19 m South of,Collector,Etobicoke York,7.0,31,43.754115000000006,-79.513667,Intersection,Intersection Related,Stop Sign,Drifting Snow,Daylight,Wet,Non-Fatal Injury,Turning Movement,55 to 59,2,,0,0,1,0,0,0,0,1,1,1,0,0,0,25,Glenfield-Jane Heights (25),13337
7000239280,-8833900.792000001,5416663.047,80734116,2017,2017/02/07 05:00:00+00,1909,19,MORTIMER AVE,BROADVIEW AVE,42 m East of,Minor Arterial,Toronto and East York,14.0,54,43.683955,-79.35628100000001,Mid-Block,Non Intersection,No Control,Rain,"Dark, artificial",Wet,Non-Fatal Injury,Pedestrian Collisions,75 to 79,2,,1,0,1,0,0,0,0,0,0,0,0,0,0,57,Broadview North (57),13436
7000244602,-8832251.371,5424113.72,80733972,2017,2017/02/08 05:00:00+00,1510,15,4 THE DONWAY  E,GUYTOI CRT,3 m North of,Minor Arterial,North York,16.0,33,43.732337,-79.341464,Intersection,At/Near Private Drive,No Control,Clear,Daylight,Dry,Non-Fatal Injury,Pedestrian Collisions,35 to 39,2,,1,0,1,0,0,0,0,0,0,1,0,0,0,42,Banbury-Don Mills (42),13546
7000256158,-8835363.196,5412122.629,80772494,2017,2017/02/10 05:00:00+00,1003,10,QUEEN ST E,SHERBOURNE ST,5 m East of,Major Arterial,Toronto and East York,13.0,51,43.654452,-79.36941800000001,Intersection,At Intersection,Traffic Signal,Clear,Daylight,Dry,Non-Fatal Injury,Pedestrian Collisions,45 to 49,2,,1,0,0,0,0,1,0,0,0,0,0,0,0,73,Moss Park (73),13713
7000264756,-8825245.479,5432273.211,80887407,2017,2017/02/11 05:00:00+00,2011,20,MIDLAND  AVE,SHEPPARD  AVE E,,Major Arterial,Scarborough,,42,43.785277,-79.278529,Intersection,At Intersection,Traffic Signal,Clear,"Dark, artificial",Wet,Non-Fatal Injury,Pedestrian Collisions,65 to 69,2,,1,0,1,0,0,0,0,0,0,0,0,0,0,128,Agincourt South-Malvern West (128),13715
7000264793,-8858429.374,5428968.009,80943084,2017,2017/02/11 05:00:00+00,2021,20,STEELES AVE W,ISLINGTON AVE,177 m West of,Major Arterial,Etobicoke York,7.0,31,43.763838,-79.576625,Mid-Block,Non Intersection,No Control,Clear,"Dark, artificial",Dry,Non-Fatal Injury,Approaching,60 to 64,2,,0,0,1,0,0,0,0,0,0,0,0,0,0,21,Humber Summit (21),13717
7000267446,-8835738.677000001,5411842.609,80772697,2017,2017/02/12 05:00:00+00,936,9,RICHMOND ST E,JARVIS ST,,Major Arterial,Toronto and East York,13.0,51,43.652632000000004,-79.372791,Intersection,At Intersection,Traffic Signal,Rain,Daylight,Packed Snow,Non-Fatal Injury,Pedestrian Collisions,60 to 64,2,,1,0,1,0,0,0,0,1,1,1,0,0,0,73,Moss Park (73),13720
7000274781,-8840497.251,5431412.687000001,80735294,2017,2017/02/13 05:00:00+00,1507,15,FINCH AVE W,YONGE ST,,Major Arterial,North York,18.0,32,43.779696,-79.415538,Intersection,At Intersection,Traffic Signal,Clear,Daylight,Wet,Non-Fatal Injury,Pedestrian Collisions,50 to 54,2,,1,0,1,0,0,0,0,0,0,0,0,0,0,51,Willowdale East (51),13722
7000279545,-8854238.083999999,5416018.237000001,80788780,2017,2017/02/14 05:00:00+00,1017,10,ISLINGTON AVE,EGLINTON AVE W,,Major Arterial,Etobicoke York,2.0,23,43.679766,-79.538974,Intersection,At Intersection,Traffic Signal,Clear,Daylight,Dry,Non-Fatal Injury,Turning Movement,55 to 59,2,,0,0,1,0,0,0,0,0,0,0,0,0,0,9,Edenbridge-Humber Valley (9),13724
7000303904,-8852089.395,5404482.225,80632485,2017,2017/02/18 05:00:00+00,29,2,KIPLING AVE,NEW TORONTO ST,112 m North,Major Arterial,Etobicoke York,3.0,22,43.604773,-79.519672,Mid-Block,Underpass or Tunnel,No Control,Clear,"Dark, artificial",Dry,Fatal,SMV Other,30 to 34,3,7.0,0,0,1,0,0,0,0,1,1,1,0,0,0,17,Mimico (includes Humber Bay Shores) (17),13726
7000304579,-8843108.027,5414267.518999999,80783065,2017,2017/02/18 05:00:00+00,347,3,DUFFERIN ST,DUPONT ST,,Major Arterial,Toronto and East York,9.0,14,43.668391,-79.438991,Intersection,At Intersection,Traffic Signal,Clear,"Dark, artificial",Dry,Non-Fatal Injury,Angle,50 to 54,2,,0,0,1,0,0,1,0,1,1,1,1,1,0,93,Dovercourt-Wallace Emerson-Junction (93),13730
7000305009,-8834532.642,5415561.402000001,80734953,2017,2017/02/18 05:00:00+00,709,7,DON VALLEY PARKWAY  S,PRINCE EDWARD VIADUCT,150 m North of,,Toronto and East York,14.0,54,43.676798,-79.36195699999999,Mid-Block,Non Intersection,No Control,Clear,Daylight,Dry,Non-Fatal Injury,SMV Other,20 to 24,2,,0,0,1,0,0,0,0,0,0,0,0,0,0,67,Playter Estates-Danforth (67),13731
7000309465,-8837274.997000001,5411557.368,80735165,2017,2017/02/18 05:00:00+00,2230,22,UNIVERSITY AVE,QUEEN ST W,11 m North of,Major Arterial,Toronto and East York,10.0,52,43.650778,-79.38659200000001,Intersection,At Intersection,Traffic Signal,Clear,"Dark, artificial",Dry,Non-Fatal Injury,Pedestrian Collisions,unknown,2,,1,0,1,0,0,0,0,0,0,0,0,0,0,76,Bay Street Corridor (76),13735
7000311874,-8852790.931,5406688.08,80772235,2017,2017/02/19 05:00:00+00,1057,10,KIPLING AVE,GARDINER C W KIPLING  RAMP,,Major Arterial,Etobicoke York,3.0,22,43.61912,-79.525974,Intersection,At Intersection,Traffic Signal,Clear,Daylight,Dry,Non-Fatal Injury,Turning Movement,45 to 49,2,,0,0,1,1,0,0,0,1,0,1,1,0,0,14,Islington-City Centre West (14),13738
7000313988,-8831946.467,5414278.598999999,80735243,2017,2017/02/19 05:00:00+00,1727,17,1000 GERRARD ST E,,98 m West of,Minor Arterial,Toronto and East York,14.0,55,43.668463,-79.338725,Mid-Block,Non Intersection,No Control,Clear,Daylight,Dry,Non-Fatal Injury,Pedestrian Collisions,55 to 59,2,,1,0,1,0,0,0,0,0,0,0,0,0,0,70,South Riverdale (70),13740
7000337302,-8836627.006000001,5411410.135,80657524,2017,2017/02/23 05:00:00+00,1022,10,ADELAIDE ST W,BAY ST,,Major Arterial,Toronto and East York,,52,43.649821,-79.380771,Intersection,At Intersection,Traffic Signal,Clear,"Daylight, artificial",Dry,Fatal,Pedestrian Collisions,75 to 79,3,8.0,1,0,1,0,0,0,0,0,0,1,0,0,0,76,Bay Street Corridor (76),13742
7000337987,-8840280.735,5430254.706,80772520,2017,2017/02/23 05:00:00+00,1200,12,YONGE ST,NORTON AVE,,Major Arterial,North York,18.0,32,43.772185,-79.413593,Intersection,At Intersection,Stop Sign,Clear,Daylight,Dry,Non-Fatal Injury,Pedestrian Collisions,80 to 84,2,,1,0,1,0,0,0,0,0,0,0,0,0,0,51,Willowdale East (51),13744
7000342920,-8842774.291000001,5409453.714,80772709,2017,2017/02/24 05:00:00+00,615,6,KING ST W,JAMESON AVE,8 m East of,Major Arterial,Toronto and East York,4.0,14,43.637103,-79.43599300000001,Intersection,At Intersection,Traffic Signal,Rain,Dawn,Wet,Non-Fatal Injury,Pedestrian Collisions,55 to 59,2,,1,0,1,0,0,0,0,0,0,1,0,0,0,85,South Parkdale (85),13748
7000346961,-8843350.926,5418121.231000001,80771841,2017,2017/02/24 05:00:00+00,1818,18,OAKWOOD AVE,STRADER AVE,7 m South of,Minor Arterial,Toronto and East York,12.0,13,43.693427,-79.44117299999999,Intersection,At Intersection,No Control,Clear,"Dark, artificial",Dry,Non-Fatal Injury,Pedestrian Collisions,70 to 74,2,,1,0,1,0,0,0,0,0,0,0,0,0,0,107,Oakwood Village (107),13750
7000355242,-8821852.572,5424774.195,80772192,2017,2017/02/26 05:00:00+00,300,3,EGLINTON AVE E,BRIMLEY RD,30 m East of,Major Arterial,Scarborough,,43,43.736624,-79.24805,Mid-Block,Intersection Related,No Control,Clear,"Dark, artificial",Dry,Non-Fatal Injury,Rear End,45 to 49,2,,0,0,1,0,0,0,0,1,1,1,0,1,0,138,Eglinton East (138),13755
7000366630,-8838604.152,5412838.716,80772594,2017,2017/02/26 05:00:00+00,2311,23,215 HURON ST,,20 m South of,Local,Toronto and East York,11.0,52,43.659106,-79.39853199999999,Mid-Block,Non Intersection,No Control,Clear,"Dark, artificial",Dry,Non-Fatal Injury,Cyclist Collisions,45 to 49,2,,0,1,1,0,0,0,0,1,0,0,0,0,0,79,University (79),13758
7000372559,-8827792.58,5422943.1,80772737,2017,2017/02/23 05:00:00+00,2020,20,EGLINTON AVE E,VICTORIA PARK AVE,,Major Arterial,Scarborough,,41,43.724738,-79.30141,Mid-Block,Non Intersection,No Control,Clear,"Dark, artificial",Dry,Non-Fatal Injury,Pedestrian Collisions,85 to 89,2,,1,0,1,0,0,0,0,0,0,0,0,0,0,120,Clairlea-Birchmount (120),13746
7000372975,-8828417.639,5438187.266,80937513,2017,2017/02/28 05:00:00+00,2122,21,STEELES AVE E,KENNEDY RD,,Major Arterial,Scarborough,22.0,42,43.823619,-79.307025,Intersection,At Intersection,Traffic Signal,Rain,"Dark, artificial",Wet,Non-Fatal Injury,Pedestrian Collisions,50 to 54,2,,1,0,1,0,0,0,0,0,0,1,0,0,0,130,Milliken (130),13760
7000395986,-8850972.527,5425232.719,80681738,2017,2017/03/04 05:00:00+00,1001,10,SHEPPARD AVE W,MAGELLAN DR,,Major Arterial,Etobicoke York,,31,43.7396,-79.509639,Intersection,At Intersection,Traffic Signal,Clear,Daylight,Dry,Fatal,Pedestrian Collisions,5 to 9,3,11.0,1,0,1,0,0,0,0,0,0,1,1,0,0,25,Glenfield-Jane Heights (25),13763
7000396718,-8862368.413999999,5422279.676,80681744,2017,2017/03/04 05:00:00+00,1249,12,REXDALE BLVD,RAMP TO ENTRANCE RD,6.5 m West of,Major Arterial,Etobicoke York,1.0,23,43.720431,-79.61201,Mid-Block,Non Intersection,No Control,Clear,Daylight,Dry,Fatal,Pedestrian Collisions,90 to 94,3,14.0,1,0,1,0,0,0,0,0,0,0,0,0,0,1,West Humber-Clairville (1),13765
7000416403,-8846754.075,5411753.99,80681703,2017,2017/03/07 05:00:00+00,1538,15,BLOOR ST W,KENNEDY PARK RD,8.6 m East of,Major Arterial,Toronto and East York,4.0,11,43.652056,-79.471744,Intersection,Intersection Related,No Control,Clear,Daylight,Dry,Fatal,Approaching,80 to 84,3,10.0,0,0,1,0,0,0,0,1,1,1,0,0,0,87,High Park-Swansea (87),13770
7000419004,-8838259.396,5418006.687000001,80741181,2017,2017/03/08 05:00:00+00,36,3,YONGE ST,MERTON ST,386 m South of,Major Arterial,Toronto and East York,12.0,53,43.692683,-79.39543499999999,Mid-Block,Non Intersection,No Control,Clear,"Dark, artificial",Dry,Non-Fatal Injury,SMV Other,30 to 34,2,,0,0,1,0,0,0,0,0,0,0,0,1,0,99,Mount Pleasant East (99),13771
7000432401,-8838769.795,5412659.612000001,80890344,2017,2017/03/10 05:00:00+00,204,2,SPADINA AV,COLLEGE ST,20 m North of,Major Arterial,Toronto and East York,11.0,52,43.657942,-79.40002,Mid-Block,Non Intersection,No Control,Clear,"Dark, artificial",Dry,Non-Fatal Injury,Rear End,35 to 39,2,,0,0,1,0,0,0,0,1,1,1,0,0,0,79,University (79),13773
7000433628,-8810551.752,5431040.964,80775803,2017,2017/03/10 05:00:00+00,846,8,LAWRENCE AVE E,CENTENNIAL RD,17 m East of,Minor Arterial,Scarborough,25.0,43,43.777285,-79.14653299999999,Intersection,At Intersection,Traffic Signal,Clear,Daylight,Dry,Non-Fatal Injury,Rear End,85 to 89,2,,0,0,1,0,0,0,0,1,0,0,0,0,1,133,Centennial Scarborough (133),13777
7000451642,-8824776.713,5436505.765,80775128,2017,2017/03/13 04:00:00+00,1006,10,BRIMWOOD BLVD,WELLPARK BLVD,4 m East of,Collector,Scarborough,23.0,42,43.81272,-79.27431800000001,Intersection,At Intersection,Stop Sign,Clear,Daylight,Dry,Non-Fatal Injury,Cyclist Collisions,70 to 74,2,,0,1,1,0,0,0,0,0,0,0,0,0,0,129,Agincourt North (129),13779
7000452997,-8846492.474,5422599.291,80775507,2017,2017/03/13 04:00:00+00,1405,14,CALEDONIA RD,BRIDGELAND AVE,176 m South of,Minor Arterial,North York,8.0,32,43.722506,-79.469394,Mid-Block,Non Intersection,No Control,Snow,Daylight,Wet,Non-Fatal Injury,Rear End,40 to 44,2,,0,0,1,0,0,0,0,0,1,1,0,0,0,31,Yorkdale-Glen Park (31),13781
7000466331,-8824666.284,5434286.914,80775989,2017,2017/03/15 04:00:00+00,1658,16,BRIMLEY RD,HUNTINGWOOD DR,,Major Arterial,Scarborough,23.0,42,43.798334999999994,-79.273326,Intersection,At Intersection,Traffic Signal,Clear,Daylight,Dry,Non-Fatal Injury,Angle,45 to 49,2,,0,0,1,0,0,0,0,1,0,1,1,0,0,129,Agincourt North (129),13785
7000485980,-8836418.06,5414151.329,80681739,2017,2017/03/18 04:00:00+00,1932,19,JARVIS ST,EARL PL,30 m South of,Major Arterial,Toronto and East York,13.0,51,43.667636,-79.37889399999999,Mid-Block,Intersection Related,No Control,Rain,"Dark, artificial",Wet,Fatal,Pedestrian Collisions,65 to 69,3,12.0,1,0,1,0,0,0,0,0,0,0,0,0,0,74,North St.James Town (74),13787
7000487672,-8859317.704,5426602.262999999,80885193,2017,2017/03/19 04:00:00+00,155,1,2677 KIPLING  AVE,,6 m East of,Major Arterial,Etobicoke York,1.0,23,43.748488,-79.58460500000001,Mid-Block,At/Near Private Drive,No Control,Snow,"Dark, artificial",Wet,Non-Fatal Injury,SMV Other,30 to 34,2,,0,0,1,0,0,0,0,0,1,1,0,1,0,2,Mount Olive-Silverstone-Jamestown (2),13788
7000487878,-8838516.655,5426079.722,80681741,2017,2017/03/19 04:00:00+00,255,2,106 YORK MILLS RD,,,Major Arterial,North York,15.0,32,43.745096999999994,-79.397746,Mid-Block,Non Intersection,No Control,Clear,"Dark, artificial",Wet,Fatal,SMV Other,45 to 49,3,13.0,0,0,1,0,0,0,0,0,1,1,0,0,0,41,Bridle Path-Sunnybrook-York Mills (41),13790
7000501083,-8832858.618999999,5411563.829,80896796,2017,2017/03/21 04:00:00+00,845,8,LAKE SHORE BLVD E,DON ROADWAY,16 m East of,Major Arterial,Toronto and East York,14.0,55,43.65082,-79.346919,Intersection,At Intersection,Traffic Signal,Clear,Daylight,Dry,Non-Fatal Injury,Cyclist Collisions,65 to 69,2,,0,1,1,0,0,0,0,0,0,0,0,0,0,70,South Riverdale (70),13792
7000501226,-8821852.572,5424774.195,80775800,2017,2017/03/21 04:00:00+00,905,9,EGLINTON AVE E,BRIMLEY RD,,Major Arterial,Scarborough,,43,43.736624,-79.24805,Intersection,At Intersection,Traffic Signal,Clear,Daylight,Dry,Non-Fatal Injury,Pedestrian Collisions,75 to 79,2,,1,0,1,0,0,0,0,0,0,1,0,0,0,138,Eglinton East (138),13794
7000503905,-8829766.386,5429432.598999999,80788374,2017,2017/03/21 04:00:00+00,1606,16,401 C E VICTORIA PR N RAMP,VICTORIA PARK AVE,,Major Arterial,North York,,41,43.766852,-79.319141,Intersection,At Intersection,Traffic Signal,Clear,Daylight,Dry,Non-Fatal Injury,Pedestrian Collisions,65 to 69,2,,1,0,1,0,0,0,0,0,0,1,0,0,0,119,Wexford/Maryvale (119),13796
7000510048,-8832531.674,5414620.868,80942135,2017,2017/03/22 04:00:00+00,1440,14,CARLAW AVE,RIVERDALE AVE,,Minor Arterial,Toronto and East York,14.0,55,43.670687,-79.343982,Intersection,At Intersection,No Control,Clear,Daylight,Dry,Non-Fatal Injury,Pedestrian Collisions,unknown,2,,1,0,1,0,0,0,0,0,0,0,0,0,0,68,North Riverdale (68),13798
7000513794,-8861210.803,5427748.687999999,80776080,2017,2017/03/23 04:00:00+00,653,6,MARTIN GROVE RD,BRUNELLO GT,,Minor Arterial,Etobicoke York,1.0,23,43.755927,-79.601611,Intersection,At Intersection,Stop Sign,Clear,Dawn,Dry,Non-Fatal Injury,Turning Movement,55 to 59,2,,0,0,1,0,0,0,0,0,0,1,0,0,0,2,Mount Olive-Silverstone-Jamestown (2),13800
7000525658,-8840133.793,5431522.156,80775261,2017,2017/03/24 04:00:00+00,2213,22,FINCH AVE E,DORIS AVE,,Major Arterial,North York,18.0,32,43.780406,-79.412273,Intersection,At Intersection,Traffic Signal,Rain,"Dark, artificial",Wet,Non-Fatal Injury,Cyclist Collisions,50 to 54,2,,0,1,1,0,0,0,0,0,0,0,0,0,0,51,Willowdale East (51),13110
7000532785,-8851697.884,5419146.655,80775275,2017,2017/03/26 04:00:00+00,254,2,LAWRENCE  AVE W,WESTON RD,,Major Arterial,Etobicoke York,5.0,12,43.700086999999996,-79.516155,Intersection,At Intersection,Traffic Signal,Rain,"Dark, artificial",Wet,Non-Fatal Injury,Pedestrian Collisions,70 to 74,2,,1,0,1,0,0,0,0,0,0,0,0,0,0,113,Weston (113),13116
7000534714,-8820395.178,5430791.667,80782613,2017,2017/03/26 04:00:00+00,1310,13,ELLESMERE RD,DOLLY VARDEN BLVD,,Major Arterial,Scarborough,24.0,43,43.775667999999996,-79.23495799999999,Intersection,At Intersection,Traffic Signal,Clear,Daylight,Wet,Non-Fatal Injury,Turning Movement,70 to 74,2,,0,0,1,0,0,0,0,1,0,1,1,0,0,137,Woburn (137),13124