ACCNUM,X,Y,Index_,YEAR,DATE,TIME,HOUR,STREET1,STREET2,OFFSET,ROAD_CLASS,District,WardNum,Division,LATITUDE,LONGITUDE,LOCCOORD,ACCLOC,TRAFFCTL,VISIBILITY,LIGHT,RDSFCOND,ACCLASS,IMPACTYPE,INVAGE,INJURY,FATAL_NO,PEDESTRIAN,CYCLIST,AUTOMOBILE,MOTORCYCLE,TRUCK,TRSN_CITY_VEH,EMERG_VEH,PASSENGER,SPEEDING,AG_DRIV,REDLIGHT,ALCOHOL,DISABILITY,Hood_ID,Neighbourhood,ObjectId
7000539360,-8840488.791000001,5419602.436000001,80775491,2017,2017/03/27 04:00:00+00,855,8,EGLINTON AVE W,RUSSELL HILL RD,3 m East of,Major Arterial,North York,,53,43.703047,-79.415462,Intersection,Non Intersection,Traffic Controller,Clear,Daylight,Wet,Non-Fatal Injury,Other,45 to 49,2,,0,0,0,0,0,1,0,1,0,0,0,0,0,101,Forest Hill South (101),13126
7000545198,-8829300.069,5433722.143999999,80914571,2017,2017/03/28 04:00:00+00,600,6,2800 WARDEN AVE,,,Major Arterial,Scarborough,22.0,42,43.794672999999996,-79.314952,Mid-Block,Non Intersection,Pedestrian Crossover,Clear,Dark,Dry,Non-Fatal Injury,Pedestrian Collisions,65 to 69,2,,1,0,1,0,0,0,0,0,0,1,0,0,0,117,L'Amoreaux (117),13128
7000557720,-8818262.63,5428650.64,80783180,2017,2017/03/30 04:00:00+00,15,1,SCARBOROUGH GOLF CLUB RD,LAWRENCE AVE E,,Major Arterial,Scarborough,24.0,43,43.761779,-79.215801,Intersection,At Intersection,Traffic Signal,Clear,"Dark, artificial",Dry,Non-Fatal Injury,Angle,70 to 74,2,,0,0,1,0,0,0,0,1,1,1,1,0,0,137,Woburn (137),13131
7000566327,-8827419.771,5437613.308999999,80782615,2017,2017/03/31 04:00:00+00,1050,10,PASSMORE  AVE,SILVER STAR  BLVD,,Collector,Scarborough,22.0,42,43.819899,-79.298061,Intersection,At Intersection,Traffic Signal,Clear,Daylight,Dry,Non-Fatal Injury,Turning Movement,60 to 64,2,,0,0,1,0,0,0,0,0,0,1,1,0,0,130,Milliken (130),13133
7000570934,-8843243.947999999,5412735.931,80774388,2017,2017/04/01 04:00:00+00,208,2,MARGUERETTA ST,BLOOR  ST W,34 m South of,Local,Toronto and East York,9.0,11,43.658438000000004,-79.440212,Mid-Block,Non Intersection,No Control,Clear,"Dark, artificial",Wet,Non-Fatal Injury,Pedestrian Collisions,unknown,2,,1,0,1,0,0,0,0,0,0,0,0,0,0,83,Dufferin Grove (83),13135
7000576786,-8859118.219,5421844.865,80774605,2017,2017/04/02 04:00:00+00,4,4,MARTIN GROVE RD,JEFFCOAT DR,120 m South of,Major Arterial,Etobicoke York,1.0,23,43.717608,-79.582813,Mid-Block,Non Intersection,No Control,Clear,"Dark, artificial",Dry,Non-Fatal Injury,SMV Other,60 to 64,2,,0,0,1,0,0,0,0,0,1,1,0,0,0,1,West Humber-Clairville (1),13136
7000578380,-8831689.987,5437133.033,80774688,2017,2017/04/02 04:00:00+00,905,9,PHARMACY AVE,STEELES AVE E,,Major Arterial,Scarborough,22.0,42,43.816786,-79.336421,Intersection,At Intersection,Traffic Signal,Clear,Daylight,Dry,Non-Fatal Injury,Pedestrian Collisions,65 to 69,2,,1,0,1,0,0,0,0,0,0,1,0,0,0,116,Steeles (116),13138
7000585076,-8856572.787999999,5410857.84,80774897,2017,2017/04/03 04:00:00+00,1053,10,THE EAST MALL,BURNHAMTHORPE RD,,Major Arterial,Etobicoke York,2.0,22,43.646231,-79.559947,Intersection,Intersection Related,Traffic Signal,Clear,Daylight,Dry,Non-Fatal Injury,Pedestrian Collisions,90 to 94,2,,1,0,1,0,0,0,0,1,0,0,0,0,0,14,Islington-City Centre West (14),13141
7000589620,-8819470.335,5435331.875,80775045,2017,2017/04/04 04:00:00+00,10,1,MCLEVIN AVE,TAPSCOTT RD,,Minor Arterial,Scarborough,23.0,42,43.80511,-79.22665,Intersection,At Intersection,Traffic Signal,Rain,"Dark, artificial",Wet,Non-Fatal Injury,Pedestrian Collisions,40 to 44,2,,1,0,1,0,0,0,0,0,0,0,0,0,0,132,Malvern (132),13143
7000591252,-8842264.671,5411372.596,80775114,2017,2017/04/04 04:00:00+00,853,8,DUFFERIN ST,DUNDAS ST W,,Minor Arterial,Toronto and East York,9.0,14,43.649577,-79.431415,Intersection,At Intersection,Traffic Signal,Rain,Daylight,Wet,Non-Fatal Injury,Pedestrian Collisions,65 to 69,2,,1,0,1,0,0,0,0,0,0,1,0,0,0,84,Little Portugal (84),13145
7000600536,-8852369.586000001,5417435.216,80774330,2017,2017/04/05 04:00:00+00,1454,14,4 RIDGEMOUNT RD,CHAPMAN RD,2 m East of,Local,Etobicoke York,2.0,23,43.688971,-79.522189,Intersection,At/Near Private Drive,No Control,Clear,Daylight,Dry,Non-Fatal Injury,Pedestrian Collisions,85 to 89,2,,1,0,1,0,0,0,0,0,0,0,0,0,0,8,Humber Heights-Westmount (8),13148
7000606743,-8822207.57,5419320.034,80741748,2017,2017/04/06 04:00:00+00,1403,14,CLIFFSIDE DR,FOLCROFT AVE,10 m North of,Local,Scarborough,20.0,41,43.701213,-79.251239,Intersection,Intersection Related,No Control,Rain,Daylight,Wet,Fatal,Other,55 to 59,3,15.0,0,0,0,0,1,0,0,1,0,0,0,0,0,122,Birchcliffe-Cliffside (122),13150
7000607486,-8839523.985,5412085.7020000005,80910055,2017,2017/04/06 04:00:00+00,1549,15,NASSAU ST,BATHURST ST,,Major Arterial,Toronto and East York,11.0,14,43.654212,-79.40679499999999,Intersection,At Intersection,Traffic Signal,Rain,Daylight,Wet,Non-Fatal Injury,Pedestrian Collisions,75 to 79,2,,1,0,1,0,0,0,0,1,0,1,0,0,0,78,Kensington-Chinatown (78),13153
7000609601,-8819656.239,5429531.408,80774628,2017,2017/04/06 04:00:00+00,2315,23,MARKHAM RD,PAINTED POST DR,10 m West of,Major Arterial,Scarborough,24.0,43,43.767493,-79.22832,Intersection,At Intersection,Traffic Signal,Rain,"Dark, artificial",Wet,Non-Fatal Injury,Pedestrian Collisions,25 to 29,2,,1,0,1,0,0,0,0,0,0,0,0,0,0,137,Woburn (137),13155
7000633254,-8857973.298,5418386.661,80774282,2017,2017/04/10 04:00:00+00,1610,16,MARTIN GROVE RD,DOSCO RD,7 m South of MARTIN GROVE RD,Major Arterial,Etobicoke York,1.0,23,43.695151,-79.572528,Intersection,At Intersection,No Control,Clear,Daylight,Wet,Non-Fatal Injury,Turning Movement,45 to 49,2,,0,0,1,0,0,0,0,0,1,1,0,0,0,1,West Humber-Clairville (1),13157
7000635280,-8846827.991,5414731.831,80774352,2017,2017/04/10 04:00:00+00,2229,22,ST CLAIR AVE W,GUNNS RD,90 m West of,Major Arterial,Etobicoke York,5.0,12,43.671408,-79.472408,Mid-Block,Non Intersection,No Control,Rain,Dark,Wet,Non-Fatal Injury,Pedestrian Collisions,50 to 54,2,,1,0,1,0,0,0,0,0,0,1,0,0,0,90,Junction Area (90),13159
7000637893,-8845321.281,5424064.884,80741715,2017,2017/04/11 04:00:00+00,1056,10,WILSON AVE,DUFFERIN ST,10 m west,Major Arterial,North York,6.0,32,43.73202,-79.458873,Intersection,At Intersection,Traffic Signal,Clear,Daylight,Dry,Fatal,Pedestrian Collisions,60 to 64,3,16.0,1,0,0,0,1,0,0,0,0,1,0,0,0,33,Clanton Park (33),13161
7000641093,-8834705.855,5413384.051,80774494,2017,2017/04/11 04:00:00+00,1919,19,GERRARD ST E,SACKVILLE ST,37 m East of,Minor Arterial,Toronto and East York,13.0,51,43.66265,-79.363513,Mid-Block,Non Intersection,No Control,Clear,Daylight,Dry,Non-Fatal Injury,Pedestrian Collisions,40 to 44,2,,1,0,1,0,0,0,0,0,0,0,0,0,0,72,Regent Park (72),13163
7000649054,-8836628.676,5433824.392000001,80741716,2017,2017/04/13 04:00:00+00,144,1,CUMMER AVE,SNOWCREST AVE,150 m East,Collector,North York,17.0,33,43.795336,-79.380786,Mid-Block,Non Intersection,No Control,Clear,"Dark, artificial",Dry,Fatal,SMV Other,25 to 29,3,17.0,0,0,1,0,0,0,0,1,1,1,0,0,0,49,Bayview Woods-Steeles (49),13165
7000659290,-8838478.472000001,5411640.1389999995,80741717,2017,2017/04/14 04:00:00+00,1805,18,SPADINA AVE,SULLIVAN ST,50 m North,Major Arterial,Toronto and East York,10.0,52,43.651315999999994,-79.397403,Mid-Block,Non Intersection,No Control,Clear,Daylight,Dry,Fatal,Pedestrian Collisions,65 to 69,3,18.0,1,0,0,0,0,1,0,0,0,0,0,0,0,78,Kensington-Chinatown (78),13167
7000665292,-8850823.025,5427830.371,80774219,2017,2017/04/15 04:00:00+00,2002,20,61 TOPCLIFF  AVE,,47 m East of,Local,Etobicoke York,7.0,31,43.756457,-79.508296,Mid-Block,Non Intersection,No Control,Clear,"Dark, artificial",Dry,Non-Fatal Injury,Approaching,5 to 9,2,,0,0,1,0,0,0,0,1,1,1,0,0,0,25,Glenfield-Jane Heights (25),13174
7000669891,-8836644.037999999,5409858.562999999,80774368,2017,2017/04/16 04:00:00+00,1649,16,QUEENS QUAY W,YORK ST,47 m West of,Minor Arterial,Toronto and East York,10.0,52,43.639734999999995,-79.380924,Mid-Block,Non Intersection,No Control,Clear,Daylight,Dry,Non-Fatal Injury,Pedestrian Collisions,50 to 54,2,,1,0,0,0,0,1,0,0,0,0,0,0,0,77,Waterfront Communities-The Island (77),13176
7000670017,-8857535.033,5417060.515,80774370,2017,2017/04/16 04:00:00+00,1659,16,MARTIN GROVE RD,TOLLINGTON RD,2 m North of,Major Arterial,Etobicoke York,,23,43.686537,-79.568591,Intersection,At Intersection,No Control,Clear,Daylight,Dry,Non-Fatal Injury,Rear End,40 to 44,2,,0,0,1,0,0,0,0,0,0,1,0,0,0,7,Willowridge-Martingrove-Richview (7),13178
7000675895,-8855655.626,5412183.095,80774590,2017,2017/04/17 04:00:00+00,1858,18,219 MARTIN GROVE RD,,100 m North of DONALBERT ROAD,Collector,Etobicoke York,2.0,22,43.654845,-79.55170799999999,Mid-Block,Non Intersection,No Control,Clear,Daylight,Dry,Non-Fatal Injury,SMV Other,15 to 19,2,,0,0,0,1,0,0,0,0,0,0,0,0,0,14,Islington-City Centre West (14),13179
7000676531,-8845191.372000001,5427273.549,80774592,2017,2017/04/17 04:00:00+00,2132,21,WILSON HEIGHTS BLVD,COCKSFIELD AVE,,Collector,North York,6.0,32,43.752844,-79.457706,Intersection,Intersection Related,No Control,Clear,"Dark, artificial",Dry,Non-Fatal Injury,Pedestrian Collisions,85 to 89,2,,1,0,1,0,0,0,0,0,0,0,0,0,0,34,Bathurst Manor (34),13181
7000680975,-8843046.912999999,5427665.155,80774667,2017,2017/04/18 04:00:00+00,1503,15,SHEPPARD AVE W,BATHURST ST,20 m West of,Major Arterial,North York,6.0,32,43.755385,-79.43844200000001,Intersection,At/Near Private Drive,No Control,Clear,Daylight,Dry,Non-Fatal Injury,Cyclist Collisions,55 to 59,2,,0,1,1,0,0,0,0,0,0,1,0,0,0,38,Lansing-Westgate (38),13183
7000689594,-8822826.729,5424483.315,80774884,2017,2017/04/19 04:00:00+00,2045,20,EGLINTON AVE E,COMMONWEALTH AVE,29 m East of,Major Arterial,Scarborough,,41,43.734736,-79.256801,Intersection,At Intersection,No Control,Clear,"Dark, artificial",Dry,Non-Fatal Injury,Pedestrian Collisions,65 to 69,2,,1,0,1,0,0,0,0,0,0,0,0,0,0,124,Kennedy Park (124),13185
7000689985,-8838037.647,5412842.255,80774888,2017,2017/04/19 04:00:00+00,2206,22,COLLEGE ST,MC CAUL ST,17 m West of,Major Arterial,Toronto and East York,11.0,52,43.659129,-79.393443,Intersection,At Intersection,Streetcar (Stop for),Clear,"Dark, artificial",Dry,Non-Fatal Injury,Pedestrian Collisions,35 to 39,2,,1,0,1,0,0,0,0,1,0,1,0,0,0,78,Kensington-Chinatown (78),13188
7000697706,-8843830.713,5409429.102999999,80774016,2017,2017/04/21 04:00:00+00,543,5,LAKE SHORE BLVD W,PARKSIDE DR,700 m East of,Major Arterial,Toronto and East York,4.0,14,43.636943,-79.445483,Mid-Block,Non Intersection,No Control,Clear,"Dark, artificial",Wet,Non-Fatal Injury,SMV Other,60 to 64,2,,0,0,1,0,0,0,0,0,1,1,0,0,0,85,South Parkdale (85),13189
7000701050,-8814174.867,5433580.262999999,80741752,2017,2017/04/21 04:00:00+00,1530,15,HALFMOON SQ,CANMORE BLVD,north of,Collector,Scarborough,25.0,43,43.793753,-79.17908,Intersection,Intersection Related,No Control,Clear,"Daylight, artificial",Dry,Fatal,Pedestrian Collisions,50 to 54,3,19.0,1,0,1,0,0,0,0,0,0,0,0,0,0,134,Highland Creek (134),13191
7000714905,-8838686.527999999,5420827.919,80974088,2017,2017/04/23 04:00:00+00,2044,20,YONGE ST,ERSKINE AVE,,Major Arterial,North York,,53,43.711005,-79.399272,Intersection,At Intersection,Traffic Controller,Clear,Dusk,Dry,Non-Fatal Injury,Turning Movement,50 to 54,2,,0,0,1,1,0,0,0,1,0,1,0,0,0,104,Mount Pleasant West (104),13194
7000734516,-8834994.617,5431753.895,80741773,2017,2017/04/26 04:00:00+00,1857,18,LESLIE ST,CORNING RD,,Major Arterial,North York,17.0,33,43.781909000000006,-79.366107,Intersection,At/Near Private Drive,No Control,Clear,Daylight,Dry,Fatal,Angle,45 to 49,3,20.0,0,0,1,1,0,0,0,0,0,1,0,0,0,47,Don Valley Village (47),13196
7000750134,-8859138.591,5426084.345,80778186,2017,2017/04/29 04:00:00+00,205,2,KIPLING AVE,STEVENSON  RD,80 m North of,Major Arterial,Etobicoke York,1.0,23,43.745127000000004,-79.582996,Mid-Block,Non Intersection,No Control,Clear,"Dark, artificial",Dry,Non-Fatal Injury,Approaching,50 to 54,2,,0,0,1,0,0,0,0,1,0,1,0,0,0,2,Mount Olive-Silverstone-Jamestown (2),13200
7000750453,-8840520.183,5415539.7,80778249,2017,2017/04/29 04:00:00+00,325,3,DAVENPORT ROAD,BATHURST ST,5 m East of,Major Arterial,Toronto and East York,12.0,13,43.676657,-79.41574399999999,Intersection,Intersection Related,Traffic Signal,Clear,"Dark, artificial",Dry,Non-Fatal Injury,Pedestrian Collisions,70 to 74,2,,1,0,1,0,0,0,0,0,0,0,0,0,0,96,Casa Loma (96),13202
7000769510,-8858205.177000001,5423456.066000001,80777623,2017,2017/05/02 04:00:00+00,645,6,WESTHUMBER BLVD,KIPLING AVE,,Major Arterial,Etobicoke York,1.0,23,43.728068,-79.574611,Intersection,At Intersection,Traffic Signal,Clear,"Dawn, artificial",Dry,Non-Fatal Injury,Cyclist Collisions,60 to 64,2,,0,1,1,0,0,0,0,0,0,0,0,0,0,4,Rexdale-Kipling (4),13204
7000776224,-8838079.281,5412014.62,80915251,2017,2017/05/03 04:00:00+00,716,7,DUNDAS ST W,BEVERLEY ST,,Major Arterial,Toronto and East York,,52,43.65375,-79.393817,Intersection,At Intersection,Traffic Signal,Clear,Daylight,Dry,Non-Fatal Injury,Pedestrian Collisions,60 to 64,2,,1,0,0,0,1,0,0,0,0,0,0,0,0,78,Kensington-Chinatown (78),13206
7000781355,-8831224.56,5425750.5879999995,80942883,2017,2017/05/03 04:00:00+00,2142,21,DON VALLEY PARKWAY  N,LAWRENCE AVE E,400 m North of,,North York,16.0,33,43.742961,-79.33224,Mid-Block,Non Intersection,No Control,Clear,"Dark, artificial",Dry,Non-Fatal Injury,Pedestrian Collisions,unknown,2,,1,0,1,0,0,0,0,0,0,0,0,0,0,45,Parkwoods-Donalda (45),13208
7000786056,-8820388.387,5433709.19,80778050,2017,2017/05/04 04:00:00+00,1546,15,SHEPPARD AVE E,MALVERN ST,,Major Arterial,Scarborough,23.0,42,43.794589,-79.234897,Intersection,At Intersection,Traffic Controller,Rain,Daylight,Wet,Non-Fatal Injury,Turning Movement,40 to 44,2,,0,0,1,0,0,0,0,1,0,0,0,0,0,132,Malvern (132),13211
7000787575,-8821068.661,5434309.893999999,80778120,2017,2017/05/04 04:00:00+00,2025,20,NUGGET AVE,MARKHAM RD,,Major Arterial,Scarborough,23.0,42,43.798484,-79.241008,Intersection,At Intersection,Traffic Signal,Rain,Daylight,Wet,Non-Fatal Injury,Pedestrian Collisions,unknown,2,,1,0,1,0,0,0,0,0,0,1,0,0,0,132,Malvern (132),13212
7000787795,-8823822.148,5427385.897000001,80885803,2017,2017/05/04 04:00:00+00,2110,21,MIDLAND AVE,TREEWOOD ST,3 m West of,Major Arterial,Scarborough,21.0,41,43.753572999999996,-79.265743,Intersection,At Intersection,No Control,Rain,"Dark, artificial",Wet,Non-Fatal Injury,Approaching,65 to 69,2,,0,0,1,0,0,0,0,1,0,1,0,0,1,127,Bendale (127),13008
7000788679,-8851640.889,5420042.532000001,80778190,2017,2017/05/05 04:00:00+00,151,1,116 KING ST,,3 m North of,Local,Etobicoke York,5.0,12,43.705905,-79.51564300000001,Intersection,Intersection Related,No Control,Rain,"Dark, artificial",Wet,Non-Fatal Injury,SMV Other,25 to 29,2,,0,0,0,0,0,0,0,1,0,0,0,0,0,113,Weston (113),13009
7000792662,-8841806.034,5414858.647000001,80778409,2017,2017/05/05 04:00:00+00,1616,16,WYCHCREST AVE,SHAW ST,,Collector,Toronto and East York,12.0,13,43.672232,-79.427295,Intersection,At Intersection,Stop Sign,Rain,Daylight,Wet,Non-Fatal Injury,SMV Other,75 to 79,2,,0,0,1,0,0,0,0,0,0,0,0,0,0,94,Wychwood (94),13010
7000795019,-8817802.213,5437105.418,80741774,2017,2017/05/05 04:00:00+00,2359,23,MORNINGSIDE AVE,SEWELLS RD,north of,Minor Arterial,Scarborough,25.0,42,43.816607,-79.211665,Mid-Block,Non Intersection,No Control,Clear,"Dark, artificial",,Fatal,Approaching,70 to 74,3,21.0,0,0,1,0,0,0,0,1,0,0,0,0,0,131,Rouge (131),13015
7000797636,-8836689.011,5412567.6,80777414,2017,2017/05/06 04:00:00+00,1248,12,YONGE  ST,GOULD ST,,Major Arterial,Toronto and East York,,51,43.657344,-79.381328,Intersection,At Intersection,Traffic Signal,Clear,Daylight,Dry,Non-Fatal Injury,Cyclist Collisions,70 to 74,2,,0,1,1,0,0,0,0,0,0,1,0,0,0,75,Church-Yonge Corridor (75),13017
7000802019,-8833749.62,5412616.837,80783687,2017,2017/05/07 04:00:00+00,620,6,KING ST E,QUEEN ST E,21 m East of,Major Arterial,Toronto and East York,13.0,51,43.657664000000004,-79.354923,Intersection,Intersection Related,No Control,Clear,"Daylight, artificial",Dry,Non-Fatal Injury,Approaching,55 to 59,2,,0,0,1,0,0,0,0,1,1,1,0,0,0,73,Moss Park (73),13027
7000804511,-8832898.582999999,5427093.086,80777566,2017,2017/05/07 04:00:00+00,1630,16,1446 DON MILLS RD,,15 m East of,Major Arterial,North York,16.0,33,43.751673,-79.347278,Mid-Block,Non Intersection,No Control,Clear,Daylight,Dry,Non-Fatal Injury,SMV Other,75 to 79,2,,0,0,1,0,0,0,0,1,0,0,0,0,1,42,Banbury-Don Mills (42),13029
7000811654,-8844026.079,5424449.267000001,80741776,2017,2017/05/08 04:00:00+00,1815,18,WILSON AVE,WILSON HEIGHTS BLVD,,Major Arterial,North York,6.0,32,43.734515,-79.447238,Intersection,At Intersection,Traffic Signal,Clear,Daylight,Dry,Fatal,Turning Movement,45 to 49,3,22.0,0,0,1,1,0,0,0,0,0,1,0,0,0,33,Clanton Park (33),13031
7000825036,-8838171.008,5412804.095,80916052,2017,2017/05/10 04:00:00+00,900,9,COLLEGE  ST,HENRY ST,,Major Arterial,Toronto and East York,11.0,52,43.658881,-79.39464100000001,Intersection,At Intersection,No Control,Clear,Daylight,Dry,Non-Fatal Injury,Cyclist Collisions,30 to 34,2,,0,1,1,0,0,0,0,0,0,1,0,0,0,78,Kensington-Chinatown (78),13033
7000825885,-8826750.519,5423738.748,80778084,2017,2017/05/10 04:00:00+00,2017,20,ASHTONBEE RD,HAKIMI AV              (411),9 m East of,Collector,Scarborough,21.0,41,43.729903,-79.292049,Intersection,Intersection Related,Traffic Signal,Clear,"Dark, artificial",Dry,Non-Fatal Injury,Turning Movement,45 to 49,2,,0,0,1,0,0,0,0,1,1,1,1,0,0,119,Wexford/Maryvale (119),13036
7000831003,-8833009.012,5415776.887999999,80778166,2017,2017/05/11 04:00:00+00,1550,15,DANFORTH AVE,FERRIER AVE,2 m West of,Major Arterial,Toronto and East York,14.0,54,43.678197999999995,-79.34827,Intersection,Intersection Related,No Control,Clear,Daylight,Dry,Non-Fatal Injury,Cyclist Collisions,unknown,2,,0,1,1,0,0,0,0,0,0,1,0,0,0,68,North Riverdale (68),13039
7000832770,-8843215.896,5411582.137999999,80937555,2017,2017/05/11 04:00:00+00,2100,21,LANSDOWNE AVE,COLLEGE ST,5 m North of,Minor Arterial,Toronto and East York,9.0,11,43.650939,-79.43996,Intersection,At Intersection,Traffic Signal,Clear,"Dusk, artificial",Dry,Non-Fatal Injury,Pedestrian Collisions,unknown,2,,1,0,1,0,0,0,0,0,0,0,0,0,0,83,Dufferin Grove (83),13041
7000838415,-8832640.433,5436814.149,80899492,2017,2017/05/12 04:00:00+00,1723,17,3160 STEELES AVE E,,26 m West of,Major Arterial,North York,17.0,33,43.814719000000004,-79.344959,Mid-Block,Intersection Related,No Control,Clear,Daylight,Dry,Non-Fatal Injury,Rear End,75 to 79,2,,0,0,1,0,0,0,0,1,1,1,0,0,0,48,Hillcrest Village (48),13052
7000840338,-8818845.165,5437571.035,80896024,2017,2017/05/13 04:00:00+00,2343,23,MORNINGSIDE AVE,STAINES RD,15 m East of,Minor Arterial,Scarborough,25.0,42,43.819625,-79.221034,Intersection,At Intersection,Traffic Signal,Clear,"Dark, artificial",Dry,Non-Fatal Injury,SMV Other,25 to 29,2,,0,0,1,0,0,0,0,0,1,1,0,0,0,132,Malvern (132),13059
7000844451,-8838644.116,5412227.715,80777458,2017,2017/05/13 04:00:00+00,1625,16,SPADINA AVENUE,BALDWIN STREET,2 m North of,Major Arterial,Toronto and East York,11.0,52,43.655134999999994,-79.398891,Intersection,Intersection Related,No Control,Clear,Daylight,Dry,Non-Fatal Injury,Pedestrian Collisions,55 to 59,2,,1,0,0,0,0,1,0,0,0,0,0,0,0,78,Kensington-Chinatown (78),13054
7000844839,-8840039.505,5410004.694,80899315,2017,2017/05/13 04:00:00+00,1740,17,STRACHAN  AVE,DOURO ST,,Minor Arterial,Toronto and East York,10.0,14,43.640685,-79.411426,Intersection,At Intersection,Traffic Signal,Clear,Daylight,Dry,Non-Fatal Injury,Cyclist Collisions,50 to 54,2,,0,1,1,0,0,0,0,0,0,0,0,0,0,82,Niagara (82),13056
7000846259,-8841387.362,5418522.919,80777602,2017,2017/05/13 04:00:00+00,2246,22,BATHURST ST,AVENAL DR,,Major Arterial,Toronto and East York,12.0,13,43.696036,-79.423534,Intersection,At Intersection,No Control,Clear,"Dark, artificial",Dry,Non-Fatal Injury,Pedestrian Collisions,60 to 64,2,,1,0,1,0,0,0,0,0,0,1,0,0,0,101,Forest Hill South (101),13058
7000852096,-8821446.59,5426886.274,80776693,2017,2017/05/14 04:00:00+00,2230,22,DANFORTH RD,BARRYMORE RD,12 m North of,Major Arterial,Scarborough,21.0,43,43.750331,-79.244403,Intersection,Intersection Related,No Control,Clear,"Dark, artificial",Dry,Non-Fatal Injury,Pedestrian Collisions,60 to 64,2,,1,0,1,0,0,0,0,0,0,0,0,0,0,127,Bendale (127),13061
7000855624,-8813227.872000001,5435758.376,80903181,2017,2017/05/15 04:00:00+00,1315,13,MEADOWVALE RD,SHEPPARD AV E,37 m South of,Minor Arterial,Scarborough,25.0,42,43.807875,-79.170573,Mid-Block,Non Intersection,No Control,Clear,Daylight,Dry,Non-Fatal Injury,Turning Movement,45 to 49,2,,0,0,1,1,0,0,0,0,0,1,0,0,0,131,Rouge (131),13063
7000857576,-8849465.037999999,5415618.505,80776910,2017,2017/05/15 04:00:00+00,1806,18,JANE ST,DALRYMPLE DR,,Major Arterial,Etobicoke York,5.0,12,43.677169,-79.49609699999999,Intersection,Non Intersection,No Control,Clear,Daylight,Dry,Non-Fatal Injury,Pedestrian Collisions,50 to 54,2,,1,0,1,0,0,0,0,0,0,0,0,0,0,111,Rockcliffe-Smythe (111),13065
7000861875,-8828873.715,5428180.232999999,80741778,2017,2017/05/16 04:00:00+00,1135,11,95 ELLESMERE RD,,,Major Arterial,Scarborough,21.0,41,43.758727,-79.311122,Mid-Block,Non Intersection,No Control,Clear,Daylight,Dry,Fatal,SMV Other,80 to 84,3,23.0,0,0,1,0,0,0,0,0,0,0,0,0,1,119,Wexford/Maryvale (119),13066
7000863403,-8848602.98,5414716.594,80903297,2017,2017/05/16 04:00:00+00,1535,15,CORBETT  AVE,MOULD  AVE,,Local,Etobicoke York,5.0,12,43.671309,-79.488353,Intersection,At Intersection,No Control,Clear,Daylight,Dry,Non-Fatal Injury,Pedestrian Collisions,5 to 9,2,,1,0,1,0,0,0,0,0,0,0,0,0,0,111,Rockcliffe-Smythe (111),13068
7000867225,-8833513.512,5419427.973999999,80777267,2017,2017/05/17 04:00:00+00,752,7,MILLWOOD RD,OVERLEA BLVD,20 m South of,Major Arterial,North York,15.0,53,43.701914,-79.352802,Intersection,Intersection Related,Traffic Signal,Clear,Daylight,Dry,Non-Fatal Injury,Cyclist Collisions,60 to 64,2,,0,1,1,0,0,0,0,0,0,0,0,0,0,55,Thorncliffe Park (55),13070
7000868429,-8818604.826,5425773.392999999,80787000,2017,2017/05/17 04:00:00+00,1134,11,MARKHAM RD,EGLINTON AVE E,,Major Arterial,Scarborough,,43,43.743109000000004,-79.218875,Intersection,At Intersection,Traffic Signal,Clear,Daylight,Dry,Non-Fatal Injury,Pedestrian Collisions,55 to 59,2,,1,0,0,0,1,0,0,0,0,1,0,0,0,139,Scarborough Village (139),13073
7000871402,-8831834.367999999,5430815.717,80776349,2017,2017/05/17 04:00:00+00,1900,19,SHEPPARD AVE E,YORKLAND RD,,Major Arterial,North York,17.0,33,43.775824,-79.33771800000001,Intersection,At Intersection,Traffic Signal,Clear,Dusk,Dry,Non-Fatal Injury,Pedestrian Collisions,20 to 24,2,,1,0,1,0,0,0,0,0,0,0,0,0,0,46,Pleasant View (46),13075
7000877614,-8847171.077,5411635.524,80776500,2017,2017/05/18 04:00:00+00,1423,14,BLOOR ST W,KENNEDY AVE,2 m West of,Major Arterial,Toronto and East York,4.0,11,43.651286,-79.47549000000001,Intersection,Intersection Related,No Control,Clear,Daylight,Dry,Non-Fatal Injury,Pedestrian Collisions,55 to 59,2,,1,0,1,0,0,0,0,0,0,0,0,0,0,88,High Park North (88),13077
7000887166,-8838794.397,5420099.97,80776923,2017,2017/05/19 04:00:00+00,2356,23,EGLINTON AVE W,DUPLEX AVE,6 m West of,Major Arterial,North York,,53,43.706278000000005,-79.40024100000001,Intersection,At Intersection,Traffic Controller,Clear,"Daylight, artificial",Dry,Non-Fatal Injury,SMV Other,20 to 24,2,,0,0,1,0,0,0,0,1,0,0,0,1,0,100,Yonge-Eglinton (100),13081