ACCNUM,X,Y,Index_,YEAR,DATE,TIME,HOUR,STREET1,STREET2,OFFSET,ROAD_CLASS,District,WardNum,Division,LATITUDE,LONGITUDE,LOCCOORD,ACCLOC,TRAFFCTL,VISIBILITY,LIGHT,RDSFCOND,ACCLASS,IMPACTYPE,INVAGE,INJURY,FATAL_NO,PEDESTRIAN,CYCLIST,AUTOMOBILE,MOTORCYCLE,TRUCK,TRSN_CITY_VEH,EMERG_VEH,PASSENGER,SPEEDING,AG_DRIV,REDLIGHT,ALCOHOL,DISABILITY,Hood_ID,Neighbourhood,ObjectId
7000891518,-8821533.197,5424868.332,80777067,2017,2017/05/20 04:00:00+00,1740,17,EGLINTON AVE E,DANFORTH RD,,Major Arterial,Scarborough,,43,43.737235,-79.245181,Mid-Block,Non Intersection,No Control,Clear,Daylight,Dry,Non-Fatal Injury,Rear End,80 to 84,2,,0,0,1,0,0,0,0,1,0,1,0,0,0,138,Eglinton East (138),13091
7000906394,-8832263.282,5413710.436000001,80776454,2017,2017/05/23 04:00:00+00,900,9,DUNDAS ST E,CARLAW AVE,,Minor Arterial,Toronto and East York,14.0,55,43.664771,-79.341571,Intersection,At Intersection,Traffic Signal,Clear,Daylight,Dry,Non-Fatal Injury,Cyclist Collisions,55 to 59,2,,0,1,1,0,0,0,0,0,0,0,0,0,0,70,South Riverdale (70),13094
7000917334,-8843372.968,5409196.693,80741779,2017,2017/05/24 04:00:00+00,1815,18,1395 LAKE SHORE BLVD W,,,Major Arterial,Toronto and East York,4.0,14,43.635432,-79.44137099999999,Mid-Block,Non Intersection,No Control,Clear,Daylight,Dry,Fatal,Cyclist Collisions,5 to 9,3,24.0,0,1,0,0,0,0,0,0,0,0,0,0,0,85,South Parkdale (85),13095
7000925099,-8837786.287999999,5420836.082,80777027,2017,2017/05/25 04:00:00+00,2150,21,MOUNT PLEASANT RD,BROADWAY AVE,,Major Arterial,North York,,53,43.711058,-79.391185,Intersection,At Intersection,Traffic Signal,Rain,"Dark, artificial",Wet,Non-Fatal Injury,Cyclist Collisions,65 to 69,2,,0,1,1,0,0,0,0,1,0,1,0,0,0,99,Mount Pleasant East (99),13098
7000933683,-8827925.941,5422929.545,80776241,2017,2017/05/27 04:00:00+00,548,5,EGLINTON AVE E,VICTORIA PARK AVE,,Major Arterial,North York,,41,43.72465,-79.30260799999999,Intersection,At Intersection,Traffic Controller,Clear,Dawn,Dry,Non-Fatal Injury,Angle,30 to 34,2,,0,0,1,0,0,0,0,1,0,1,0,0,0,120,Clairlea-Birchmount (120),13101
7000940892,-8852629.517,5430174.08,80776534,2017,2017/05/28 04:00:00+00,1025,10,66 BLACKSMITH CRES,,2 m West of,Local,North York,7.0,31,43.771662,-79.524524,Mid-Block,Non Intersection,No Control,Clear,Daylight,Dry,Non-Fatal Injury,SMV Unattended Vehicle,85 to 89,2,,0,0,1,0,0,0,0,0,0,0,0,0,1,24,Black Creek (24),13102
7000941921,-8839511.183,5425922.704,80783173,2017,2017/05/28 04:00:00+00,1345,13,YONGE ST,YORK MILLS RD,,Major Arterial,North York,,32,43.744078,-79.40668000000001,Intersection,At Intersection,Traffic Signal,Clear,Daylight,Dry,Non-Fatal Injury,Angle,75 to 79,2,,0,0,1,1,0,0,0,1,0,1,1,0,0,40,St.Andrew-Windfields (40),13107
7000948522,-8843310.183,5417991.445,80776683,2017,2017/05/29 04:00:00+00,1343,13,OAKWOOD AVE,VAUGHAN RD,,Minor Arterial,Toronto and East York,12.0,13,43.692584000000004,-79.44080699999999,Intersection,At Intersection,Traffic Signal,Clear,Daylight,Dry,Non-Fatal Injury,Turning Movement,60 to 64,2,,0,0,1,1,0,0,0,0,0,0,0,0,0,107,Oakwood Village (107),13222
7000955246,-8845120.016,5421216.788,80783178,2017,2017/05/30 04:00:00+00,1305,13,960 LAWRENCE AVE W,,7 m South of,Major Arterial,North York,8.0,32,43.71353,-79.457065,Mid-Block,At/Near Private Drive,No Control,Clear,Daylight,Dry,Non-Fatal Injury,Turning Movement,80 to 84,2,,0,0,1,0,0,0,0,1,0,1,0,0,0,31,Yorkdale-Glen Park (31),13440
7000957172,-8835586.615,5411341.981000001,80777037,2017,2017/05/30 04:00:00+00,1750,17,FRONT ST E,LOWER JARVIS ST,20 m East of,Major Arterial,Toronto and East York,13.0,51,43.649378000000006,-79.371425,Intersection,At Intersection,Traffic Signal,Rain,Daylight,Wet,Non-Fatal Injury,SMV Other,30 to 34,2,,0,0,0,1,0,0,0,0,1,1,0,0,0,77,Waterfront Communities-The Island (77),13529
7000960688,-8821147.697,5430585.851,80777175,2017,2017/05/31 04:00:00+00,900,9,ELLESMERE RD,BELLAMY RD N,,Major Arterial,Scarborough,24.0,43,43.774333,-79.241718,Intersection,At Intersection,Traffic Signal,Clear,Daylight,Dry,Non-Fatal Injury,Pedestrian Collisions,80 to 84,2,,1,0,1,0,0,0,0,0,0,1,0,0,0,137,Woburn (137),13534
7000961019,-8837751.445,5431352.094,80756920,2017,2017/05/31 04:00:00+00,950,9,BAYVIEW AVE,BURLEIGH HEIGHTS DR,,Major Arterial,North York,,33,43.779303000000006,-79.390872,Intersection,At Intersection,No Control,Clear,Daylight,Dry,Fatal,Pedestrian Collisions,40 to 44,3,25.0,1,0,1,0,0,0,0,0,0,0,0,0,0,52,Bayview Village (52),13538
7000963426,-8814636.064,5432668.576,80781616,2017,2017/05/31 04:00:00+00,1540,15,ELLESMERE RD,CONLINS RD,,Minor Arterial,Scarborough,25.0,43,43.787841,-79.183223,Intersection,Intersection Related,Traffic Signal,Clear,Daylight,Dry,Non-Fatal Injury,Cyclist Collisions,35 to 39,2,,0,1,1,0,0,0,0,0,0,0,0,0,0,134,Highland Creek (134),13540
7000964313,-8851150.081,5424022.517999999,80777256,2017,2017/05/31 04:00:00+00,1800,18,JANE ST,TROUTBROOKE DR,2 m South of,Major Arterial,Etobicoke York,,31,43.731745000000004,-79.511234,Intersection,At Intersection,Traffic Signal,Clear,Daylight,Dry,Non-Fatal Injury,SMV Other,30 to 34,2,,0,0,1,0,0,0,0,0,0,0,0,0,0,26,Downsview-Roding-CFB (26),13541
7000970282,-8833773.331,5413705.666,80776258,2017,2017/06/01 04:00:00+00,1504,15,GERRARD ST E,ST MATTHEWS RD,15 m East of,Minor Arterial,Toronto and East York,14.0,55,43.66474,-79.355136,Intersection,Non Intersection,No Control,Clear,Daylight,Dry,Non-Fatal Injury,Pedestrian Collisions,60 to 64,2,,1,0,1,0,0,0,0,0,0,0,0,0,0,70,South Riverdale (70),13543
7000972243,-8841993.719,5414518.832,80776332,2017,2017/06/01 04:00:00+00,2018,20,OSSINGTON AVE,DUPONT ST,,Major Arterial,Toronto and East York,,14,43.670024,-79.42898100000001,Intersection,At Intersection,Traffic Signal,Clear,Daylight,Dry,Non-Fatal Injury,Turning Movement,30 to 34,2,,0,0,1,1,0,0,0,0,0,0,0,0,0,93,Dovercourt-Wallace Emerson-Junction (93),13545
7000981173,-8844896.598,5418294.437000001,80942182,2017,2017/06/03 04:00:00+00,156,1,EGLINTON AVE W,MIRANDA AVE,25 m East of,Major Arterial,North York,,13,43.694552,-79.455058,Intersection,Intersection Related,Stop Sign,Clear,"Dark, artificial",Dry,Non-Fatal Injury,Pedestrian Collisions,35 to 39,2,,1,0,1,0,0,0,0,0,0,1,0,0,0,109,Caledonia-Fairbank (109),13548
7000983227,-8822209.24,5420098.277000001,80756966,2017,2017/06/03 04:00:00+00,1134,11,RIDGEMOOR AVE,KINGSTON RD,,Major Arterial,Scarborough,20.0,41,43.706267,-79.251254,Intersection,At Intersection,Traffic Signal,Clear,Daylight,Dry,Fatal,Pedestrian Collisions,70 to 74,3,26.0,1,0,1,0,0,0,0,0,0,1,0,0,0,122,Birchcliffe-Cliffside (122),13550
7000998235,-8857140.962000001,5420389.017999999,80780898,2017,2017/06/05 04:00:00+00,1732,17,KIPLING  AVE,NAMCO  RD,,Major Arterial,Etobicoke York,1.0,23,43.708155,-79.565051,Intersection,At Intersection,Stop Sign,Clear,Daylight,Dry,Non-Fatal Injury,Angle,60 to 64,2,,0,0,1,1,0,0,0,1,0,1,0,0,0,1,West Humber-Clairville (1),13555
7001001490,-8834732.237,5417384.721,80771191,2017,2017/06/06 04:00:00+00,825,8,BAYVIEW AVE,POTTERY RD,3 m South of,Major Arterial,North York,,53,43.688643,-79.36375,Mid-Block,Non Intersection,No Control,Rain,Daylight,Wet,Non-Fatal Injury,SMV Other,25 to 29,2,,0,0,0,1,0,0,0,0,0,0,0,0,0,56,Leaside-Bennington (56),13556
7001003309,-8820063.891,5431007.507999999,80895354,2017,2017/06/06 04:00:00+00,1320,13,MARKHAM  RD,ELLESMERE RD,69 m North of,Major Arterial,Scarborough,24.0,43,43.777068,-79.23198199999999,Mid-Block,Non Intersection,No Control,Rain,Daylight,Wet,Non-Fatal Injury,Pedestrian Collisions,40 to 44,2,,1,0,1,0,0,0,0,0,0,0,0,0,0,137,Woburn (137),13558
7001005616,-8844860.085,5415327.76,80771254,2017,2017/06/03 04:00:00+00,2330,23,ST CLAIR AVE W,CALEDONIA RD,,Major Arterial,Toronto and East York,9.0,13,43.67528,-79.45473,Intersection,Intersection Related,Traffic Signal,Clear,"Dark, artificial",Dry,Non-Fatal Injury,Cyclist Collisions,unknown,2,,0,1,1,0,0,0,0,0,0,1,0,0,0,92,Corso Italia-Davenport (92),13552
7001007745,-8842387.79,5411832.762999999,80771308,2017,2017/06/07 04:00:00+00,701,7,COLLEGE ST,DUFFERIN ST,,Major Arterial,Toronto and East York,9.0,14,43.652568,-79.432521,Intersection,Intersection Related,Traffic Signal,Clear,Daylight,Dry,Non-Fatal Injury,Cyclist Collisions,65 to 69,2,,0,1,1,0,0,0,0,0,0,1,0,0,0,83,Dufferin Grove (83),13560
7001007889,-8837117.925,5412261.102999999,80771310,2017,2017/06/07 04:00:00+00,715,7,DUNDAS ST W,ELIZABETH ST,,Major Arterial,Toronto and East York,,52,43.655352,-79.385181,Intersection,At Intersection,No Control,Clear,Daylight,Dry,Non-Fatal Injury,Cyclist Collisions,55 to 59,2,,0,1,1,0,0,0,0,0,0,1,0,0,0,76,Bay Street Corridor (76),13562
7001016401,-8838250.824,5415264.964,80771535,2017,2017/06/08 04:00:00+00,1030,10,DAVENPORT RD,AVENUE RD,100 m East of,Major Arterial,Toronto and East York,11.0,53,43.674872,-79.395358,Mid-Block,Non Intersection,No Control,Clear,Daylight,Dry,Non-Fatal Injury,Cyclist Collisions,35 to 39,2,,0,1,0,0,1,0,0,0,0,0,0,0,0,95,Annex (95),13564
7001021387,-8844447.312,5413769.682,80902355,2017,2017/06/09 04:00:00+00,135,1,SYMINGTON AVE,DUPONT ST,50 m South of,Collector,Toronto and East York,9.0,11,43.665156,-79.451022,Mid-Block,Non Intersection,No Control,Clear,"Dark, artificial",Dry,Non-Fatal Injury,SMV Unattended Vehicle,20 to 24,2,,0,0,1,0,0,0,0,0,0,1,0,0,0,93,Dovercourt-Wallace Emerson-Junction (93),13565
7001025478,-8830249.624,5416576.69,80771755,2017,2017/06/09 04:00:00+00,1543,15,DANFORTH AV,COXWELL AV              (542),10 m East of,Major Arterial,Toronto and East York,,54,43.683394,-79.323482,Intersection,Intersection Related,Traffic Signal,Clear,Daylight,Dry,Non-Fatal Injury,Cyclist Collisions,60 to 64,2,,0,1,1,0,0,0,0,0,0,0,0,0,0,66,Danforth (66),13567
7001030494,-8821568.04,5425106.376,80770950,2017,2017/06/10 04:00:00+00,1055,10,DANFORTH RD,WETHERBY DR,35 m South of,Major Arterial,Scarborough,21.0,43,43.73878,-79.245494,Mid-Block,Non Intersection,No Control,Clear,Daylight,Dry,Non-Fatal Injury,Other,80 to 84,2,,0,0,0,0,0,1,0,1,0,0,0,0,0,138,Eglinton East (138),13569
7001031526,-8830213.891,5433757.46,81338081,2017,2017/06/10 04:00:00+00,1404,14,FINCH AVE E,PHARMACY AVE,233 m East of,Major Arterial,Scarborough,22.0,42,43.794902,-79.323161,Mid-Block,Non Intersection,No Control,Clear,Daylight,Dry,Non-Fatal Injury,Pedestrian Collisions,60 to 64,2,,1,0,0,1,0,0,0,0,1,1,0,0,0,117,L'Amoreaux (117),13571
7001036218,-8854861.473,5427405.315,80770967,2017,2017/06/11 04:00:00+00,635,6,50 TORYORK DR,,3 m East of,Collector,Etobicoke York,7.0,31,43.753699,-79.544574,Mid-Block,At/Near Private Drive,No Control,Clear,"Dark, artificial",Dry,Non-Fatal Injury,SMV Other,45 to 49,2,,0,0,1,0,0,0,0,0,1,1,0,0,0,21,Humber Summit (21),13572
7001038789,-8828181.531,5421583.957,81137868,2017,2017/06/11 04:00:00+00,1605,16,5 WAKUNDA PL,O CONNOR DR,,Major Arterial,Toronto and East York,19.0,54,43.715914,-79.30490400000001,Intersection,Intersection Related,No Control,Clear,Daylight,Dry,Non-Fatal Injury,Cyclist Collisions,40 to 44,2,,0,1,1,0,0,0,0,0,0,0,0,0,0,43,Victoria Village (43),13574
7001039810,-8845159.089,5409573.998,80787798,2017,2017/06/11 04:00:00+00,1922,19,1755 LAKE SHORE BLVD W,,9 m North of,Major Arterial,Toronto and East York,4.0,11,43.637885,-79.45741600000001,Mid-Block,Non Intersection,No Control,Clear,Daylight,Dry,Non-Fatal Injury,Sideswipe,25 to 29,2,,0,0,0,1,1,0,0,0,0,1,0,0,0,85,South Parkdale (85),13576
7001050075,-8842962.755,5427190.791,80886065,2017,2017/06/13 04:00:00+00,854,8,BATHURST ST,REINER RD,3 m South of,Major Arterial,North York,6.0,32,43.752307,-79.437686,Intersection,At Intersection,Stop Sign,Clear,Daylight,Dry,Non-Fatal Injury,Turning Movement,75 to 79,2,,0,0,1,0,0,0,0,1,1,1,0,0,0,38,Lansing-Westgate (38),13581
7001052622,-8855347.271,5411242.905,80786666,2017,2017/06/13 04:00:00+00,1505,15,BURNHAMTHORPE RD,MARTIN GROVE RD,25 m West of,Major Arterial,Etobicoke York,2.0,22,43.648734000000005,-79.548938,Mid-Block,Intersection Related,No Control,Clear,Daylight,Dry,Non-Fatal Injury,Rear End,70 to 74,2,,0,0,1,1,0,0,0,1,0,0,0,0,0,14,Islington-City Centre West (14),13584
7001052989,-8820964.242999999,5433542.017000001,80756970,2017,2017/06/13 04:00:00+00,1606,16,5085 SHEPPARD AVE E,,,Major Arterial,Scarborough,23.0,42,43.793504999999996,-79.24006999999999,Mid-Block,Non Intersection,No Control,Clear,Daylight,Dry,Fatal,Turning Movement,55 to 59,3,27.0,0,0,1,0,0,0,0,1,0,0,0,0,0,128,Agincourt South-Malvern West (128),13588
7001053469,-8832867.97,5430694.0770000005,80771402,2017,2017/06/13 04:00:00+00,1719,17,SHEPPARD AVE E,DON MILLS RD,1 m West of,Major Arterial,North York,17.0,33,43.775034999999995,-79.347003,Intersection,At Intersection,Traffic Controller,Clear,Daylight,Dry,Non-Fatal Injury,Rear End,70 to 74,2,,0,0,1,0,0,0,0,1,0,0,0,0,1,53,Henry Farm (53),13592
7001054440,-8831003.814,5423015.961,80771454,2017,2017/06/13 04:00:00+00,2001,20,DON VALLEY PARKWAY  N,EGLINTON AVE E,80 m North of,,North York,16.0,33,43.725211,-79.33025699999999,Mid-Block,Non Intersection,No Control,Clear,Daylight,Dry,Non-Fatal Injury,Sideswipe,25 to 29,2,,0,0,1,1,0,0,0,0,0,1,0,0,0,42,Banbury-Don Mills (42),13595
7001065894,-8816528.272,5437461.494,80771579,2017,2017/06/15 04:00:00+00,1200,12,MORNINGVIEW TRL,BLACKHURST CRT,3 m South of,Local,Scarborough,25.0,42,43.818915000000004,-79.200221,Intersection,Intersection Related,No Control,Clear,Daylight,Dry,Non-Fatal Injury,Pedestrian Collisions,65 to 69,2,,1,0,0,0,0,1,0,0,0,0,0,0,0,131,Rouge (131),13597
7001069873,-8831798.746,5412189.557,80771678,2017,2017/06/16 04:00:00+00,21,2,LAKE SHORE BLVD E,CARLAW AVE,,Major Arterial,Toronto and East York,14.0,55,43.654887,-79.337398,Intersection,At Intersection,Traffic Signal,Clear,"Dark, artificial",Dry,Non-Fatal Injury,Turning Movement,35 to 39,2,,0,0,1,1,0,0,0,1,0,0,0,0,0,70,South Riverdale (70),13600
7001074054,-8844273.207999999,5418153.562999999,80771726,2017,2017/06/16 04:00:00+00,1513,15,DUFFERIN ST,HUNTER AVE,200 m South of,Major Arterial,Toronto and East York,,13,43.693637,-79.44945799999999,Mid-Block,Non Intersection,No Control,Clear,Daylight,Dry,Non-Fatal Injury,Rear End,55 to 59,2,,0,0,1,0,0,0,0,1,0,1,0,0,0,107,Oakwood Village (107),13603
7001075427,-8836366.296,5411489.367000001,80933881,2017,2017/06/16 04:00:00+00,1820,18,YONGE  ST,ADELAIDE ST W,12 m South of,Major Arterial,Toronto and East York,13.0,51,43.650335999999996,-79.378429,Intersection,Intersection Related,No Control,Clear,Daylight,Dry,Non-Fatal Injury,Sideswipe,35 to 39,2,,0,0,1,0,1,0,0,0,0,0,0,0,0,75,Church-Yonge Corridor (75),13605
7001076312,-8860828.643,5426839.118,80770850,2017,2017/06/16 04:00:00+00,2101,21,MARTIN GROVE RD,SILVERSTONE DR,101 m South of,Minor Arterial,Etobicoke York,1.0,23,43.750025,-79.598178,Mid-Block,Non Intersection,No Control,Rain,"Dark, artificial",Wet,Non-Fatal Injury,Pedestrian Collisions,70 to 74,2,,1,0,1,0,0,0,0,0,0,0,0,0,0,2,Mount Olive-Silverstone-Jamestown (2),13607
7001094601,-8820272.058,5431717.352999999,80770313,2017,2017/06/19 04:00:00+00,1543,15,MARKHAM RD,PROGRESS AVE,,Major Arterial,Scarborough,24.0,43,43.781672,-79.233852,Intersection,At Intersection,Traffic Signal,Clear,Daylight,Dry,Non-Fatal Injury,Turning Movement,unknown,2,,0,0,1,1,0,0,0,0,0,0,0,0,0,137,Woburn (137),13610
7001100297,-8840635.733,5432213.228999999,80770537,2017,2017/06/20 04:00:00+00,1227,12,5799 YONGE ST,,2 m East of,Major Arterial,North York,18.0,32,43.784888,-79.416782,Mid-Block,At/Near Private Drive,Stop Sign,Clear,Daylight,Dry,Non-Fatal Injury,Pedestrian Collisions,70 to 74,2,,1,0,1,0,0,0,0,0,0,1,0,0,0,50,Newtonbrook East (50),13612
7001101719,-8837370.955,5411529.2129999995,80770542,2017,2017/06/20 04:00:00+00,1550,15,SIMCOE ST,QUEEN ST W,7 m North of,Major Arterial,Toronto and East York,10.0,52,43.650595,-79.387454,Intersection,Laneway,No Control,Clear,Daylight,Dry,Non-Fatal Injury,Pedestrian Collisions,55 to 59,2,,1,0,1,0,0,0,0,0,0,0,0,0,0,76,Bay Street Corridor (76),13614
7001109368,-8840822.527,5422458.351,80769756,2017,2017/06/21 04:00:00+00,1700,17,LAWRENCE AVE W,KIMBARK BLVD,12 m West of,Major Arterial,North York,8.0,32,43.721591,-79.41846,Intersection,At Intersection,No Control,Clear,Daylight,Dry,Non-Fatal Injury,SMV Other,60 to 64,2,,0,0,1,0,0,0,0,1,0,0,0,0,0,39,Bedford Park-Nortown (39),13616
7001122471,-8837571.441,5414744.757999999,80770397,2017,2017/06/23 04:00:00+00,1510,15,YORKVILLE AVE,YONGE ST,65 m West of,Collector,Toronto and East York,11.0,53,43.671492,-79.389255,Mid-Block,Non Intersection,No Control,Clear,Daylight,Dry,Non-Fatal Injury,Pedestrian Collisions,85 to 89,2,,1,0,1,0,0,0,0,1,0,0,0,0,0,95,Annex (95),13619
7001140517,-8836643.148,5413845.395,80900117,2017,2017/06/26 04:00:00+00,1045,10,WELLESLEY ST E,CHURCH ST,,Minor Arterial,Toronto and East York,13.0,51,43.665648,-79.380916,Intersection,At Intersection,Traffic Signal,Clear,Daylight,Dry,Non-Fatal Injury,Pedestrian Collisions,70 to 74,2,,1,0,0,0,1,0,0,0,0,1,0,0,0,75,Church-Yonge Corridor (75),13621
7001155336,-8838964.271,5417055.281,81130047,2017,2017/06/28 04:00:00+00,1155,11,ST CLAIR AVE W,AVENUE RD,29 m West of,Major Arterial,North York,12.0,53,43.686503,-79.401767,Mid-Block,Non Intersection,No Control,Clear,Daylight,Dry,Non-Fatal Injury,Pedestrian Collisions,75 to 79,2,,1,0,0,0,0,1,0,0,0,0,0,0,0,96,Casa Loma (96),13623
7001157436,-8823532.495,5438123.697000001,80770430,2017,2017/06/28 04:00:00+00,1648,16,MIDDELFIELD ROAD,PEBBLEWOOD AVENUE,,Minor Arterial,Scarborough,23.0,42,43.823207000000004,-79.263141,Intersection,At Intersection,No Control,Clear,Daylight,Dry,Non-Fatal Injury,Pedestrian Collisions,65 to 69,2,,1,0,1,0,0,0,0,0,0,0,0,0,0,130,Milliken (130),13624
7001157981,-8832332.078,5415963.748,80770492,2017,2017/06/28 04:00:00+00,1800,18,DANFORTH AVE,WOODYCREST AVE,33 m West of,Major Arterial,Toronto and East York,14.0,54,43.679412,-79.342189,Mid-Block,At/Near Private Drive,No Control,Clear,Daylight,Dry,Non-Fatal Injury,Cyclist Collisions,35 to 39,2,,0,1,1,0,0,0,0,1,0,0,0,0,0,69,Blake-Jones (69),13219
7001160269,-8839233.552000001,5415341.305,80770571,2017,2017/06/29 04:00:00+00,248,2,196 DUPONT ST,,,Major Arterial,Toronto and East York,11.0,53,43.675368,-79.404186,Mid-Block,Non Intersection,No Control,Rain,"Dark, artificial",Wet,Non-Fatal Injury,Pedestrian Collisions,30 to 34,2,,1,0,1,0,0,0,0,0,0,0,0,0,0,95,Annex (95),13233
7001165135,-8857761.791000001,5411735.22,80770781,2017,2017/06/29 04:00:00+00,1808,18,THE WEST MALL,CAMBRIAN RD,98 m South of,Minor Arterial,Etobicoke York,2.0,22,43.651934000000004,-79.570628,Mid-Block,Non Intersection,No Control,Clear,Daylight,Dry,Non-Fatal Injury,Angle,40 to 44,2,,0,0,1,0,0,1,0,1,0,1,0,0,0,13,Etobicoke West Mall (13),13626
7001169974,-8849289.265,5415461.049,80757189,2017,2017/06/30 04:00:00+00,1304,13,847 JANE ST,,,Collector,Etobicoke York,5.0,12,43.676146,-79.494518,Mid-Block,Non Intersection,No Control,Clear,Daylight,Dry,Fatal,Cyclist Collisions,70 to 74,3,28.0,0,1,1,0,0,0,0,0,0,0,0,0,0,111,Rockcliffe-Smythe (111),13628
7001174505,-8850321.976,5419565.48,80923088,2017,2017/07/01 04:00:00+00,306,3,JANE ST,LAWRENCE AVE W,8 m North of,Major Arterial,Etobicoke York,5.0,12,43.702807,-79.503795,Intersection,At Intersection,Traffic Signal,Clear,"Dark, artificial",Dry,Non-Fatal Injury,Rear End,65 to 69,2,,0,0,1,1,0,0,0,1,0,0,0,0,0,30,Brookhaven-Amesbury (30),13631
7001179140,-8857580.117999999,5411449.52,80770151,2017,2017/07/01 04:00:00+00,2240,22,THE WEST MALL,HOLIDAY DR,90 m North of,Minor Arterial,Etobicoke York,2.0,22,43.650077,-79.568996,Mid-Block,Non Intersection,No Control,Clear,"Dark, artificial",Dry,Non-Fatal Injury,Pedestrian Collisions,40 to 44,2,,1,0,1,0,0,0,0,1,0,0,0,0,0,13,Etobicoke West Mall (13),13637
7001187926,-8838929.428,5417065.2870000005,80791544,2017,2017/07/03 04:00:00+00,1312,13,ST CLAIR AVE W,AVENUE RD,,Major Arterial,Toronto and East York,12.0,53,43.686568,-79.401454,Intersection,At Intersection,Traffic Signal,Clear,Daylight,Dry,Non-Fatal Injury,Cyclist Collisions,55 to 59,2,,0,1,0,0,0,1,0,0,0,0,0,0,0,97,Yonge-St.Clair (97),13639
7001207044,-8859559.822999999,5417266.645,80769812,2017,2017/07/06 04:00:00+00,835,8,DIXON  RD,SKYWAY  AVE,,Major Arterial,Etobicoke York,1.0,23,43.687876,-79.58678,Intersection,At Intersection,Traffic Signal,Clear,Daylight,Dry,Non-Fatal Injury,Cyclist Collisions,20 to 24,2,,0,1,1,0,0,0,0,0,0,1,0,0,0,1,West Humber-Clairville (1),13641
7001209887,-8827920.82,5417273.11,80769941,2017,2017/07/06 04:00:00+00,1547,15,DANFORTH AVE,MAIN ST,90 m West of,Major Arterial,Toronto and East York,19.0,54,43.687917999999996,-79.302562,Mid-Block,At/Near Private Drive,No Control,Clear,Daylight,Dry,Non-Fatal Injury,Cyclist Collisions,55 to 59,2,,0,1,1,0,0,0,0,0,0,1,0,0,0,62,East End-Danforth (62),13643
7001212407,-8860811.722000001,5422636.875,80769955,2017,2017/07/06 04:00:00+00,2300,23,HIGHWAY 27  N,QUEENS PLATE DR,,Major Arterial,Etobicoke York,1.0,23,43.72275,-79.598026,Intersection,At Intersection,Traffic Signal,Clear,Dark,Dry,Non-Fatal Injury,Turning Movement,60 to 64,2,,0,0,1,1,0,0,0,0,0,1,0,0,0,1,West Humber-Clairville (1),13645
7001224557,-8855773.625,5416255.437000001,80917333,2017,2017/07/08 04:00:00+00,1900,19,KIPLING  AVE,CLEMENT RD,,Major Arterial,Etobicoke York,2.0,23,43.681307000000004,-79.552768,Intersection,At Intersection,Traffic Signal,Clear,Daylight,Dry,Non-Fatal Injury,Turning Movement,75 to 79,2,,0,0,1,1,0,0,0,0,1,1,0,0,0,7,Willowridge-Martingrove-Richview (7),13647
7001224899,-8835212.024,5416207.4120000005,80757180,2017,2017/07/08 04:00:00+00,2007,20,BAYVIEW AVE,BLOOR W BAYVIEW N RAMP,240 m North of,Major Arterial,Toronto and East York,11.0,53,43.680995,-79.36806,Mid-Block,Non Intersection,No Control,Clear,Daylight,Dry,Fatal,Turning Movement,45 to 49,3,29.0,0,0,1,1,0,0,0,0,0,0,0,0,0,56,Leaside-Bennington (56),13650
7001234625,-8828946.741,5426509.957,80779713,2017,2017/07/10 04:00:00+00,1200,12,LYNVALLEY CRES,VICTORIA PARK AVE,,Major Arterial,North York,,41,43.747889,-79.311778,Intersection,At Intersection,Traffic Signal,Clear,"Daylight, artificial",Dry,Non-Fatal Injury,Pedestrian Collisions,50 to 54,2,,1,0,1,0,0,0,0,0,0,1,0,0,0,119,Wexford/Maryvale (119),13652
7001234920,-8833657.893,5434472.143999999,80913039,2017,2017/07/10 04:00:00+00,1250,12,DON MILLS RD,MCNICOLL AVE,,Major Arterial,North York,17.0,33,43.799535999999996,-79.354099,Intersection,At Intersection,Traffic Signal,Clear,Daylight,Dry,Non-Fatal Injury,Turning Movement,60 to 64,2,,0,0,1,0,0,0,0,1,0,0,0,0,0,48,Hillcrest Village (48),13657
7001250133,-8833303.674,5413195.55,80773380,2017,2017/07/12 04:00:00+00,1612,16,BROADVIEW AVE,DUNDAS ST E,120 m South of,Minor Arterial,Toronto and East York,14.0,55,43.661425,-79.35091700000001,Mid-Block,Non Intersection,No Control,Rain,Daylight,Wet,Non-Fatal Injury,SMV Other,45 to 49,2,,0,0,0,1,0,0,0,0,0,0,0,0,0,70,South Riverdale (70),13658
7001269132,-8818354.357,5436153.274,80772897,2017,2017/07/15 04:00:00+00,1335,13,538 MCLEVIN AVE,,107 m East of,Minor Arterial,Scarborough,25.0,42,43.810435,-79.216625,Mid-Block,At/Near Private Drive,No Control,Clear,Daylight,Dry,Non-Fatal Injury,Pedestrian Collisions,unknown,2,,1,0,1,0,0,0,0,1,0,1,0,0,0,132,Malvern (132),13662