ACCNUM,X,Y,Index_,YEAR,DATE,TIME,HOUR,STREET1,STREET2,OFFSET,ROAD_CLASS,District,WardNum,Division,LATITUDE,LONGITUDE,LOCCOORD,ACCLOC,TRAFFCTL,VISIBILITY,LIGHT,RDSFCOND,ACCLASS,IMPACTYPE,INVAGE,INJURY,FATAL_NO,PEDESTRIAN,CYCLIST,AUTOMOBILE,MOTORCYCLE,TRUCK,TRSN_CITY_VEH,EMERG_VEH,PASSENGER,SPEEDING,AG_DRIV,REDLIGHT,ALCOHOL,DISABILITY,Hood_ID,Neighbourhood,ObjectId
7001274774,-8859760.199,5419533.142999999,80788534,2017,2017/07/16 04:00:00+00,1045,10,HIGHWAY 27  N,BELFIELD RD,500 m North of,Major Arterial,Etobicoke York,1.0,23,43.702597,-79.58858000000001,Mid-Block,Non Intersection,No Control,Clear,Daylight,Dry,Non-Fatal Injury,SMV Other,35 to 39,2,,0,0,0,1,0,0,0,0,1,1,0,0,0,1,West Humber-Clairville (1),13663
7001277580,-8846222.412999999,5418760.799,80901161,2017,2017/07/16 04:00:00+00,2033,20,1450 CASTLEFIELD AVE,,20 m West of,Collector,Etobicoke York,5.0,12,43.697581,-79.46696800000001,Mid-Block,Non Intersection,No Control,Clear,Daylight,Dry,Non-Fatal Injury,Sideswipe,unknown,2,,0,0,0,1,0,0,0,0,1,1,0,0,0,112,Beechborough-Greenbrook (112),13665
7001286763,-8839874.752999999,5428020.251,80773466,2017,2017/07/18 04:00:00+00,737,7,YONGE ST,CAMERON AVE,40 m North of,Major Arterial,North York,18.0,32,43.757689,-79.40994599999999,Mid-Block,Non Intersection,No Control,Clear,Daylight,Dry,Non-Fatal Injury,Cyclist Collisions,55 to 59,2,,0,1,0,0,1,0,0,0,0,0,0,0,0,51,Willowdale East (51),13667
7001286988,-8831127.824,5433469.69,80773473,2017,2017/07/18 04:00:00+00,825,8,VICTORIA PARK AVE,FINCH AVE E,,Major Arterial,North York,,42,43.793036,-79.33137099999999,Intersection,At Intersection,Traffic Signal,Clear,Daylight,Dry,Non-Fatal Injury,Pedestrian Collisions,45 to 49,2,,1,0,1,0,0,0,0,1,0,0,0,0,0,117,L'Amoreaux (117),13670
7001287888,-8823185.178,5424373.467,80757190,2017,2017/07/18 04:00:00+00,1054,10,EGLINTON AVE E,MIDLAND AVE,150 m West of,Major Arterial,Scarborough,,41,43.734023,-79.260021,Mid-Block,Non Intersection,No Control,Clear,Daylight,Dry,Fatal,Pedestrian Collisions,70 to 74,3,30.0,1,0,0,0,0,1,0,0,0,0,0,0,0,124,Kennedy Park (124),13672
7001289449,-8848167.275,5411323.8270000005,80757198,2017,2017/07/18 04:00:00+00,1504,15,BLOOR ST W,JANE ST,,Major Arterial,Toronto and East York,4.0,11,43.64926,-79.484439,Intersection,At Intersection,Traffic Signal,Clear,Daylight,Dry,Fatal,Rear End,70 to 74,3,31.0,0,0,0,1,1,0,0,0,0,0,0,0,0,87,High Park-Swansea (87),13674
7001291645,-8843570.002999999,5430608.206,80942162,2017,2017/07/18 04:00:00+00,2115,21,BATHURST ST,BRENTHALL AVE,20 m  of,Major Arterial,North York,,32,43.774478,-79.443141,Intersection,At Intersection,Stop Sign,Clear,"Daylight, artificial",Dry,Non-Fatal Injury,Turning Movement,unknown,2,,0,0,1,1,0,0,0,0,0,0,0,0,0,36,Newtonbrook West (36),13676
7001296811,-8839597.011,5415407.026000001,80925536,2017,2017/07/19 04:00:00+00,1548,15,SPADINA RD,MACPHERSON AVE,7 m East of,Minor Arterial,Toronto and East York,12.0,53,43.675795,-79.407451,Intersection,At Intersection,No Control,Clear,Daylight,Dry,Non-Fatal Injury,Turning Movement,25 to 29,2,,0,0,1,0,0,0,0,0,0,1,0,0,0,96,Casa Loma (96),13678
7001297222,-8825525.002,5429259.801,80890670,2017,2017/07/19 04:00:00+00,1659,16,ELLESMERE RD,KENNEDY RD,,Major Arterial,Scarborough,21.0,41,43.765731,-79.28104,Intersection,At Intersection,Traffic Signal,Clear,Daylight,Dry,Non-Fatal Injury,Other,55 to 59,2,,0,0,0,0,0,1,0,1,0,0,0,0,0,126,Dorset Park (126),13680
7001300231,-8837984.214,5409974.698,80773903,2017,2017/07/20 04:00:00+00,624,6,BREMNER BLVD,SPADINA AVE,,Major Arterial,Toronto and East York,10.0,52,43.64049,-79.392963,Intersection,At Intersection,Traffic Signal,Clear,Daylight,Dry,Non-Fatal Injury,Pedestrian Collisions,30 to 34,2,,1,0,1,0,0,0,0,0,0,0,0,0,0,77,Waterfront Communities-The Island (77),13682
7001318680,-8857163.894,5424857.701,80772926,2017,2017/07/22 04:00:00+00,2134,21,ALBION RD,ISLINGTON AVE,,Major Arterial,Etobicoke York,1.0,23,43.737165999999995,-79.56525699999999,Intersection,At Intersection,Traffic Signal,Rain,"Dark, artificial",Wet,Non-Fatal Injury,Turning Movement,55 to 59,2,,0,0,1,1,0,0,0,1,0,0,0,0,0,3,Thistletown-Beaumond Heights (3),13687
7001319124,-8818258.288999999,5428500.052,80757201,2017,2017/07/22 04:00:00+00,2305,23,SCARBOROUGH GOLF CLUB RD,LAWRENCE AVE E,95 m South of,Minor Arterial,Scarborough,24.0,43,43.760802000000005,-79.215762,Mid-Block,Non Intersection,No Control,Clear,"Dark, artificial",Dry,Fatal,Pedestrian Collisions,80 to 84,3,32.0,1,0,1,0,0,0,0,1,0,0,0,0,0,137,Woburn (137),13691
7001320711,-8855616.553,5427837.461,80907679,2017,2017/07/23 04:00:00+00,620,6,114 TORYORK  DR,,20 m East of,Collector,Etobicoke York,7.0,31,43.756503,-79.551357,Mid-Block,Non Intersection,No Control,Clear,Dawn,Dry,Non-Fatal Injury,SMV Other,30 to 34,2,,0,0,1,0,0,0,0,0,1,1,0,0,0,21,Humber Summit (21),13692
7001340005,-8829216.802000001,5425514.222999999,80773434,2017,2017/07/26 04:00:00+00,746,7,LAWRENCE AVE E,CARNFORTH RD,20 m East of,Major Arterial,North York,16.0,33,43.741427,-79.314204,Intersection,At Intersection,Traffic Signal,Clear,Daylight,Dry,Non-Fatal Injury,Rear End,50 to 54,2,,0,0,1,1,0,0,0,0,0,1,0,0,0,43,Victoria Village (43),13694
7001343625,-8839302.348,5411758.143999999,80908732,2017,2017/07/26 04:00:00+00,1751,17,DUNDAS ST W,CARLYLE ST,,Major Arterial,Toronto and East York,,14,43.652083000000005,-79.404804,Intersection,At Intersection,No Control,Clear,Daylight,Dry,Non-Fatal Injury,Cyclist Collisions,60 to 64,2,,0,1,1,0,0,0,0,0,0,0,0,0,0,78,Kensington-Chinatown (78),13696
7001344660,-8827925.941,5422929.545,80933498,2017,2017/07/26 04:00:00+00,2100,21,EGLINTON AVE E,VICTORIA PARK AVE,,Major Arterial,North York,,41,43.72465,-79.30260799999999,Intersection,At Intersection,Traffic Signal,Rain,"Dark, artificial",Wet,Non-Fatal Injury,Pedestrian Collisions,65 to 69,2,,1,0,1,0,0,0,0,0,0,1,0,0,0,120,Clairlea-Birchmount (120),13698
7001349582,-8836454.572999999,5411802.146000001,80912629,2017,2017/07/27 04:00:00+00,1540,15,QUEEN ST W,YONGE  ST,11 m West of,Major Arterial,Toronto and East York,13.0,51,43.652369,-79.379222,Intersection,At Intersection,Traffic Signal,Clear,Daylight,Dry,Non-Fatal Injury,Other,65 to 69,2,,0,0,0,0,0,1,0,1,0,0,0,0,0,75,Church-Yonge Corridor (75),13700
7001357624,-8839959.689,5428475.391,80779763,2017,2017/07/28 04:00:00+00,1830,18,YONGE ST,BOGERT AVE,7 m North of,Major Arterial,North York,18.0,32,43.760642,-79.410709,Intersection,At Intersection,No Control,Clear,Daylight,Dry,Non-Fatal Injury,Sideswipe,55 to 59,2,,0,0,1,1,0,0,0,1,0,0,0,0,0,51,Willowdale East (51),13706
7001366288,-8845949.791000001,5413796.766,80782302,2017,2017/07/30 04:00:00+00,237,2,DUNDAS ST W,KEELE ST,,Major Arterial,Toronto and East York,4.0,11,43.665332,-79.464519,Intersection,At Intersection,Traffic Signal,Clear,Dark,Dry,Non-Fatal Injury,Angle,60 to 64,2,,0,0,1,0,0,0,0,0,1,1,0,1,0,90,Junction Area (90),13708
7001372110,-8843550.522,5430501.676,80934482,2017,2017/07/31 04:00:00+00,139,1,BATHURST ST,FINCH AVE W,,Major Arterial,,,32,43.773787,-79.442966,Intersection,At Intersection,Traffic Signal,Clear,"Daylight, artificial",Dry,Non-Fatal Injury,Angle,75 to 79,2,,0,0,1,0,0,0,0,1,0,1,1,0,0,37,Willowdale West (37),13712
7001372973,-8835538.191,5412702.541,80780912,2017,2017/07/31 04:00:00+00,713,7,SHERBOURNE ST,DUNDAS ST E,,Major Arterial,Toronto and East York,13.0,51,43.658221000000005,-79.37099,Intersection,At Intersection,Traffic Signal,Clear,Daylight,Dry,Fatal,Pedestrian Collisions,70 to 74,3,33.0,1,0,1,0,0,0,0,0,1,1,0,0,0,73,Moss Park (73),13903
7001375273,-8859547.912,5423130.568,80903124,2017,2017/07/31 04:00:00+00,1345,13,MARTIN GROVE RD,WESTHUMBER  BLVD,,Major Arterial,Etobicoke York,1.0,23,43.725955,-79.586673,Intersection,At Intersection,Traffic Signal,Clear,Daylight,Dry,Non-Fatal Injury,Turning Movement,65 to 69,2,,0,0,1,0,0,1,0,1,0,0,0,0,0,1,West Humber-Clairville (1),13906
7001383604,-8840746.941,5432832.647999999,80779928,2017,2017/08/01 04:00:00+00,1648,16,YONGE  ST,WEDGEWOOD  DR,,Major Arterial,North York,18.0,32,43.788905,-79.417781,Intersection,At Intersection,No Control,Clear,Daylight,Dry,Non-Fatal Injury,Turning Movement,60 to 64,2,,0,0,1,0,0,0,0,1,0,1,0,0,0,50,Newtonbrook East (50),13909
7001383874,-8838380.845,5411746.451,80779941,2017,2017/08/01 04:00:00+00,1735,17,GRANGE AVE,LARCH ST,3 m West of,Local,Toronto and East York,10.0,52,43.652007,-79.396526,Intersection,At Intersection,No Control,Clear,Daylight,Dry,Non-Fatal Injury,Cyclist Collisions,60 to 64,2,,0,1,1,0,0,0,0,0,0,0,0,0,0,78,Kensington-Chinatown (78),13911
7001386186,-8824104.12,5432616.7639999995,80887679,2017,2017/08/02 04:00:00+00,123,1,BRIMLEY RD,SHEPPARD AVE E,,Major Arterial,Scarborough,23.0,42,43.787504999999996,-79.268276,Intersection,At Intersection,Traffic Signal,Clear,"Dark, artificial",Dry,Non-Fatal Injury,Turning Movement,55 to 59,2,,0,0,1,0,0,0,0,0,0,1,0,0,0,128,Agincourt South-Malvern West (128),13913
7001406926,-8836418.06,5410742.924,80780055,2017,2017/08/05 04:00:00+00,225,2,BAY ST,FRONT ST W,40 m South of,Major Arterial,Toronto and East York,10.0,52,43.645484,-79.37889399999999,Mid-Block,At/Near Private Drive,No Control,Clear,"Dark, artificial",Dry,Non-Fatal Injury,Pedestrian Collisions,50 to 54,2,,1,0,1,0,0,0,0,0,0,0,0,0,0,77,Waterfront Communities-The Island (77),13915
7001412145,-8839511.183,5425922.704,80911490,2017,2017/08/05 04:00:00+00,2245,22,YORK MILLS RD,YONGE ST,,Major Arterial,North York,,32,43.744078,-79.40668000000001,Intersection,At Intersection,Traffic Signal,Clear,"Dark, artificial",Dry,Non-Fatal Injury,Pedestrian Collisions,70 to 74,2,,1,0,1,0,0,0,0,0,0,1,0,0,0,40,St.Andrew-Windfields (40),13917
7001414660,-8845865.634,5413527.313999999,80875877,2017,2017/08/06 04:00:00+00,1125,11,KEELE ST,ANNETTE ST,7 m South of,Major Arterial,Toronto and East York,4.0,11,43.663581,-79.463763,Intersection,Intersection Related,Traffic Signal,Clear,Daylight,Dry,Non-Fatal Injury,Pedestrian Collisions,60 to 64,2,,1,0,1,0,0,0,0,1,0,1,1,0,0,90,Junction Area (90),13923
7001415080,-8843203.094,5414572.235,80780401,2017,2017/08/06 04:00:00+00,1255,12,DUFFERIN ST,BRANDON AVE,18 m South of BRANDON AV,Major Arterial,Toronto and East York,9.0,13,43.670371,-79.43984499999999,Intersection,Intersection Related,No Control,Clear,Daylight,Dry,Non-Fatal Injury,Turning Movement,55 to 59,2,,0,0,1,1,0,0,0,0,0,1,0,0,0,93,Dovercourt-Wallace Emerson-Junction (93),13925
7001424545,-8849417.505,5415458.741,80912152,2017,2017/08/08 04:00:00+00,555,5,JANE ST,ALLIANCE AVE,,Major Arterial,Etobicoke York,5.0,12,43.676131,-79.49566999999999,Intersection,At Intersection,Traffic Signal,Clear,Dark,Dry,Non-Fatal Injury,Turning Movement,55 to 59,2,,0,0,1,0,0,0,0,0,1,1,0,0,0,111,Rockcliffe-Smythe (111),13927
7001424903,-8826995.978,5434812.232999999,80780346,2017,2017/08/08 04:00:00+00,801,8,MILLIKEN BLVD,FINCH  AVE E,,Major Arterial,Scarborough,22.0,42,43.801741,-79.29425400000001,Intersection,At Intersection,Traffic Signal,Clear,Daylight,Dry,Non-Fatal Injury,Pedestrian Collisions,75 to 79,2,,1,0,1,0,0,0,0,0,0,1,0,0,0,117,L'Amoreaux (117),13929
7001432218,-8833723.238,5413075.219,80780661,2017,2017/08/09 04:00:00+00,923,9,DON VALLEY PARKWAY  S,DUNDAS ST E,100 m South of,,Toronto and East York,14.0,55,43.660643,-79.354686,Mid-Block,Non Intersection,No Control,Clear,Daylight,Dry,Non-Fatal Injury,Rear End,30 to 34,2,,0,0,1,0,0,0,0,0,0,1,0,0,0,70,South Riverdale (70),13932
7001442419,-8815929.596,5435007.0370000005,80780911,2017,2017/08/10 04:00:00+00,1810,18,SHEPPARD AVE E,WATER TOWER GT,30  m East of,Major Arterial,Scarborough,25.0,42,43.803004,-79.194843,Intersection,At Intersection,Traffic Signal,Clear,Daylight,Dry,Fatal,Rear End,50 to 54,3,34.0,0,0,1,0,0,1,0,0,0,0,0,0,0,131,Rouge (131),13934
7001450084,-8839286.986,5434746.99,80934419,2017,2017/08/11 04:00:00+00,2117,21,STEELES AVE E,MAXOME AVE,,Major Arterial,North York,18.0,32,43.801318,-79.404666,Mid-Block,Non Intersection,No Control,Rain,"Dark, artificial",Wet,Non-Fatal Injury,Rear End,60 to 64,2,,0,0,1,0,0,0,0,1,0,1,0,0,0,50,Newtonbrook East (50),13939
7001455540,-8847855.581,5416946.137,80938974,2017,2017/08/12 04:00:00+00,1917,19,BLACK CREEK DR,PHOTOGRAPHY DR,,Major Arterial,Etobicoke York,5.0,12,43.685794,-79.481639,Intersection,At Intersection,Traffic Signal,Clear,Daylight,Dry,Non-Fatal Injury,Turning Movement,35 to 39,2,,0,0,1,1,0,0,0,0,1,1,0,0,0,110,Keelesdale-Eglinton West (110),13941
7001457563,-8852165.76,5429726.101,80927112,2017,2017/08/13 04:00:00+00,237,2,JANE ST,SHOREHAM DR,,Major Arterial,Etobicoke York,7.0,31,43.768755999999996,-79.520358,Intersection,At Intersection,Traffic Signal,Clear,"Dark, artificial",Dry,Non-Fatal Injury,Turning Movement,25 to 29,2,,0,0,1,0,0,0,0,0,0,1,0,1,0,24,Black Creek (24),13943
7001464361,-8827608.235,5421872.433999999,80780725,2017,2017/08/14 04:00:00+00,900,9,VICTORIA PARK AVE,EDGE PARK AVE,15 m South of,Major Arterial,Toronto and East York,,41,43.717787,-79.29975400000001,Intersection,Intersection Related,No Control,Clear,Daylight,Dry,Non-Fatal Injury,Rear End,65 to 69,2,,0,0,1,0,0,0,0,1,0,0,0,0,0,120,Clairlea-Birchmount (120),13946
7001470435,-8835487.206,5412722.544,80780913,2017,2017/08/15 04:00:00+00,407,4,DUNDAS ST E,SHERBOURNE ST,38 m East of,Major Arterial,Toronto and East York,13.0,51,43.658351,-79.370532,Mid-Block,Non Intersection,No Control,Rain,"Dark, artificial",Wet,Fatal,Pedestrian Collisions,unknown,3,35.0,1,0,0,0,0,0,0,0,0,0,0,0,0,73,Moss Park (73),13948
7001474297,-8843932.682,5424475.15,80921628,2017,2017/08/15 04:00:00+00,1700,17,FAYWOOD  BLVD,WILSON AVE,,Major Arterial,North York,6.0,32,43.734683000000004,-79.446399,Intersection,At Intersection,Stop Sign,Clear,Daylight,Dry,Non-Fatal Injury,Turning Movement,65 to 69,2,,0,0,1,0,0,1,0,1,0,0,0,0,0,33,Clanton Park (33),13954
7001489368,-8845097.083999999,5422796.147999999,80780959,2017,2017/08/17 04:00:00+00,2215,22,DUFFERIN ST,CARTWRIGHT  AVE,,Major Arterial,North York,8.0,32,43.723784,-79.456859,Intersection,At Intersection,No Control,Rain,"Dark, artificial",Wet,Non-Fatal Injury,Pedestrian Collisions,40 to 44,2,,1,0,1,0,0,0,0,0,0,0,0,0,0,31,Yorkdale-Glen Park (31),13956
7001489490,-8823855.21,5436932.476,80932531,2017,2017/08/17 04:00:00+00,2245,22,WHITE HEATHER BLVD,LONGSWORD  DR,10 m South of,Collector,Scarborough,23.0,42,43.815486,-79.26604,Intersection,At Intersection,No Control,Clear,"Dark, artificial",Dry,Non-Fatal Injury,SMV Other,20 to 24,2,,0,0,1,0,0,0,0,1,1,1,0,1,0,129,Agincourt North (129),13958
7001492041,-8843932.682,5424475.15,80780969,2017,2017/08/18 04:00:00+00,1055,10,FAYWOOD  BLVD,WILSON  AVE,1 m South of,Major Arterial,North York,6.0,32,43.734683000000004,-79.446399,Intersection,At Intersection,Stop Sign,Clear,Daylight,Dry,Non-Fatal Injury,Cyclist Collisions,55 to 59,2,,0,1,1,0,0,0,0,0,0,1,0,0,0,33,Clanton Park (33),13960
7001493534,-8856280.685,5406357.329,80786638,2017,2017/08/18 04:00:00+00,1444,14,NORTH QUEEN ST,NOVA RD,80 m North of,Minor Arterial,Etobicoke York,3.0,22,43.616969,-79.557323,Mid-Block,At/Near Private Drive,Stop Sign,Clear,Daylight,Dry,Non-Fatal Injury,Turning Movement,60 to 64,2,,0,0,1,0,0,0,0,1,0,1,0,0,0,14,Islington-City Centre West (14),13965
7001494097,-8822967.66,5424440.485,80781062,2017,2017/08/18 04:00:00+00,1622,16,MIDLAND AVE,EGLINTON AVE E,25 m South of,Major Arterial,Scarborough,,41,43.734458000000004,-79.25806700000001,Intersection,Intersection Related,No Control,Clear,Daylight,Dry,Non-Fatal Injury,Pedestrian Collisions,65 to 69,2,,1,0,1,0,0,0,0,0,0,0,0,0,0,124,Kennedy Park (124),13967
7001496214,-8856310.408,5426638.784,80918745,2017,2017/08/18 04:00:00+00,2305,23,FINCH  AVE W,DUNCANWOODS  DR,10 m West of,Major Arterial,Etobicoke York,7.0,31,43.748725,-79.55759,Intersection,At Intersection,Traffic Signal,Clear,"Dark, artificial",Dry,Non-Fatal Injury,Pedestrian Collisions,55 to 59,2,,1,0,1,0,0,0,0,1,0,0,0,0,0,22,Humbermede (22),13970
7001502233,-8857899.382000001,5423151.672,80885787,2017,2017/08/19 04:00:00+00,2309,23,HINTON RD,KIPLING AVE,120 m East of,Local,Etobicoke York,1.0,23,43.726092,-79.571864,Mid-Block,At/Near Private Drive,No Control,Clear,"Dark, artificial",Dry,Non-Fatal Injury,Turning Movement,35 to 39,2,,0,0,1,1,0,0,0,0,0,1,0,0,0,4,Rexdale-Kipling (4),13972
7001508706,-8854890.305,5427064.884,80914556,2017,2017/08/21 04:00:00+00,118,1,FINCH AVE W,WESTON RD,213 m West of,Major Arterial,Etobicoke York,7.0,31,43.751490000000004,-79.544833,Mid-Block,Non Intersection,No Control,Clear,"Dark, artificial",Dry,Non-Fatal Injury,Turning Movement,unknown,2,,0,0,1,0,0,0,0,0,1,1,0,0,0,22,Humbermede (22),13974
7001512006,-8824540.604,5421263.761,80933993,2017,2017/08/21 04:00:00+00,1414,14,ST CLAIR AVE E,BIRCHMOUNT RD,71 m West of,Major Arterial,Scarborough,20.0,41,43.713834999999996,-79.27219699999999,Mid-Block,At/Near Private Drive,No Control,Clear,Daylight,Dry,Non-Fatal Injury,Angle,35 to 39,2,,0,0,1,0,0,0,0,0,0,1,0,0,0,120,Clairlea-Birchmount (120),13976
7001512799,-8838756.993999999,5412943.811000001,80920031,2017,2017/08/21 04:00:00+00,1634,16,SPADINA CRES,RUSSELL ST,30 m South of,Major Arterial,Toronto and East York,11.0,52,43.659789,-79.399905,Intersection,At Intersection,No Control,Clear,Daylight,Dry,Non-Fatal Injury,Cyclist Collisions,35 to 39,2,,0,1,1,0,0,0,0,0,1,1,0,0,0,79,University (79),13978
7001526213,-8819491.486,5441056.971,80788469,2017,2017/08/23 04:00:00+00,1525,15,STEELES AVE E,NINTH LINE,84 m West of,Minor Arterial,Scarborough,25.0,42,43.842215,-79.22684,Mid-Block,Non Intersection,No Control,Clear,Daylight,Dry,Non-Fatal Injury,Rear End,40 to 44,2,,0,0,1,0,0,0,0,0,0,1,0,0,0,131,Rouge (131),13982
7001528499,-8827649.09,5416651.347999999,80894962,2017,2017/08/23 04:00:00+00,1010,10,MAIN ST,GERRARD  ST E,,Minor Arterial,Toronto and East York,19.0,55,43.683879,-79.30012099999999,Intersection,At Intersection,Traffic Signal,Clear,Daylight,Dry,Non-Fatal Injury,Cyclist Collisions,45 to 49,2,,0,1,1,0,0,0,0,0,0,0,0,0,0,62,East End-Danforth (62),13980
7001528578,-8840095.499,5410202.36,80781250,2017,2017/08/23 04:00:00+00,2218,22,KING ST W,STRACHAN AVE,,Major Arterial,Toronto and East York,10.0,14,43.64197,-79.411929,Intersection,At Intersection,Traffic Signal,Clear,"Dark, artificial",Dry,Non-Fatal Injury,Pedestrian Collisions,45 to 49,2,,1,0,1,0,0,0,0,0,0,1,0,0,0,82,Niagara (82),13984
7001535588,-8828979.913999999,5426644.64,80780915,2017,2017/08/24 04:00:00+00,2325,23,VICTORIA PARK AVE,CLINTWOOD GT,,Major Arterial,North York,,41,43.748763000000004,-79.312076,Intersection,At Intersection,No Control,Clear,"Dark, artificial",Dry,Fatal,Pedestrian Collisions,55 to 59,3,36.0,1,0,1,0,0,0,0,0,0,0,0,0,0,119,Wexford/Maryvale (119),13986
7001538094,-8820424.009,5425210.994,80782655,2017,2017/08/25 04:00:00+00,1204,12,EGLINTON AVE E,TORRANCE RD,12 m East of,Major Arterial,Scarborough,,43,43.739459000000004,-79.235217,Intersection,At Intersection,Traffic Signal,Clear,Daylight,Dry,Non-Fatal Injury,SMV Other,55 to 59,2,,0,0,1,0,0,0,0,0,0,0,0,0,1,138,Eglinton East (138),13989
7001542101,-8841991.159,5411360.904,80781643,2017,2017/08/25 04:00:00+00,1130,11,DUNDAS ST W,GLADSTONE AVE,60 m East of,Minor Arterial,Toronto and East York,9.0,14,43.649501,-79.428958,Mid-Block,Non Intersection,No Control,Clear,Dark,Dry,Fatal,Pedestrian Collisions,65 to 69,3,39.0,1,0,1,0,0,0,0,0,0,0,0,0,0,84,Little Portugal (84),13988
7001544325,-8821295.418,5422281.371,80781222,2017,2017/08/26 04:00:00+00,1055,10,3738 ST CLAIR AVE E,,,Minor Arterial,Scarborough,20.0,41,43.720442,-79.243045,Mid-Block,Non Intersection,No Control,Clear,Daylight,Dry,Fatal,SMV Other,30 to 34,3,37.0,0,0,1,0,0,0,0,0,1,1,0,0,0,123,Cliffcrest (123),13990
7001553173,-8821960.441,5440259.8270000005,80781221,2017,2017/08/27 04:00:00+00,2054,20,6065 STEELES AVE E,,,Major Arterial,Scarborough,23.0,42,43.83705,-79.24901899999999,Mid-Block,Non Intersection,No Control,Clear,Dark,Dry,Fatal,Pedestrian Collisions,75 to 79,3,38.0,1,0,1,0,0,0,0,0,0,1,0,0,0,131,Rouge (131),13994
7001553608,-8846291.207999999,5421544.682,80942887,2017,2017/08/27 04:00:00+00,1105,11,LESWYN  RD,CALEDONIA  RD,8 m East of,Minor Arterial,North York,8.0,32,43.715659,-79.467586,Intersection,Intersection Related,Stop Sign,Clear,Daylight,Dry,Non-Fatal Injury,Pedestrian Collisions,unknown,2,,1,0,1,0,0,0,0,0,0,0,0,0,0,31,Yorkdale-Glen Park (31),13992
7001555383,-8854735.793,5408781.261,80787898,2017,2017/08/28 04:00:00+00,849,8,5450 DUNDAS ST W,,5 m South of,Major Arterial,Etobicoke York,3.0,22,43.632731,-79.54344499999999,Mid-Block,At/Near Private Drive,No Control,Clear,Daylight,Dry,Non-Fatal Injury,Pedestrian Collisions,30 to 34,2,,1,0,1,0,0,0,0,0,0,0,0,0,0,14,Islington-City Centre West (14),13996
7001555657,-8842880.379,5427701.065,80887253,2017,2017/08/28 04:00:00+00,935,9,SHEPPARD  AVE W,CANYON AVE,6 m West of,Major Arterial,North York,6.0,32,43.755618,-79.43694599999999,Intersection,At Intersection,No Control,Clear,Daylight,Dry,Non-Fatal Injury,Rear End,70 to 74,2,,0,0,1,0,0,0,0,1,0,1,0,0,0,38,Lansing-Westgate (38),14000
7001556385,-8839173.217,5417680.765,80908003,2017,2017/08/28 04:00:00+00,1135,11,215 LONSDALE  RD,,51 m West of,Minor Arterial,Toronto and East York,12.0,53,43.690566,-79.403644,Mid-Block,Non Intersection,No Control,Clear,Daylight,Dry,Non-Fatal Injury,Sideswipe,75 to 79,2,,0,0,1,1,0,0,0,0,0,1,0,0,0,96,Casa Loma (96),13114
7001559045,-8841469.738,5412741.316000001,80888102,2017,2017/08/28 04:00:00+00,1845,18,OSSINGTON  AVE,HARBORD ST,30 m North of,Minor Arterial,Toronto and East York,,14,43.658473,-79.424274,Intersection,Intersection Related,No Control,Clear,Daylight,Dry,Non-Fatal Injury,Turning Movement,30 to 34,2,,0,0,1,1,0,0,0,0,0,0,0,0,0,80,Palmerston-Little Italy (80),13220
7001559583,-8860274.049,5415493.372,80942741,2017,2017/08/28 04:00:00+00,2010,20,RENFORTH DR,SILVER DART DR,3 m South of,Major Arterial,Etobicoke York,1.0,23,43.676356,-79.59319599999999,Intersection,At Intersection,Traffic Signal,Clear,"Dark, artificial",Dry,Non-Fatal Injury,SMV Other,25 to 29,2,,0,0,1,0,0,0,0,0,0,1,0,0,0,1,West Humber-Clairville (1),13228
7001568713,-8862129.745,5424374.084,80895233,2017,2017/08/30 04:00:00+00,846,8,FINCH AVE W,HUMBER COLLEGE BLVD,23 m West of,Major Arterial,Etobicoke York,1.0,23,43.734027000000005,-79.609866,Mid-Block,Intersection Related,No Control,Clear,Daylight,Dry,Non-Fatal Injury,Rear End,60 to 64,2,,0,0,1,0,0,1,0,1,0,0,0,0,0,1,West Humber-Clairville (1),13338
7001571864,-8837721.722000001,5413516.697000001,80895727,2017,2017/08/30 04:00:00+00,1703,17,WELLESLEY ST W,QUEENS PARK CRES E,3 m East of,Major Arterial,Toronto and East York,11.0,52,43.663512,-79.39060500000001,Intersection,At Intersection,Traffic Signal,Clear,Daylight,Dry,Non-Fatal Injury,Cyclist Collisions,55 to 59,2,,0,1,0,0,1,0,0,0,0,0,0,0,0,76,Bay Street Corridor (76),13343
7001580093,-8839271.735,5424414.602000001,80781829,2017,2017/08/31 04:00:00+00,2141,21,YONGE ST,YONGE BLVD,,Major Arterial,North York,,32,43.73429,-79.40452900000001,Intersection,At Intersection,Traffic Controller,Clear,"Daylight, artificial",Dry,Non-Fatal Injury,Cyclist Collisions,20 to 24,2,,0,1,1,0,0,0,0,0,0,0,0,0,0,41,Bridle Path-Sunnybrook-York Mills (41),13345
7001604333,-8817634.12,5433932.039,80915151,2017,2017/09/05 04:00:00+00,30,3,715 MILNER AVE,,30 m East of,Minor Arterial,Scarborough,25.0,42,43.796034000000006,-79.210155,Mid-Block,At/Near Private Drive,No Control,Clear,"Dark, artificial",Dry,Non-Fatal Injury,SMV Other,30 to 34,2,,0,0,1,0,0,0,0,1,0,0,0,0,0,132,Malvern (132),13347