ACCNUM,X,Y,Index_,YEAR,DATE,TIME,HOUR,STREET1,STREET2,OFFSET,ROAD_CLASS,District,WardNum,Division,LATITUDE,LONGITUDE,LOCCOORD,ACCLOC,TRAFFCTL,VISIBILITY,LIGHT,RDSFCOND,ACCLASS,IMPACTYPE,INVAGE,INJURY,FATAL_NO,PEDESTRIAN,CYCLIST,AUTOMOBILE,MOTORCYCLE,TRUCK,TRSN_CITY_VEH,EMERG_VEH,PASSENGER,SPEEDING,AG_DRIV,REDLIGHT,ALCOHOL,DISABILITY,Hood_ID,Neighbourhood,ObjectId
7001609078,-8838066.59,5419117.862000001,80782001,2017,2017/09/05 04:00:00+00,1735,17,MILLWOOD RD,YONGE  ST,297 m East of,Local,Toronto and East York,12.0,53,43.6999,-79.393703,Mid-Block,Non Intersection,No Control,Clear,Daylight,Dry,Non-Fatal Injury,Pedestrian Collisions,5 to 9,2,,1,0,1,0,0,0,0,1,0,0,0,0,0,104,Mount Pleasant West (104),13351
7001609405,-8843964.965,5427808.024,80782621,2017,2017/09/05 04:00:00+00,1832,18,CODSELL AVE,MAXWELL ST,,Local,North York,6.0,32,43.756312,-79.446689,Intersection,At Intersection,Stop Sign,Clear,Daylight,Dry,Fatal,Pedestrian Collisions,70 to 74,3,40.0,1,0,1,0,0,0,0,0,0,1,0,0,0,34,Bathurst Manor (34),13353
7001616713,-8826901.691,5416874.402000001,80783755,2017,2017/09/06 04:00:00+00,2040,20,GERRARD ST E,HANNAFORD ST,,Minor Arterial,Toronto and East York,19.0,55,43.685328000000005,-79.293407,Intersection,At Intersection,No Control,Clear,"Dark, artificial",Dry,Non-Fatal Injury,Cyclist Collisions,55 to 59,2,,0,1,1,0,0,0,0,0,0,0,0,0,0,62,East End-Danforth (62),13355
7001617319,-8835917.011,5412458.971,80781909,2017,2017/09/06 04:00:00+00,2217,22,JARVIS ST,DUNDAS ST E,45 m South of,Major Arterial,Toronto and East York,13.0,51,43.656638,-79.37439300000001,Mid-Block,Non Intersection,No Control,Clear,"Dark, artificial",Dry,Non-Fatal Injury,Pedestrian Collisions,50 to 54,2,,1,0,1,0,0,0,0,0,0,0,0,0,0,73,Moss Park (73),13357
7001621842,-8822294.177000001,5424643.852999999,80925958,2017,2017/09/07 04:00:00+00,1538,15,EGLINTON AVE E,BIMBROK RD,,Major Arterial,Scarborough,,41,43.735778,-79.25201700000001,Intersection,At Intersection,No Control,Clear,Daylight,Dry,Non-Fatal Injury,Turning Movement,60 to 64,2,,0,0,1,0,1,0,0,1,0,1,0,0,0,124,Kennedy Park (124),13360
7001628368,-8835845.655,5419439.83,80782082,2017,2017/09/08 04:00:00+00,1505,15,BALLIOL ST,BAYVIEW AVE,,Major Arterial,North York,15.0,53,43.701991,-79.373752,Intersection,At Intersection,Stop Sign,Clear,Daylight,Dry,Non-Fatal Injury,Cyclist Collisions,50 to 54,2,,0,1,1,0,0,0,0,0,0,1,0,0,0,56,Leaside-Bennington (56),13362
7001633721,-8837622.425,5411456.443,80782124,2017,2017/09/09 04:00:00+00,1221,12,MC CAUL ST,QUEEN ST W,,Major Arterial,Toronto and East York,10.0,52,43.650121999999996,-79.389713,Intersection,At Intersection,Traffic Controller,Clear,Daylight,Dry,Non-Fatal Injury,Turning Movement,45 to 49,2,,0,0,1,1,0,0,0,0,0,0,0,0,0,77,Waterfront Communities-The Island (77),13364
7001651562,-8832157.083999999,5417798.693,80782536,2017,2017/09/12 04:00:00+00,844,8,COSBURN AVE,LESMOUNT AVE,,Minor Arterial,Toronto and East York,14.0,54,43.691332,-79.34061700000001,Intersection,At Intersection,No Control,Clear,Daylight,Dry,Non-Fatal Injury,Cyclist Collisions,45 to 49,2,,0,1,0,0,1,0,0,0,0,0,0,0,0,59,Danforth East York (59),13366
7001653729,-8829297.509,5437186.722,80888648,2017,2017/09/12 04:00:00+00,1426,14,BIRCHMOUNT RD,WINTERMUTE BLVD,88 m North of,Major Arterial,Scarborough,22.0,42,43.817134,-79.314929,Mid-Block,Non Intersection,No Control,Clear,Daylight,Dry,Non-Fatal Injury,Approaching,60 to 64,2,,0,0,1,0,0,0,0,0,0,0,0,0,0,116,Steeles (116),13368
7001656927,-8839595.341,5413885.406,80782765,2017,2017/09/13 04:00:00+00,105,1,BLOOR ST W,BRUNSWICK AVE,,Major Arterial,Toronto and East York,11.0,14,43.665908,-79.407436,Intersection,At Intersection,Traffic Signal,Clear,"Dark, artificial",Dry,Non-Fatal Injury,Cyclist Collisions,20 to 24,2,,0,1,0,1,0,0,0,0,0,0,0,0,0,95,Annex (95),13370
7001667796,-8831680.636,5421349.546,80915778,2017,2017/09/14 04:00:00+00,1601,16,DON MILLS RD,GATEWAY BLVD,,Major Arterial,North York,16.0,54,43.714392,-79.336337,Intersection,At Intersection,Traffic Signal,Clear,Daylight,Dry,Non-Fatal Injury,Turning Movement,30 to 34,2,,0,0,1,1,0,0,0,0,0,0,0,0,0,44,Flemingdon Park (44),13372
7001671435,-8862465.262,5427704.61,80782626,2017,2017/09/15 04:00:00+00,652,6,STEELES AVE W,HIGHWAY 27  N,200 m East of,Major Arterial,Etobicoke York,1.0,23,43.755641,-79.61288,Mid-Block,Non Intersection,No Control,Clear,Daylight,Dry,Fatal,Turning Movement,55 to 59,3,41.0,0,0,1,0,1,0,0,1,1,1,0,0,0,1,West Humber-Clairville (1),13376
7001690052,-8840965.238,5408415.216,80892786,2017,2017/09/17 04:00:00+00,2358,23,LAKE SHORE BLVD W,REMEMBRANCE DR,,Major Arterial,Toronto and East York,10.0,14,43.630351,-79.419742,Intersection,At Intersection,Traffic Signal,Clear,"Dark, artificial",Dry,Non-Fatal Injury,Cyclist Collisions,45 to 49,2,,0,1,1,0,0,0,0,0,0,0,0,0,0,82,Niagara (82),13378
7001696237,-8842011.53,5408570.091,80783391,2017,2017/09/18 04:00:00+00,2019,20,LAKE SHORE BLVD W,BRITISH COLUMBIA RD,1 m West of,Major Arterial,Toronto and East York,4.0,14,43.631358,-79.429141,Intersection,At Intersection,Traffic Signal,Clear,"Dark, artificial",Dry,Non-Fatal Injury,Cyclist Collisions,60 to 64,2,,0,1,1,0,0,0,0,0,0,0,0,0,0,85,South Parkdale (85),13380
7001709828,-8834000.98,5416493.259,80783195,2017,2017/09/20 04:00:00+00,1953,19,BROADVIEW AVE,NEALON AVE,,Minor Arterial,Toronto and East York,14.0,54,43.682852000000004,-79.35718100000001,Intersection,At Intersection,No Control,Clear,Dark,Dry,Fatal,Pedestrian Collisions,85 to 89,3,42.0,1,0,1,0,0,0,0,0,0,0,0,0,0,57,Broadview North (57),13382
7001722344,-8850566.544,5415556.785,80935609,2017,2017/09/22 04:00:00+00,1632,16,SCARLETT  RD,EAST DR,,Minor Arterial,Etobicoke York,5.0,12,43.676768,-79.505992,Intersection,At Intersection,Traffic Signal,Clear,Daylight,Dry,Non-Fatal Injury,Turning Movement,60 to 64,2,,0,0,1,0,0,0,0,0,0,1,1,0,0,111,Rockcliffe-Smythe (111),13384
7001725049,-8848581.718,5415148.762,80898086,2017,2017/09/23 04:00:00+00,50,5,ROCKCLIFFE BLVD,WOOLNER AVE,150 m North of,Collector,Etobicoke York,5.0,12,43.674116999999995,-79.488162,Mid-Block,Non Intersection,No Control,Clear,"Dark, artificial",Dry,Non-Fatal Injury,SMV Other,20 to 24,2,,0,0,1,0,0,0,0,1,1,1,0,0,0,111,Rockcliffe-Smythe (111),13391
7001731321,-8840802.155,5433146.768999999,80792420,2017,2017/09/24 04:00:00+00,0,0,YONGE ST,CENTRE AVE,80 m South of,Major Arterial,North York,18.0,32,43.790942,-79.418277,Mid-Block,Non Intersection,No Control,Clear,"Dark, artificial",Dry,Non-Fatal Injury,Pedestrian Collisions,30 to 34,2,,1,0,1,0,0,0,0,0,0,1,0,0,0,50,Newtonbrook East (50),13394
7001733942,-8844474.585,5418921.083,80933890,2017,2017/09/24 04:00:00+00,1255,12,DUFFERIN ST,HOPEWELL AVE,1 m South of,Major Arterial,North York,8.0,13,43.698622,-79.451267,Intersection,At Intersection,Stop Sign,Clear,Daylight,Dry,Non-Fatal Injury,Cyclist Collisions,60 to 64,2,,0,1,1,0,0,0,0,0,0,0,0,0,0,108,Briar Hill-Belgravia (108),13396
7001742051,-8841853.568,5419203.627,80899644,2017,2017/09/25 04:00:00+00,1652,16,EGLINTON  AVE W,CHILTERN HILL RD,10 m West of,Major Arterial,North York,,13,43.700457,-79.427722,Intersection,Intersection Related,Stop Sign,Clear,Daylight,Dry,Non-Fatal Injury,Pedestrian Collisions,50 to 54,2,,1,0,1,0,0,0,0,0,0,0,0,0,0,106,Humewood-Cedarvale (106),13398
7001744141,-8852197.264,5429925.4229999995,80783529,2017,2017/09/25 04:00:00+00,2330,23,4673 JANE ST,,6 m North of,Major Arterial,Etobicoke York,7.0,31,43.770049,-79.520641,Mid-Block,Non Intersection,No Control,Clear,"Dark, artificial",Dry,Non-Fatal Injury,Pedestrian Collisions,55 to 59,2,,1,0,1,0,0,0,0,0,1,1,0,0,0,24,Black Creek (24),13400
7001748240,-8858342.767,5410281.581,80918623,2017,2017/09/26 04:00:00+00,1505,15,BURNHAMTHORPE RD,SATURN RD,,Major Arterial,Etobicoke York,2.0,22,43.642485,-79.575847,Intersection,At Intersection,Traffic Signal,Clear,Daylight,Dry,Non-Fatal Injury,Turning Movement,60 to 64,2,,0,0,1,1,0,0,0,0,0,1,1,0,0,13,Etobicoke West Mall (13),13402
7001757365,-8827775.549,5428914.522999999,80783199,2017,2017/09/27 04:00:00+00,2125,21,WARDEN AVE,CONTINENTAL PL,,Major Arterial,Scarborough,21.0,41,43.763490999999995,-79.30125699999999,Intersection,At Intersection,No Control,Clear,Dark,Dry,Fatal,Pedestrian Collisions,unknown,3,44.0,1,0,1,0,0,0,0,0,1,1,0,0,0,119,Wexford/Maryvale (119),13406
7001762491,-8824270.543,5420828.535,80784509,2017,2017/09/28 04:00:00+00,1630,16,BIRCHMOUNT RD,ZENITH DR,,Minor Arterial,Scarborough,20.0,41,43.711009000000004,-79.26977099999999,Intersection,Intersection Related,No Control,Clear,Daylight,Dry,Fatal,Pedestrian Collisions,55 to 59,3,45.0,1,0,1,0,0,0,0,1,0,1,0,1,0,120,Clairlea-Birchmount (120),13410
7001764156,-8824852.299,5439101.967999999,80783692,2017,2017/09/28 04:00:00+00,2135,21,4322 MCCOWAN RD,,30 m South of,Major Arterial,Scarborough,23.0,42,43.829547,-79.274997,Mid-Block,Non Intersection,No Control,Clear,"Dark, artificial",Dry,Fatal,Pedestrian Collisions,70 to 74,3,46.0,1,0,1,0,0,0,0,0,0,0,0,0,0,130,Milliken (130),13412
7001771267,-8838615.173,5420384.397999999,80783653,2017,2017/09/29 04:00:00+00,2325,23,YONGE ST,ORCHARD VIEW BLVD,21 m North of,Major Arterial,North York,,53,43.708125,-79.39863100000001,Intersection,Non Intersection,Traffic Signal,Rain,Dark,Wet,Non-Fatal Injury,Pedestrian Collisions,25 to 29,2,,1,0,1,0,0,0,0,0,0,0,0,0,0,104,Mount Pleasant West (104),13414
7001774140,-8844939.901,5416560.219,80893191,2017,2017/09/30 04:00:00+00,1311,13,ROGERS  RD,MCROBERTS AVE,99 m East of,Minor Arterial,Etobicoke York,9.0,13,43.683287,-79.45544699999999,Mid-Block,Non Intersection,No Control,Clear,Daylight,Dry,Non-Fatal Injury,Rear End,90 to 94,2,,0,0,1,0,0,0,0,1,0,0,0,0,1,109,Caledonia-Fairbank (109),13421
7001781044,-8842620.559,5415175.08,80784054,2017,2017/10/01 04:00:00+00,1615,16,DAVENPORT RD,DOVERCOURT ROAD,,Minor Arterial,Toronto and East York,9.0,13,43.674288,-79.434612,Intersection,At Intersection,No Control,Clear,Daylight,Dry,Non-Fatal Injury,Cyclist Collisions,45 to 49,2,,0,1,1,0,0,0,0,0,0,0,0,0,0,92,Corso Italia-Davenport (92),13423
7001781629,-8839193.589,5413989.281,80784060,2017,2017/10/01 04:00:00+00,1815,18,BLOOR ST W,SPADINA AVE,,Major Arterial,Toronto and East York,11.0,53,43.666583,-79.403827,Intersection,At Intersection,Traffic Signal,Clear,Daylight,Dry,Non-Fatal Injury,Cyclist Collisions,25 to 29,2,,0,1,0,0,1,0,0,1,0,0,0,0,0,79,University (79),13427
7001784038,-8844455.884,5418801.293,80784064,2017,2017/10/02 04:00:00+00,645,6,WHITMORE AVE,DUFFERIN ST,,Major Arterial,North York,8.0,13,43.697844,-79.451099,Intersection,At Intersection,Traffic Signal,Clear,Daylight,Dry,Non-Fatal Injury,Pedestrian Collisions,35 to 39,2,,1,0,1,0,0,0,0,0,1,1,0,0,0,108,Briar Hill-Belgravia (108),13429
7001786322,-8817533.933,5441661.087,80910515,2017,2017/10/02 04:00:00+00,1327,13,SEWELLS RD,STEELES AVE E,,Minor Arterial,Scarborough,25.0,42,43.846129,-79.209255,Intersection,At Intersection,Stop Sign,Clear,Daylight,Dry,Non-Fatal Injury,Turning Movement,35 to 39,2,,0,0,1,0,0,0,0,0,0,1,0,0,0,131,Rouge (131),13431
7001788522,-8833180.555,5412792.401000001,80886129,2017,2017/10/02 04:00:00+00,1915,19,QUEEN ST E,BROADVIEW AVE,25 m East of,Major Arterial,Toronto and East York,14.0,55,43.658805,-79.349811,Mid-Block,Intersection Related,No Control,Clear,"Dark, artificial",Dry,Non-Fatal Injury,SMV Unattended Vehicle,25 to 29,2,,0,0,1,0,0,0,0,0,0,0,0,0,0,70,South Riverdale (70),13432
7001788556,-8837180.71,5435391.877,80939028,2017,2017/10/02 04:00:00+00,1925,19,STEELES AVE E,LAURELEAF RD S,,Major Arterial,North York,17.0,33,43.805499,-79.385745,Intersection,At Intersection,Traffic Signal,Clear,"Dark, artificial",Dry,Non-Fatal Injury,Pedestrian Collisions,Over 95,2,,1,0,1,0,0,0,0,1,0,0,0,0,0,49,Bayview Woods-Steeles (49),14004
7001794171,-8850084.197,5429639.622,80783693,2017,2017/10/03 04:00:00+00,1623,16,SENTINEL RD,ASSINIBOINE RD,15 m South of,Minor Arterial,Etobicoke York,7.0,31,43.768195,-79.501659,Intersection,At Intersection,No Control,Clear,Daylight,Dry,Fatal,Pedestrian Collisions,20 to 24,3,47.0,1,0,1,0,0,0,0,0,0,0,0,0,0,27,York University Heights (27),14006
7001798069,-8823677.767,5422842.512999999,80784028,2017,2017/10/04 04:00:00+00,830,8,KENNEDY RD,FOXRIDGE DR,,Major Arterial,Scarborough,20.0,41,43.724084999999995,-79.26444599999999,Intersection,At Intersection,No Control,Clear,Daylight,Dry,Non-Fatal Injury,Cyclist Collisions,80 to 84,2,,0,1,1,0,0,0,0,0,0,1,0,0,0,124,Kennedy Park (124),14008
7001799357,-8839193.589,5413989.281,80784303,2017,2017/10/04 04:00:00+00,1147,11,BLOOR ST W,SPADINA RD,,Major Arterial,Toronto and East York,11.0,53,43.666583,-79.403827,Intersection,At Intersection,Traffic Signal,Clear,Daylight,Dry,Non-Fatal Injury,Cyclist Collisions,50 to 54,2,,0,1,1,0,0,0,0,0,0,0,0,0,0,79,University (79),14011
7001803207,-8832976.729,5427690.431,80783698,2017,2017/10/04 04:00:00+00,2308,23,900 YORK MILLS RD,,,Major Arterial,North York,16.0,33,43.755549,-79.34798,Mid-Block,Non Intersection,No Control,Clear,Dark,Dry,Fatal,Pedestrian Collisions,unknown,3,48.0,1,0,1,0,0,0,0,0,0,0,0,1,0,42,Banbury-Don Mills (42),14013
7001803830,-8839016.925,5423036.449,80783701,2017,2017/10/05 04:00:00+00,331,3,YONGE ST,LAWRENCE AVE W,100 m North of,Major Arterial,North York,,32,43.725344,-79.40224,Mid-Block,Non Intersection,No Control,Clear,Dark,Dry,Fatal,Pedestrian Collisions,unknown,3,49.0,1,0,0,0,0,0,0,0,0,0,0,0,0,105,Lawrence Park North (105),14018
7001806475,-8826196.704,5423210.363,80920316,2017,2017/10/05 04:00:00+00,1310,13,WARDEN AVE,CIVIC  RD,37 m South of,Major Arterial,Scarborough,20.0,41,43.726473,-79.287074,Mid-Block,Non Intersection,No Control,Clear,Daylight,Dry,Non-Fatal Injury,Pedestrian Collisions,65 to 69,2,,1,0,1,0,0,0,0,0,0,0,0,0,0,120,Clairlea-Birchmount (120),14021
7001806596,-8838920.077,5411073.831,80912808,2017,2017/10/05 04:00:00+00,1330,13,QUEEN ST W,PORTLAND ST,3 m East of,Major Arterial,Toronto and East York,10.0,14,43.647635,-79.40137,Mid-Block,At Intersection,Traffic Signal,Clear,Daylight,Dry,Non-Fatal Injury,Turning Movement,30 to 34,2,,0,0,1,1,0,0,0,0,0,0,0,0,0,77,Waterfront Communities-The Island (77),14023
7001814947,-8835564.572999999,5429961.804,80886175,2017,2017/10/06 04:00:00+00,1825,18,SHEPPARD  AVE E,PROVOST DR,,Major Arterial,North York,17.0,33,43.770285,-79.371227,Intersection,At Intersection,Traffic Signal,Clear,Daylight,Dry,Non-Fatal Injury,Pedestrian Collisions,75 to 79,2,,1,0,1,0,0,0,0,1,0,1,1,0,0,52,Bayview Village (52),14031
7001821559,-8837494.185,5412267.565,80886418,2017,2017/10/07 04:00:00+00,2025,20,UNIVERSITY AVE,EDWARD ST,,Major Arterial,Toronto and East York,11.0,52,43.655394,-79.388561,Intersection,At Intersection,No Control,Clear,"Daylight, artificial",Dry,Non-Fatal Injury,Turning Movement,30 to 34,2,,0,0,1,1,0,0,0,1,0,1,0,0,0,76,Bay Street Corridor (76),14035
7001824954,-8836527.598,5410206.512999999,80902405,2017,2017/10/08 04:00:00+00,1230,12,F G GARDINER XY  E,GARDINER E LOWER JARVIS RAMP,3 m North of,Major Arterial,Toronto and East York,10.0,52,43.641996999999996,-79.379878,Mid-Block,Non Intersection,No Control,Clear,Daylight,Dry,Non-Fatal Injury,Rear End,40 to 44,2,,0,0,1,1,0,0,0,0,0,0,0,0,0,77,Waterfront Communities-The Island (77),14037
7001831033,-8844570.543,5424541.552,80894131,2017,2017/10/09 04:00:00+00,1545,15,TRANSIT RD,WILSON AVE,84 m North of,Minor Arterial,North York,6.0,32,43.735114,-79.452129,Mid-Block,Non Intersection,No Control,Clear,Daylight,Dry,Non-Fatal Injury,SMV Other,35 to 39,2,,0,0,0,1,0,0,0,0,0,0,0,0,0,33,Clanton Park (33),14038
7001831217,-8837465.242,5415125.214,80913663,2017,2017/10/09 04:00:00+00,1628,16,YONGE ST,FRICHOT AVE,95 m South of,Major Arterial,Toronto and East York,11.0,53,43.673964,-79.388301,Mid-Block,Non Intersection,No Control,Clear,Daylight,Dry,Non-Fatal Injury,Sideswipe,60 to 64,2,,0,0,1,0,0,0,0,0,0,0,0,0,0,98,Rosedale-Moore Park (98),14040
7001838870,-8824862.54,5438402.046,80784452,2017,2017/10/10 04:00:00+00,2100,21,3358 MCCOWAN RD,,,Major Arterial,Scarborough,23.0,42,43.825010999999996,-79.27508900000001,Mid-Block,At/Near Private Drive,Traffic Signal,Clear,"Dark, artificial",Dry,Non-Fatal Injury,Pedestrian Collisions,65 to 69,2,,1,0,1,0,0,0,0,0,0,0,0,0,0,130,Milliken (130),14042
7001842185,-8856047.916000001,5417107.005,80884914,2017,2017/10/11 04:00:00+00,1140,11,KIPLING AVE,THE WESTWAY,153 m North of,Major Arterial,Etobicoke York,2.0,23,43.686839,-79.55523199999999,Mid-Block,Non Intersection,No Control,Clear,Daylight,Dry,Non-Fatal Injury,Sideswipe,55 to 59,2,,0,0,1,0,0,0,0,1,0,0,0,0,0,6,Kingsview Village-The Westway (6),14046
7001844786,-8835672.442,5413153.848999999,80889982,2017,2017/10/11 04:00:00+00,1847,18,GERRARD  ST E,SHERBOURNE ST,22 m West of,Minor Arterial,Toronto and East York,13.0,51,43.661153999999996,-79.372196,Intersection,At Intersection,Traffic Signal,Clear,"Dark, artificial",Dry,Non-Fatal Injury,SMV Other,60 to 64,2,,0,0,0,0,0,1,0,0,0,0,0,0,0,73,Moss Park (73),14047
7001845018,-8842255.32,5419227.801,80937359,2017,2017/10/11 04:00:00+00,1928,19,OLD PARK  RD,WEMBLEY  RD,4 m West of,Collector,North York,8.0,13,43.700614,-79.431331,Intersection,At Intersection,Stop Sign,Rain,"Dark, artificial",Wet,Non-Fatal Injury,Pedestrian Collisions,80 to 84,2,,1,0,1,0,0,0,0,0,0,1,0,0,0,102,Forest Hill North (102),14049
7001855401,-8842310.534,5409583.996,80784512,2017,2017/10/18 04:00:00+00,906,9,COWAN AVE,KING  ST W,,Major Arterial,Toronto and East York,4.0,14,43.63795,-79.431827,Intersection,At Intersection,Stop Sign,Clear,Daylight,Dry,Fatal,Cyclist Collisions,50 to 54,3,50.0,0,1,1,0,0,1,0,0,0,1,0,0,0,85,South Parkdale (85),14060
7001875614,-8820182.001,5428085.6,80933837,2017,2017/10/16 04:00:00+00,1800,18,LAWRENCE AVE E,GREENCEDAR CRCT,,Major Arterial,Scarborough,24.0,43,43.758113,-79.23304300000001,Intersection,At Intersection,Traffic Signal,Clear,"Dark, artificial",Dry,Non-Fatal Injury,Turning Movement,50 to 54,2,,0,0,1,0,0,0,0,1,0,1,1,0,0,137,Woburn (137),14055
7001879752,-8830589.371,5417673.068,80784702,2017,2017/10/17 04:00:00+00,1143,11,COXWELL AVE,MORTIMER AVE,,Minor Arterial,Toronto and East York,,54,43.690515999999995,-79.326534,Intersection,At Intersection,Traffic Signal,Clear,Daylight,Dry,Non-Fatal Injury,Pedestrian Collisions,85 to 89,2,,1,0,1,0,0,0,0,0,0,1,0,0,0,59,Danforth East York (59),14057
7001903339,-8840499.812,5432589.625,80911903,2017,2017/10/21 04:00:00+00,2200,22,45 CUMMER  AVE,,,Minor Arterial,North York,18.0,32,43.787329,-79.415561,Mid-Block,Non Intersection,No Control,Clear,"Dark, artificial",Dry,Non-Fatal Injury,Cyclist Collisions,unknown,2,,0,1,1,0,0,0,0,0,0,0,0,0,0,50,Newtonbrook East (50),14069
7001903704,-8853072.902999999,5407613.198,80887001,2017,2017/10/20 04:00:00+00,2318,23,KIPLING  AVE,NORTH QUEEN ST,,Major Arterial,Etobicoke York,3.0,22,43.625136,-79.52850699999999,Intersection,At Intersection,Traffic Signal,Clear,"Dusk, artificial",Dry,Non-Fatal Injury,Pedestrian Collisions,60 to 64,2,,1,0,1,0,0,0,0,0,0,1,0,0,0,14,Islington-City Centre West (14),14062
7001905037,-8854495.455,5415936.042,80927648,2017,2017/10/21 04:00:00+00,648,6,EGLINTON AV W,ISLINGTON AV,200 m West of,Major Arterial,Etobicoke York,2.0,22,43.679232,-79.541286,Mid-Block,Non Intersection,No Control,Clear,"Dark, artificial",Dry,Non-Fatal Injury,SMV Other,20 to 24,2,,0,0,1,0,0,0,0,1,0,0,0,0,0,10,Princess-Rosethorn (10),14064
7001906466,-8854144.687,5402722.469,80919710,2017,2017/10/21 04:00:00+00,1310,13,LAKE SHORE BLVD W,THIRTY SEVENTH ST,,Major Arterial,Etobicoke York,3.0,22,43.593325,-79.538135,Intersection,At Intersection,Traffic Signal,Clear,Daylight,Dry,Non-Fatal Injury,Turning Movement,70 to 74,2,,0,0,1,1,0,0,0,1,0,1,0,0,0,19,Long Branch (19),14067
7001909817,-8819819.322,5430098.234,80905057,2017,2017/10/22 04:00:00+00,14,1,MARKHAM  RD,PANDORA CRCL,100 m North of,Major Arterial,Scarborough,24.0,43,43.77117,-79.22978499999999,Intersection,At Intersection,Traffic Signal,Clear,"Dusk, artificial",Dry,Non-Fatal Injury,Pedestrian Collisions,35 to 39,2,,1,0,1,0,0,0,0,0,0,0,0,0,0,137,Woburn (137),14071
7001912808,-8840643.302000001,5423037.065,80900038,2017,2017/10/22 04:00:00+00,1350,13,AVENUE  RD,WOBURN AVE,30 m South of,Major Arterial,North York,8.0,32,43.725348,-79.41685,Intersection,Intersection Related,No Control,Clear,Daylight,Dry,Non-Fatal Injury,Sideswipe,55 to 59,2,,0,0,1,1,0,0,0,0,0,0,0,0,0,39,Bedford Park-Nortown (39),14073
7001914819,-8839679.387,5410319.731000001,80892190,2017,2017/10/22 04:00:00+00,2007,20,KING  ST W,NIAGARA ST,33 m West of,Major Arterial,Toronto and East York,10.0,14,43.642733,-79.408191,Mid-Block,Non Intersection,No Control,Clear,"Dark, artificial",Dry,Non-Fatal Injury,Pedestrian Collisions,55 to 59,2,,1,0,0,0,0,1,0,0,0,0,0,0,0,82,Niagara (82),14075
7001916414,-8839847.591,5420059.471,80910269,2017,2017/10/23 04:00:00+00,427,4,AVENUE  RD,WILLOWBANK BLVD,7 m South of,Major Arterial,North York,8.0,53,43.706015,-79.409702,Intersection,Intersection Related,No Control,Clear,"Dark, artificial",Dry,Non-Fatal Injury,SMV Other,25 to 29,2,,0,0,1,0,0,0,0,0,0,1,0,0,0,100,Yonge-Eglinton (100),14076
7001917146,-8828765.847000001,5428215.99,80930349,2017,2017/10/23 04:00:00+00,833,8,ELLESMERE RD,PHARMACY AVE,,Major Arterial,Scarborough,21.0,41,43.758959000000004,-79.310153,Intersection,At Intersection,Traffic Signal,Clear,Daylight,Dry,Non-Fatal Injury,Pedestrian Collisions,70 to 74,2,,1,0,1,0,0,0,0,0,1,1,0,0,0,119,Wexford/Maryvale (119),14080
7001941212,-8840992.4,5431560.392999999,80893256,2017,2017/10/26 04:00:00+00,1904,19,HENDON  AVE,ELDORA  AVE,,Collector,North York,18.0,32,43.780654,-79.419986,Intersection,At Intersection,No Control,Clear,"Dark, artificial",Dry,Non-Fatal Injury,Pedestrian Collisions,65 to 69,2,,1,0,1,0,0,0,0,0,0,1,0,0,0,36,Newtonbrook West (36),14082
7001954444,-8859035.843,5425786.336,80918692,2017,2017/10/27 04:00:00+00,2031,20,FINCH  AVE W,KIPLING  AVE,,Major Arterial,Etobicoke York,1.0,23,43.743193,-79.582073,Intersection,At Intersection,Traffic Signal,Clear,Dark,Dry,Non-Fatal Injury,Cyclist Collisions,45 to 49,2,,0,1,1,0,0,0,0,0,0,0,0,0,0,3,Thistletown-Beaumond Heights (3),14084
7001964937,-8825406.002,5428785.201,80788239,2017,2017/10/30 04:00:00+00,1423,14,KENNEDY RD,ELLESMERE RD,378 m South of,Major Arterial,Scarborough,21.0,41,43.762652,-79.279971,Mid-Block,At/Near Private Drive,No Control,Clear,Daylight,Dry,Non-Fatal Injury,Pedestrian Collisions,55 to 59,2,,1,0,1,0,0,0,0,0,0,1,0,0,0,126,Dorset Park (126),14086
7001974417,-8849283.252999999,5431692.067000001,80785440,2017,2017/10/31 04:00:00+00,2223,22,STEELES AVE W,KEELE ST,,Major Arterial,Etobicoke York,,31,43.781508,-79.49446400000001,Intersection,At Intersection,Traffic Signal,Other,Dark,Other,Fatal,Turning Movement,55 to 59,3,51.0,0,0,1,0,0,0,0,1,0,1,0,0,0,27,York University Heights (27),14089
7001980351,-8847881.072999999,5423128.103999999,80888529,2017,2017/11/01 04:00:00+00,1903,19,KEELE ST,WILSON AVE,60 m South of,Major Arterial,North York,6.0,31,43.725939000000004,-79.481868,Mid-Block,Non Intersection,Traffic Controller,Clear,"Daylight, artificial",Wet,Non-Fatal Injury,Pedestrian Collisions,45 to 49,2,,1,0,1,0,0,0,0,0,0,0,0,0,0,26,Downsview-Roding-CFB (26),14091