ACCNUM,X,Y,Index_,YEAR,DATE,TIME,HOUR,STREET1,STREET2,OFFSET,ROAD_CLASS,District,WardNum,Division,LATITUDE,LONGITUDE,LOCCOORD,ACCLOC,TRAFFCTL,VISIBILITY,LIGHT,RDSFCOND,ACCLASS,IMPACTYPE,INVAGE,INJURY,FATAL_NO,PEDESTRIAN,CYCLIST,AUTOMOBILE,MOTORCYCLE,TRUCK,TRSN_CITY_VEH,EMERG_VEH,PASSENGER,SPEEDING,AG_DRIV,REDLIGHT,ALCOHOL,DISABILITY,Hood_ID,Neighbourhood,ObjectId
7001983024,-8856602.51,5407010.692000001,80787040,2017,2017/11/02 04:00:00+00,840,8,161 THE WEST MALL,,,Minor Arterial,Etobicoke York,3.0,22,43.621218,-79.560214,Mid-Block,Non Intersection,No Control,,Daylight,,Fatal,Approaching,35 to 39,3,52.0,0,0,1,0,0,0,0,0,1,1,0,0,0,14,Islington-City Centre West (14),14093
7001983803,-8842052.385,5410610.78,80929915,2017,2017/11/02 04:00:00+00,1047,10,DUFFERIN ST,ALMA AVE,10 m North of,Minor Arterial,Toronto and East York,9.0,14,43.644625,-79.429508,Intersection,At Intersection,No Control,Clear,Daylight,Wet,Non-Fatal Injury,Pedestrian Collisions,60 to 64,2,,1,0,0,0,1,0,0,0,0,0,0,0,0,84,Little Portugal (84),14095
7001987033,-8849806.455,5413815.541,80876330,2017,2017/11/02 04:00:00+00,1100,11,SCARLETT RD,DUNDAS ST W,,Major Arterial,Toronto and East York,4.0,11,43.665454,-79.49916400000001,Intersection,At Intersection,Yield Sign,Clear,Daylight,Wet,Non-Fatal Injury,Rear End,50 to 54,2,,0,0,1,0,0,0,0,0,0,0,0,0,0,114,Lambton Baby Point (114),14097
7001988112,-8841600.538999999,5410330.345,80921426,2017,2017/11/02 04:00:00+00,2215,22,1172 QUEEN ST W,,75 m East of,Major Arterial,Toronto and East York,9.0,14,43.642802,-79.425449,Mid-Block,Non Intersection,No Control,Rain,Dark,Wet,Non-Fatal Injury,Pedestrian Collisions,50 to 54,2,,1,0,0,0,0,1,0,0,0,0,0,0,0,84,Little Portugal (84),14099
7001989464,-8846564.609,5432571.429,80943457,2017,2017/11/03 04:00:00+00,649,6,DUFFERIN ST,STEELES  AVE W,1 m West of,Major Arterial,North York,6.0,32,43.787211,-79.470042,Intersection,At Intersection,Traffic Signal,Rain,"Dark, artificial",Wet,Non-Fatal Injury,Pedestrian Collisions,60 to 64,2,,1,0,1,0,0,0,0,0,0,1,0,0,0,34,Bathurst Manor (34),14101
7001989594,-8859828.993999999,5425462.451,80942260,2017,2017/11/03 04:00:00+00,725,7,FINCH AVENUE W,ALBION ROAD,,Major Arterial,Etobicoke York,1.0,23,43.741091,-79.589198,Mid-Block,Non Intersection,No Control,Clear,"Dawn, artificial",Wet,Non-Fatal Injury,Pedestrian Collisions,50 to 54,2,,1,0,1,0,0,0,0,0,0,0,0,0,0,2,Mount Olive-Silverstone-Jamestown (2),14103
7001991111,-8824623.871,5430364.1620000005,80910263,2017,2017/11/03 04:00:00+00,1202,12,PROGRESS AVE,MIDLAND AVE,,Major Arterial,Scarborough,21.0,41,43.772895,-79.27294499999999,Intersection,At Intersection,Traffic Signal,Clear,Daylight,Dry,Non-Fatal Injury,Pedestrian Collisions,55 to 59,2,,1,0,1,0,0,0,0,0,0,0,0,0,0,127,Bendale (127),14105
7002024168,-8853637.627,5420320.9520000005,80917741,2017,2017/11/08 05:00:00+00,1604,16,OAK  ST,WESTON  RD,,Major Arterial,Etobicoke York,5.0,12,43.707713,-79.53358,Intersection,At Intersection,Traffic Signal,Clear,Daylight,Dry,Non-Fatal Injury,Pedestrian Collisions,25 to 29,2,,1,0,1,0,0,0,0,0,0,1,0,0,0,113,Weston (113),14107
7002025111,-8847367.222000001,5417951.416,80935881,2017,2017/11/08 05:00:00+00,1838,18,TRETHEWEY DR,IRVING RD,20 m North of,Minor Arterial,Etobicoke York,5.0,12,43.692324,-79.47725200000001,Intersection,Non Intersection,No Control,Clear,"Dark, artificial",Dry,Non-Fatal Injury,Cyclist Collisions,60 to 64,2,,0,1,1,0,0,0,0,0,0,1,0,0,0,112,Beechborough-Greenbrook (112),14108
7002025580,-8849283.252999999,5431692.067000001,80940788,2017,2017/11/08 05:00:00+00,2009,20,KEELE ST,STEELES AVE W,,Major Arterial,Etobicoke York,,31,43.781508,-79.49446400000001,Intersection,At Intersection,Traffic Signal,Clear,"Dark, artificial",Dry,Non-Fatal Injury,Turning Movement,55 to 59,2,,0,0,1,0,0,0,0,0,0,1,0,0,0,27,York University Heights (27),14126
7002034653,-8840324.817,5430489.342999999,80787363,2017,2017/11/10 05:00:00+00,900,9,YONGE ST,CHURCH AVE,,Major Arterial,North York,18.0,32,43.773707,-79.413989,Intersection,At Intersection,Traffic Signal,Clear,Daylight,Wet,Non-Fatal Injury,Pedestrian Collisions,65 to 69,2,,1,0,1,0,0,0,0,1,0,0,0,0,0,51,Willowdale East (51),14172
7002038270,-8833229.758,5418081.818,80891696,2017,2017/11/10 05:00:00+00,1850,18,O CONNOR DR,PAPE AVE,,Major Arterial,Toronto and East York,14.0,54,43.693171,-79.35025300000001,Intersection,At Intersection,Traffic Signal,Clear,"Dark, artificial",Dry,Non-Fatal Injury,Pedestrian Collisions,unknown,2,,1,0,1,0,0,0,0,0,0,1,0,0,0,58,Old East York (58),14291
7002039286,-8826756.419,5425125.789,80789132,2017,2017/11/10 05:00:00+00,2233,22,WARDEN AVE,WAYNE AVE,147 M North,Major Arterial,Scarborough,21.0,41,43.738906,-79.292102,Mid-Block,Non Intersection,No Control,Clear,"Dark, artificial",Dry,Fatal,Pedestrian Collisions,55 to 59,3,53.0,1,0,1,0,0,0,0,0,0,0,0,0,0,119,Wexford/Maryvale (119),14385
7002045766,-8842460.816,5410457.716,80918085,2017,2017/11/12 05:00:00+00,138,1,BROCK AVE,SEAFORTH  AVE,21 m North of,Collector,Toronto and East York,4.0,11,43.64363,-79.433177,Intersection,At Intersection,No Control,Clear,"Dark, artificial",Dry,Non-Fatal Injury,Pedestrian Collisions,65 to 69,2,,1,0,1,0,0,0,0,0,0,0,0,0,0,86,Roncesvalles (86),14394
7002059893,-8823306.627999999,5439824.783,80940843,2017,2017/11/14 05:00:00+00,1054,10,STEELES AVE E,SHADLOCK ST,20 m East of,Major Arterial,Scarborough,23.0,42,43.834231,-79.261112,Intersection,At Intersection,Traffic Signal,Clear,Daylight,Dry,Non-Fatal Injury,Rear End,50 to 54,2,,0,0,1,0,0,1,0,0,0,1,0,0,0,130,Milliken (130),14480
7003008719,-8834904.671,5433043.14,80943066,2017,2017/11/16 05:00:00+00,1120,11,FINCH AVE E,RAVEL RD,,Major Arterial,North York,17.0,33,43.79027,-79.365299,Intersection,At Intersection,No Control,Clear,Daylight,Dry,Non-Fatal Injury,Pedestrian Collisions,80 to 84,2,,1,0,1,0,0,0,0,0,0,0,0,0,0,47,Don Valley Village (47),14590
7003011875,-8850042.564,5429107.507,80894481,2017,2017/11/15 05:00:00+00,2100,21,MURRAY ROSS PKWY,SENTINEL RD,,Minor Arterial,Etobicoke York,7.0,31,43.764743,-79.501285,Intersection,At Intersection,Traffic Signal,Clear,"Dark, artificial",Dry,Non-Fatal Injury,Pedestrian Collisions,unknown,2,,1,0,1,0,0,0,0,0,0,1,0,0,0,27,York University Heights (27),14483
7003025582,-8820364.565,5432053.177,80790486,2017,2017/11/19 05:00:00+00,145,1,MARKHAM RD,HIGHWAY 401 C E,,Major Arterial,Scarborough,24.0,43,43.78385,-79.23468299999999,Intersection,At Intersection,Traffic Signal,Rain,"Dark, artificial",Wet,Non-Fatal Injury,Turning Movement,5 to 9,2,,0,0,1,0,0,0,0,0,0,1,1,0,0,137,Woburn (137),14741
7003035301,-8816802.675,5435910.78,80894768,2017,2017/11/20 05:00:00+00,1809,18,MORNINGSIDE AVE,CASEBRIDGE CRT,10 m North of,Major Arterial,Scarborough,25.0,42,43.808863,-79.202686,Intersection,At Intersection,Traffic Signal,Clear,"Dark, artificial",Dry,Non-Fatal Injury,Turning Movement,60 to 64,2,,0,0,1,0,0,0,0,1,0,1,0,0,0,131,Rouge (131),14831
7003043829,-8836891.947,5409939.012,80788719,2017,2017/11/21 05:00:00+00,2319,23,LAKE SHORE BLVD W,LOWER SIMCOE ST,,Expressway,Toronto and East York,10.0,52,43.640258,-79.383151,Intersection,At Intersection,Traffic Signal,Clear,"Dark, artificial",Dry,Non-Fatal Injury,Pedestrian Collisions,60 to 64,2,,1,0,1,0,0,0,0,0,0,1,0,0,0,77,Waterfront Communities-The Island (77),14834
7003055739,-8821194.34,5432482.61,80927503,2017,2017/11/23 05:00:00+00,1630,16,MILNER  AVE,EXECUTIVE CRT,18 m East of,Minor Arterial,Scarborough,23.0,42,43.786635,-79.242137,Intersection,Intersection Related,No Control,Clear,Dusk,Dry,Non-Fatal Injury,Pedestrian Collisions,55 to 59,2,,1,0,1,0,0,0,0,0,0,0,0,0,0,128,Agincourt South-Malvern West (128),14837
7003056643,-8826429.473,5416099.356000001,80901587,2017,2017/11/23 05:00:00+00,1856,18,KINGSTON RD,BALSAM AVE,,Major Arterial,Toronto and East York,19.0,55,43.680293,-79.289165,Intersection,At Intersection,No Control,Clear,Dark,Dry,Non-Fatal Injury,Cyclist Collisions,55 to 59,2,,0,1,1,0,0,0,0,0,0,0,0,0,0,63,The Beaches (63),14839
7003059433,-8854587.961000001,5424952.301,80788909,2017,2017/11/24 05:00:00+00,840,8,VEROBEACH BLVD,INDRIO RD,,Local,Etobicoke York,7.0,31,43.73778,-79.542117,Intersection,At Intersection,Stop Sign,Clear,Daylight,Dry,Non-Fatal Injury,Pedestrian Collisions,80 to 84,2,,1,0,1,0,0,0,0,0,0,1,0,0,0,22,Humbermede (22),14842
7003060621,-8830111.143,5430743.411,80789133,2017,2017/11/24 05:00:00+00,1148,11,SHEPPARD AVE E,VICTORIA PARK AVE,,Major Arterial,Scarborough,22.0,42,43.775355,-79.322238,Mid-Block,Non Intersection,No Control,Clear,Daylight,Dry,Fatal,Pedestrian Collisions,70 to 74,3,54.0,1,0,1,0,1,0,0,0,0,0,0,0,0,118,Tam O'Shanter-Sullivan (118),14844
7003071478,-8855863.682,5408250.347,80788858,2017,2017/11/25 05:00:00+00,2351,23,DUNDAS ST W,THE EAST MALL,,Major Arterial,Etobicoke York,3.0,22,43.629279,-79.553577,Mid-Block,Non Intersection,No Control,Clear,"Dark, artificial",Dry,Non-Fatal Injury,Cyclist Collisions,55 to 59,2,,0,1,1,0,0,0,0,0,0,0,0,0,0,14,Islington-City Centre West (14),14846
7003072414,-8821821.958999999,5438234.326,80935086,2017,2017/11/26 05:00:00+00,327,3,MARKHAM  RD,MCNICOLL AVE,,Major Arterial,Scarborough,23.0,42,43.823924,-79.247775,Intersection,At Intersection,Traffic Signal,Clear,"Dark, artificial",Dry,Non-Fatal Injury,Turning Movement,unknown,2,,0,0,1,0,0,0,0,1,0,1,0,0,0,131,Rouge (131),14850
7003085452,-8852598.125,5427738.052999999,80927974,2017,2017/11/28 05:00:00+00,558,5,FINCH  AVE W,NORFINCH  DR,,Major Arterial,Etobicoke York,7.0,31,43.755858,-79.524242,Intersection,At Intersection,Traffic Signal,Clear,"Dark, artificial",Dry,Non-Fatal Injury,Turning Movement,50 to 54,2,,0,0,1,0,0,0,0,1,0,1,0,0,0,25,Glenfield-Jane Heights (25),14854
7003087545,-8839131.583999999,5420237.4860000005,81070509,2017,2017/11/28 05:00:00+00,1212,12,EDITH DR,ORCHARD VIEW BLVD,,Collector,North York,8.0,53,43.707171,-79.40326999999999,Intersection,At Intersection,Stop Sign,Clear,Daylight,Dry,Fatal,Pedestrian Collisions,80 to 84,3,56.0,1,0,1,0,0,0,0,0,0,1,0,0,0,100,Yonge-Eglinton (100),14856
7003088501,-8851900.82,5403842.415,80789074,2017,2017/11/28 05:00:00+00,1431,14,KIPLING AVE,BIRMINGHAM ST,,Major Arterial,Etobicoke York,3.0,22,43.600611,-79.517978,Intersection,At Intersection,Traffic Signal,Clear,Daylight,Dry,Non-Fatal Injury,Pedestrian Collisions,50 to 54,2,,1,0,1,0,0,0,0,0,0,1,0,0,0,18,New Toronto (18),14858
7003103184,-8830237.713,5436327.435,80900385,2017,2017/11/30 05:00:00+00,1709,17,WARDEN  AVE,BAMBURGH  CRCL,,Major Arterial,Scarborough,22.0,42,43.811564000000004,-79.323375,Intersection,At Intersection,Traffic Signal,Rain,Dusk,Wet,Non-Fatal Injury,Cyclist Collisions,60 to 64,2,,0,1,1,0,0,0,0,0,0,0,0,0,0,116,Steeles (116),14860
7003103720,-8842433.654,5421970.085,80885075,2017,2017/11/30 05:00:00+00,1825,18,LAWRENCE  AVE W,GLENMOUNT AVE,,Major Arterial,North York,8.0,32,43.718421,-79.43293299999999,Intersection,At Intersection,Traffic Signal,Clear,"Dark, artificial",Dry,Non-Fatal Injury,Pedestrian Collisions,70 to 74,2,,1,0,1,0,0,0,0,0,0,1,0,0,0,32,Englemount-Lawrence (32),14862
7003112978,-8826144.05,5427123.137,80790894,2017,2017/12/01 05:00:00+00,2330,23,BIRCHMOUNT RD,MERRYFIELD DR,,Major Arterial,Scarborough,21.0,41,43.751868,-79.286601,Intersection,At Intersection,No Control,Clear,Dark,Dry,Fatal,Pedestrian Collisions,65 to 69,3,55.0,1,0,1,0,0,0,0,0,0,0,0,0,0,126,Dorset Park (126),14864
7003122371,-8837638.567,5416048.252,80973937,2017,2017/12/03 05:00:00+00,1253,12,PRICE ST,YONGE ST,75 m East,Local,Toronto and East York,11.0,53,43.679961,-79.38985799999999,Mid-Block,Non Intersection,No Control,Clear,Daylight,Dry,Fatal,Pedestrian Collisions,75 to 79,3,63.0,1,0,1,0,0,0,0,0,0,0,0,0,0,98,Rosedale-Moore Park (98),14866
7003133766,-8842387.79,5411821.531,80891417,2017,2017/12/05 05:00:00+00,557,5,DUFFERIN ST,COLLEGE ST,,Major Arterial,Toronto and East York,9.0,14,43.652495,-79.432521,Intersection,At Intersection,Traffic Signal,Rain,"Dark, artificial",Wet,Non-Fatal Injury,Angle,55 to 59,2,,0,0,1,0,0,0,0,1,0,1,0,0,0,84,Little Portugal (84),14869
7003136062,-8834770.42,5430160.052,80892966,2017,2017/12/05 05:00:00+00,1232,12,SHEPPARD AVE E,LESLIE ST,31 m East of,Major Arterial,North York,17.0,33,43.771571,-79.36409300000001,Intersection,At Intersection,Traffic Signal,Clear,Daylight,Dry,Non-Fatal Injury,Pedestrian Collisions,55 to 59,2,,1,0,1,0,0,0,0,1,1,1,0,0,0,53,Henry Farm (53),14875
7003137830,-8827514.059,5431853.808999999,80939157,2017,2017/12/05 05:00:00+00,1646,16,BIRCHMOUNT RD,SHEPPARD AVE E,200 m North of,Major Arterial,Scarborough,22.0,42,43.782557000000004,-79.298908,Mid-Block,At/Near Private Drive,Traffic Signal,Clear,"Dark, artificial",Dry,Non-Fatal Injury,Turning Movement,50 to 54,2,,0,0,1,1,0,0,0,0,0,0,0,0,0,118,Tam O'Shanter-Sullivan (118),14877
7003147948,-8835500.787,5414650.262999999,80901285,2017,2017/12/07 05:00:00+00,705,7,PARLIAMENT ST,HOWARD ST,37 m South of,Minor Arterial,Toronto and East York,13.0,51,43.670878,-79.370654,Mid-Block,Non Intersection,No Control,Clear,"Dark, artificial",Dry,Non-Fatal Injury,Pedestrian Collisions,50 to 54,2,,1,0,1,0,0,0,0,0,0,0,0,0,0,71,Cabbagetown-South St.James Town (71),14881
7003148024,-8854649.187,5427338.276000001,80943405,2017,2017/12/07 05:00:00+00,700,7,WESTON RD,TORYORK  DR,,Major Arterial,Etobicoke York,7.0,31,43.753264,-79.54266700000001,Intersection,At Intersection,Traffic Signal,Clear,Dawn,Dry,Non-Fatal Injury,Pedestrian Collisions,unknown,2,,1,0,0,0,0,0,0,0,0,1,0,0,0,21,Humber Summit (21),14879
7003173302,-8853209.603,5411060.293,80935603,2017,2017/12/11 05:00:00+00,854,8,4975 DUNDAS ST W,,92 m East of,Major Arterial,Etobicoke York,3.0,22,43.647546999999996,-79.529735,Mid-Block,At/Near Private Drive,No Control,Clear,Daylight,Dry,Non-Fatal Injury,Pedestrian Collisions,70 to 74,2,,1,0,1,0,0,0,0,0,0,0,0,0,0,14,Islington-City Centre West (14),14883
7003197919,-8847191.449,5414616.251,80943145,2017,2017/12/14 05:00:00+00,2307,23,ST CLAIR  AVE W,MONDOVI  GT,41 m West of,Major Arterial,Etobicoke York,5.0,11,43.670657,-79.475673,Mid-Block,Non Intersection,No Control,Clear,"Dark, artificial",Wet,Non-Fatal Injury,Pedestrian Collisions,unknown,2,,1,0,1,0,0,0,0,0,0,0,0,0,0,90,Junction Area (90),14885
7003199347,-8830011.846,5436504.531,80937446,2017,2017/12/15 05:00:00+00,757,7,BAMBURGH CRCL,FUNDY BAY  BLVD,50 m East of,Collector,Scarborough,22.0,42,43.812712,-79.32134599999999,Mid-Block,Non Intersection,No Control,Clear,Daylight,Wet,Non-Fatal Injury,Cyclist Collisions,85 to 89,2,,0,1,1,0,0,0,0,0,0,0,0,0,0,116,Steeles (116),14887
7003200949,-8835853.336000001,5411213.52,80790064,2017,2017/12/15 05:00:00+00,1237,12,CHURCH ST,WELLINGTON ST E,,Minor Arterial,Toronto and East York,13.0,51,43.648543,-79.37382099999999,Intersection,At Intersection,Traffic Signal,Other,Daylight,Other,Fatal,Pedestrian Collisions,55 to 59,3,57.0,1,0,0,0,1,0,0,0,0,1,0,0,0,77,Waterfront Communities-The Island (77),14889
7003202275,-8833566.166000001,5417359.473999999,80931597,2017,2017/12/15 05:00:00+00,1605,16,COSBURN  AVE,LOGAN AVE,8 m East of,Minor Arterial,Toronto and East York,14.0,54,43.688479,-79.353275,Intersection,At Intersection,Pedestrian Crossover,Snow,"Dusk, artificial",Loose Snow,Non-Fatal Injury,Pedestrian Collisions,45 to 49,2,,1,0,1,0,0,0,0,0,0,0,0,0,0,57,Broadview North (57),14891
7003203834,-8836993.916000001,5411301.518999999,80934729,2017,2017/12/15 05:00:00+00,2005,20,ADELAIDE ST W,YORK ST,,Major Arterial,Toronto and East York,10.0,52,43.649115,-79.384067,Intersection,At Intersection,Traffic Signal,Clear,"Dark, artificial",Wet,Non-Fatal Injury,Pedestrian Collisions,55 to 59,2,,1,0,1,0,0,0,0,0,0,0,0,0,0,76,Bay Street Corridor (76),14893
7003211588,-8817162.682,5426771.004,80790885,2017,2017/12/17 05:00:00+00,41,4,KINGSTON RD,GUILDWOOD PKWY,,Major Arterial,Scarborough,24.0,43,43.749583,-79.20591999999999,Intersection,At Intersection,Traffic Signal,Other,Dark,Other,Fatal,SMV Other,50 to 54,3,58.0,0,0,0,0,0,0,0,0,1,1,0,0,0,140,Guildwood (140),14894
7003222099,-8849358.06,5416889.642000001,80790887,2017,2017/12/18 05:00:00+00,1735,17,EGLINTON AVE W,WESTON RD,,Major Arterial,Etobicoke York,5.0,12,43.685427000000004,-79.495136,Mid-Block,Non Intersection,No Control,Clear,Daylight,Wet,Fatal,Pedestrian Collisions,85 to 89,3,59.0,1,0,1,0,0,0,0,0,0,0,0,0,0,115,Mount Dennis (115),14896
7003223464,-8853931.51,5427331.187000001,80894999,2017,2017/12/18 05:00:00+00,2151,21,FINCH AVE W,SIGNET  DR,,Major Arterial,Etobicoke York,7.0,31,43.753218,-79.53622,Intersection,At Intersection,Traffic Signal,Clear,"Dark, artificial",Dry,Non-Fatal Injury,Pedestrian Collisions,70 to 74,2,,1,0,1,0,0,0,0,0,0,1,1,0,0,22,Humbermede (22),14898
7003224827,-8829479.293,5413943.422,80909027,2017,2017/12/19 05:00:00+00,603,6,COXWELL AVE,QUEEN ST E,,Minor Arterial,Toronto and East York,,55,43.666284999999995,-79.316562,Intersection,At Intersection,Traffic Signal,Clear,Dark,Wet,Non-Fatal Injury,Pedestrian Collisions,70 to 74,2,,1,0,0,0,1,0,0,0,0,1,0,0,0,65,Greenwood-Coxwell (65),14900
7003228725,-8858604.367999999,5420284.455,80915483,2017,2017/12/19 05:00:00+00,1651,16,MARTIN GROVE RD,BETHRIDGE RD,,Major Arterial,Etobicoke York,1.0,23,43.707476,-79.578197,Intersection,At Intersection,Traffic Signal,Clear,"Dark, artificial",Dry,Non-Fatal Injury,Angle,40 to 44,2,,0,0,1,0,0,0,0,1,0,1,1,0,0,1,West Humber-Clairville (1),14902
7003233329,-8841290.514,5412103.242000001,80790889,2017,2017/12/20 05:00:00+00,1139,11,COLLEGE ST,OSSINGTON AVE,,Major Arterial,Toronto and East York,,14,43.654326,-79.422664,Intersection,At Intersection,Traffic Signal,Other,Daylight,Other,Fatal,Cyclist Collisions,50 to 54,3,60.0,0,1,0,0,1,0,0,0,0,0,0,0,0,81,Trinity-Bellwoods (81),14904
7003236001,-8823490.861,5438834.091,80790891,2017,2017/12/20 05:00:00+00,1845,18,PASSMORE AVE,MAYBROOK DR,,Collector,Scarborough,23.0,42,43.827811,-79.26276700000001,Mid-Block,Non Intersection,No Control,Other,Daylight,Other,Fatal,Pedestrian Collisions,55 to 59,3,61.0,1,0,1,0,0,0,0,0,0,0,0,0,0,130,Milliken (130),14906
7003241293,-8824394.553,5417237.395,80790893,2017,2017/12/21 05:00:00+00,1528,15,KINGSTON RD,WARDEN AVE,,Major Arterial,Scarborough,20.0,41,43.687686,-79.27088499999999,Intersection,At Intersection,Traffic Signal,Other,Daylight,Other,Fatal,Pedestrian Collisions,40 to 44,3,62.0,1,0,1,0,0,0,0,0,1,1,1,1,0,122,Birchcliffe-Cliffside (122),14908
7003278373,-8853094.944,5411237.52,80891704,2017,2017/12/28 05:00:00+00,1138,11,DUNDAS ST W,CORDOVA AVE,,Major Arterial,Etobicoke York,3.0,22,43.648699,-79.528705,Intersection,At Intersection,Traffic Signal,Clear,Daylight,Wet,Non-Fatal Injury,Pedestrian Collisions,unknown,2,,1,0,1,0,0,0,0,0,0,1,0,0,0,14,Islington-City Centre West (14),14910
7003279287,-8842310.534,5409583.996,80885374,2017,2017/12/28 05:00:00+00,1418,14,KING  ST W,COWAN AVE,4 m East of,Major Arterial,Toronto and East York,4.0,14,43.63795,-79.431827,Intersection,At Intersection,No Control,Clear,Daylight,Dry,Non-Fatal Injury,Pedestrian Collisions,40 to 44,2,,1,0,0,0,0,1,0,0,0,0,0,0,0,85,South Parkdale (85),14912
7003285352,-8823327.777999999,5421666.818,80892811,2017,2017/12/29 05:00:00+00,1515,15,ST CLAIR AVE E,KENNEDY  RD,2 m East of,Major Arterial,Scarborough,20.0,41,43.716452000000004,-79.261302,Intersection,At Intersection,Traffic Signal,Snow,Daylight,Loose Snow,Non-Fatal Injury,Other,unknown,2,,0,0,0,0,0,1,0,1,0,1,0,0,0,120,Clairlea-Birchmount (120),14915
7003291964,-8826717.345,5431830.835,80920414,2017,2017/12/30 05:00:00+00,1745,17,3825 SHEPPARD AVE E,,140 m East of,Major Arterial,Scarborough,22.0,42,43.782408000000004,-79.291751,Mid-Block,Non Intersection,No Control,Clear,"Daylight, artificial",Wet,Non-Fatal Injury,Pedestrian Collisions,unknown,2,,1,0,1,0,0,0,0,1,0,0,0,0,0,118,Tam O'Shanter-Sullivan (118),14918
8000000539,-8834535.981,5417902.766,80792372,2018,2018/01/01 05:00:00+00,125,1,BAYVIEW AVE,POTTERY RD,403 m N of,Major Arterial,North York,,53,43.692008,-79.361987,Mid-Block,Non Intersection,No Control,Clear,"Dark, artificial",Dry,Fatal,SMV Other,35 to 39,3,1.0,0,0,1,0,0,0,0,0,1,1,0,0,0,56,Leaside-Bennington (56),14919
8000000595,-8818320.294,5433775.042,80942464,2018,2018/01/01 05:00:00+00,137,1,NEILSON RD,401 C W NEILSON RAMP RD,,Minor Arterial,Scarborough,,42,43.795016,-79.216319,Intersection,At Intersection,Traffic Signal,Clear,"Dark, artificial",Dry,Non-Fatal Injury,Angle,75 to 79,2,,0,0,1,0,0,0,0,1,1,1,1,0,0,132,Malvern (132),14926
8000009665,-8824287.464,5433079.687999999,80792368,2018,2018/01/02 05:00:00+00,1718,17,BRIMLEY RD,HEATHER RD,,Major Arterial,Scarborough,23.0,42,43.790507,-79.26992299999999,Intersection,Intersection Related,No Control,Clear,"Dusk, artificial",Dry,Fatal,Pedestrian Collisions,70 to 74,3,2.0,1,0,1,0,0,0,0,0,0,0,0,0,0,129,Agincourt North (129),14928
8000010377,-8834557.242999999,5433147.386,81138334,2018,2018/01/02 05:00:00+00,1900,19,FINCH AVE E,TRUDY RD,70 m East of,Major Arterial,North York,17.0,33,43.790946000000005,-79.362178,Mid-Block,Non Intersection,No Control,Clear,"Dark, artificial",Dry,Non-Fatal Injury,Sideswipe,50 to 54,2,,0,0,1,0,0,0,0,1,0,0,0,0,0,47,Don Valley Village (47),14934
8000026643,-8836773.947999999,5411367.212,80792943,2018,2018/01/05 05:00:00+00,1145,11,SHEPPARD ST,ADELAIDE ST W,,Major Arterial,Toronto and East York,10.0,52,43.649542,-79.382091,Intersection,At Intersection,Traffic Signal,Other,Daylight,Other,Fatal,Pedestrian Collisions,85 to 89,3,6.0,1,0,1,0,0,0,0,0,0,1,0,0,0,76,Bay Street Corridor (76),14936
8000027630,-8841000.861,5424654.945,80937667,2018,2018/01/05 05:00:00+00,1412,14,AVENUE RD,DUNBLAINE AVE,,Major Arterial,North York,8.0,32,43.73585,-79.420062,Intersection,At Intersection,Traffic Controller,Clear,Daylight,Dry,Non-Fatal Injury,Pedestrian Collisions,30 to 34,2,,1,0,1,0,0,0,0,0,0,1,0,0,0,39,Bedford Park-Nortown (39),14939
8000027863,-8828559.46,5421906.011,80900230,2018,2018/01/05 05:00:00+00,1455,14,100 SUNRISE AVE,,408 m East of,Collector,North York,,54,43.718005,-79.308299,Mid-Block,At/Near Private Drive,No Control,Clear,Daylight,Dry,Non-Fatal Injury,Turning Movement,50 to 54,2,,0,0,1,0,0,0,0,0,0,1,0,0,0,43,Victoria Village (43),14941
8000040229,-8853207.933,5416303.617000001,80792369,2018,2018/01/07 05:00:00+00,1816,18,EGLINTON AVE W,ROYAL YORK RD,,Major Arterial,Etobicoke York,2.0,22,43.68162,-79.52972,Mid-Block,Non Intersection,Traffic Signal,Other,Daylight,Other,Fatal,Approaching,85 to 89,3,3.0,0,0,1,0,0,0,0,0,0,1,0,1,0,9,Edenbridge-Humber Valley (9),14943
8000041197,-8821529.857,5440396.409,80792371,2018,2018/01/07 05:00:00+00,2151,21,STEELES AVE E,EASTVALE  DR,E of,Major Arterial,Scarborough,23.0,42,43.837934999999995,-79.245151,Intersection,Intersection Related,No Control,Other,Dark,Other,Fatal,Pedestrian Collisions,60 to 64,3,4.0,1,0,1,0,0,0,0,0,0,0,0,0,0,131,Rouge (131),14945
8000053420,-8824863.319,5423826.867000001,80792380,2018,2018/01/09 05:00:00+00,1817,18,EGLINTON AVE E,ROSEMOUNT DR,W of,Major Arterial,Scarborough,,41,43.730475,-79.27509599999999,Mid-Block,Non Intersection,No Control,Clear,Dark,Wet,Fatal,Pedestrian Collisions,70 to 74,3,5.0,1,0,1,0,0,0,0,0,0,0,0,0,0,125,Ionview (125),14947
8000063695,-8839090.841,5423409.081,80943075,2018,2018/01/11 05:00:00+00,923,9,YONGE  ST,RANLEIGH  AVE,,Major Arterial,North York,,32,43.727763,-79.402904,Intersection,At Intersection,Traffic Signal,Clear,Daylight,Wet,Non-Fatal Injury,Pedestrian Collisions,70 to 74,2,,1,0,1,0,0,0,0,0,0,0,0,0,0,105,Lawrence Park North (105),14949