ACCNUM,X,Y,Index_,YEAR,DATE,TIME,HOUR,STREET1,STREET2,OFFSET,ROAD_CLASS,District,WardNum,Division,LATITUDE,LONGITUDE,LOCCOORD,ACCLOC,TRAFFCTL,VISIBILITY,LIGHT,RDSFCOND,ACCLASS,IMPACTYPE,INVAGE,INJURY,FATAL_NO,PEDESTRIAN,CYCLIST,AUTOMOBILE,MOTORCYCLE,TRUCK,TRSN_CITY_VEH,EMERG_VEH,PASSENGER,SPEEDING,AG_DRIV,REDLIGHT,ALCOHOL,DISABILITY,Hood_ID,Neighbourhood,ObjectId
8000066808,-8838581.22,5420158.796,80942219,2018,2018/01/11 05:00:00+00,1727,17,YONGE ST,EGLINTON AVE E,,Major Arterial,North York,,53,43.70666,-79.398326,Intersection,At Intersection,Traffic Signal,Rain,"Dark, artificial",Wet,Non-Fatal Injury,Pedestrian Collisions,60 to 64,2,,1,0,0,0,0,1,0,0,0,0,0,0,0,104,Mount Pleasant West (104),14951
8000066887,-8829780.746,5433892.7129999995,80943056,2018,2018/01/11 05:00:00+00,1740,17,BRIDLETOWNE CRCL,FINCH AVE E,,Major Arterial,Scarborough,22.0,42,43.795778999999996,-79.31926999999999,Intersection,At Intersection,Traffic Signal,Clear,"Dark, artificial",Dry,Non-Fatal Injury,Pedestrian Collisions,unknown,2,,1,0,1,0,0,0,0,0,0,1,0,0,0,117,L'Amoreaux (117),14953
8000074113,-8822232.172,5430237.132,80890722,2018,2018/01/12 05:00:00+00,1901,19,MCCOWAN RD,ELLESMERE RD,,Major Arterial,Scarborough,,43,43.772071000000004,-79.25146,Intersection,At Intersection,Traffic Signal,Freezing Rain,"Dark, artificial",Ice,Non-Fatal Injury,SMV Other,50 to 54,2,,0,0,1,0,0,0,0,1,0,0,0,0,0,137,Woburn (137),14956
8000083490,-8848516.373,5408293.717,81133766,2018,2018/01/14 05:00:00+00,1059,10,THE QUEENSWAY,ALDGATE  AVE,100 m West of,Major Arterial,Etobicoke York,3.0,22,43.629560999999995,-79.487575,Mid-Block,Non Intersection,No Control,Clear,Daylight,Dry,Non-Fatal Injury,Approaching,unknown,2,,0,0,1,0,0,0,0,1,0,1,0,0,0,16,Stonegate-Queensway (16),14960
8000090859,-8848588.508,5423430.802,80793625,2018,2018/01/15 05:00:00+00,1520,15,23 IANHALL RD,,,Local,North York,6.0,31,43.727903999999995,-79.488223,Mid-Block,Non Intersection,No Control,Snow,Daylight,Loose Snow,Fatal,Pedestrian Collisions,unknown,3,7.0,1,0,1,0,0,0,0,0,0,0,0,0,0,26,Downsview-Roding-CFB (26),14963
8000091274,-8836274.569,5411199.367000001,80909233,2018,2018/01/15 05:00:00+00,1623,16,YONGE ST,COLBORNE ST,17 m North of,Major Arterial,Toronto and East York,13.0,51,43.648451,-79.377605,Intersection,Intersection Related,No Control,Snow,Daylight,Loose Snow,Non-Fatal Injury,Pedestrian Collisions,45 to 49,2,,1,0,1,0,0,0,0,0,0,1,0,0,0,75,Church-Yonge Corridor (75),14965
8000118334,-8839845.03,5431611.582,81117414,2018,2018/01/19 05:00:00+00,1800,18,FINCH  AVE E,DUDLEY  AVE,,Major Arterial,North York,18.0,32,43.780986,-79.409679,Intersection,At Intersection,Stop Sign,Clear,"Dark, artificial",Dry,Non-Fatal Injury,Angle,90 to 94,2,,0,0,1,0,0,0,0,1,0,1,0,0,0,51,Willowdale East (51),14971
8000125710,-8816218.359,5434127.442000001,80942983,2018,2018/01/20 05:00:00+00,2105,21,MORNINGSIDE  AVE,CINEMART DR,35 m South of,Major Arterial,Scarborough,25.0,42,43.797301000000004,-79.197437,Mid-Block,Non Intersection,No Control,Clear,"Dark, artificial",Dry,Non-Fatal Injury,Pedestrian Collisions,unknown,2,,1,0,1,0,0,0,0,0,0,0,0,0,0,131,Rouge (131),14973
8000134975,-8844666.5,5433115.618,80923406,2018,2018/01/22 05:00:00+00,1130,11,THURMAN RD,STEELES AVE W,,Major Arterial,North York,6.0,32,43.79074,-79.452991,Intersection,At Intersection,Traffic Signal,Rain,Daylight,Wet,Non-Fatal Injury,Cyclist Collisions,80 to 84,2,,0,1,1,0,0,0,0,0,0,1,0,0,0,35,Westminster-Branson (35),14975
8000136344,-8834934.394,5419362.223999999,80937624,2018,2018/01/22 05:00:00+00,1525,15,HANNA  RD,SUTHERLAND DR,,Local,North York,15.0,53,43.701487,-79.365566,Intersection,At Intersection,Stop Sign,Rain,Daylight,Wet,Non-Fatal Injury,Cyclist Collisions,40 to 44,2,,0,1,1,0,0,0,0,0,0,0,0,0,0,56,Leaside-Bennington (56),14977
8000139002,-8838470.012,5411902.459,80917295,2018,2018/01/22 05:00:00+00,2316,23,483 DUNDAS ST W,,,Major Arterial,Toronto and East York,,52,43.653021,-79.397327,Mid-Block,Non Intersection,No Control,Rain,"Dark, artificial",Wet,Non-Fatal Injury,Pedestrian Collisions,40 to 44,2,,1,0,1,0,0,0,0,0,0,0,0,0,0,78,Kensington-Chinatown (78),14979
8000147254,-8839870.523,5410810.304,80915977,2018,2018/01/24 05:00:00+00,725,7,QUEEN ST W,NIAGARA  ST,6 m West of,Major Arterial,Toronto and East York,10.0,14,43.645922,-79.409908,Intersection,Intersection Related,Traffic Signal,Clear,Daylight,Dry,Non-Fatal Injury,Pedestrian Collisions,45 to 49,2,,1,0,1,0,0,0,0,0,0,0,0,0,0,82,Niagara (82),14981
8000148881,-8830367.623,5436746.424,80793689,2018,2018/01/24 05:00:00+00,1150,11,WARDEN AVE,BAMBURGH CRCL,195 m South,Major Arterial,Scarborough,22.0,42,43.81428,-79.32454200000001,Mid-Block,Non Intersection,Traffic Signal,Clear,Daylight,Dry,Fatal,Pedestrian Collisions,60 to 64,3,8.0,1,0,1,0,0,0,0,0,0,1,1,0,0,116,Steeles (116),14983
8000162835,-8836660.958999999,5409852.717,80903333,2018,2018/01/26 05:00:00+00,1430,14,QUEENS QUAY W,YONGE ST,60 m West of,Minor Arterial,Toronto and East York,10.0,52,43.639697,-79.38107600000001,Mid-Block,Non Intersection,No Control,Clear,Daylight,Dry,Non-Fatal Injury,Pedestrian Collisions,40 to 44,2,,1,0,0,0,0,1,0,0,0,0,0,0,0,77,Waterfront Communities-The Island (77),14985
8000165108,-8819370.927000001,5435263.544,81129085,2018,2018/01/26 05:00:00+00,2055,20,TAPSCOTT RD,MCLEVIN  AVE,65 m East of,Minor Arterial,Scarborough,23.0,42,43.804666999999995,-79.225757,Mid-Block,Non Intersection,No Control,Clear,"Dark, artificial",Dry,Non-Fatal Injury,Approaching,55 to 59,2,,0,0,1,0,0,0,0,1,1,1,0,1,0,132,Malvern (132),14988
8000166254,-8827925.941,5422929.545,81116641,2018,2018/01/27 05:00:00+00,116,1,EGLINTON AVE E,VICTORIA PARK AVE,,Major Arterial,North York,,41,43.72465,-79.30260799999999,Intersection,At Intersection,Traffic Signal,Clear,"Dark, artificial",Dry,Non-Fatal Injury,Turning Movement,50 to 54,2,,0,0,1,0,1,0,0,0,0,1,0,0,0,120,Clairlea-Birchmount (120),14990
8000172626,-8841647.182,5419636.004,80929713,2018,2018/01/28 05:00:00+00,140,1,BATHURST ST,RIDGE HILL DR,,Major Arterial,North York,8.0,53,43.703265,-79.42586800000001,Intersection,At Intersection,Traffic Signal,Clear,"Dark, artificial",Dry,Non-Fatal Injury,Pedestrian Collisions,50 to 54,2,,1,0,1,0,0,0,0,0,0,0,0,0,0,102,Forest Hill North (102),14992
8000206699,-8856831.049,5426482.989,80793694,2018,2018/02/02 05:00:00+00,943,9,FINCH AVE W,ARDWICK BLVD,,Major Arterial,Etobicoke York,7.0,31,43.747714,-79.562267,Intersection,At Intersection,Traffic Signal,Clear,Daylight,Dry,Fatal,Pedestrian Collisions,70 to 74,3,9.0,1,0,1,0,0,0,0,0,0,1,0,0,0,22,Humbermede (22),14994
8000212340,-8835199.333999999,5413625.3379999995,80942137,2018,2018/02/03 05:00:00+00,403,4,PARLIAMENT ST,CARLTON ST,20 m North of,Minor Arterial,Toronto and East York,13.0,51,43.664218,-79.36794599999999,Intersection,At Intersection,Traffic Signal,Clear,"Dark, artificial",Dry,Non-Fatal Injury,Pedestrian Collisions,unknown,2,,1,0,1,0,0,0,0,0,0,0,0,0,0,71,Cabbagetown-South St.James Town (71),14996
8000214982,-8847380.024,5417395.342999999,80926724,2018,2018/02/03 05:00:00+00,1525,15,8 HERTFORD AVE,,30 m North of,Local,Etobicoke York,5.0,12,43.688712,-79.477367,Mid-Block,Non Intersection,No Control,Clear,"Daylight, artificial",Dry,Non-Fatal Injury,Cyclist Collisions,15 to 19,2,,0,1,0,0,0,0,0,0,0,0,0,0,0,110,Keelesdale-Eglinton West (110),14997
8000231465,-8846574.85,5426949.149,80921379,2018,2018/02/06 05:00:00+00,913,9,CARL HALL RD,YUKON LANE,300 m South of,Other,North York,6.0,32,43.750739,-79.470134,Mid-Block,Non Intersection,No Control,Clear,Daylight,Wet,Non-Fatal Injury,Approaching,35 to 39,2,,0,0,1,0,0,0,0,0,1,1,0,0,0,26,Downsview-Roding-CFB (26),14999
8000243481,-8838360.474,5411236.443,80942971,2018,2018/02/08 05:00:00+00,313,3,SPADINA  AVE,QUEEN ST W,,Major Arterial,Toronto and East York,10.0,52,43.648692,-79.396343,Intersection,At Intersection,Traffic Signal,Clear,"Dark, artificial",Slush,Non-Fatal Injury,Pedestrian Collisions,40 to 44,2,,1,0,1,0,0,0,0,1,0,1,1,0,0,77,Waterfront Communities-The Island (77),15000
8000244860,-8841896.871,5414188.879,80889002,2018,2018/02/08 05:00:00+00,943,9,HALLAM ST,OSSINGTON  AVE,,Minor Arterial,Toronto and East York,,14,43.66788,-79.428111,Intersection,At Intersection,Traffic Signal,Clear,Daylight,Wet,Non-Fatal Injury,Pedestrian Collisions,60 to 64,2,,1,0,1,0,0,0,0,0,0,1,0,0,0,93,Dovercourt-Wallace Emerson-Junction (93),14139
8000252171,-8835556.892,5411246.904,80892163,2018,2018/02/09 05:00:00+00,1125,11,LOWER JARVIS ST,FRONT ST E,74 m South of,Major Arterial,Toronto and East York,13.0,51,43.648759999999996,-79.371158,Mid-Block,Non Intersection,No Control,Snow,Daylight,Loose Snow,Non-Fatal Injury,Pedestrian Collisions,75 to 79,2,,1,0,1,0,0,0,0,0,0,0,0,0,0,77,Waterfront Communities-The Island (77),14149
8000256570,-8839433.037,5411782.145,80942704,2018,2018/02/10 05:00:00+00,34,3,BATHURST ST,DUNDAS ST W,25 m South of,Major Arterial,Toronto and East York,,14,43.652239,-79.405978,Intersection,Intersection Related,No Control,Drifting Snow,"Dark, artificial",Wet,Non-Fatal Injury,Pedestrian Collisions,40 to 44,2,,1,0,1,0,0,0,0,0,1,1,0,1,0,78,Kensington-Chinatown (78),14164
8000264811,-8850432.404,5420145.86,81118094,2018,2018/02/11 05:00:00+00,1225,12,JANE ST,JOHN ST,,Major Arterial,Etobicoke York,5.0,12,43.706576,-79.504787,Intersection,Intersection Related,Traffic Signal,Rain,Daylight,Wet,Non-Fatal Injury,Other,55 to 59,2,,0,0,0,0,0,1,0,1,0,0,0,0,0,28,Rustic (28),14739
8000265152,-8839461.089,5425588.953,81141570,2018,2018/02/11 05:00:00+00,1330,13,YONGE ST,MCGLASHAN RD,16 m North of,Major Arterial,North York,,32,43.741912,-79.40623000000001,Mid-Block,Non Intersection,No Control,Freezing Rain,Daylight,Slush,Non-Fatal Injury,SMV Other,5 to 9,2,,0,0,1,0,0,0,0,1,0,0,0,0,1,41,Bridle Path-Sunnybrook-York Mills (41),14745
8000275432,-8842182.294,5411074.446,80942881,2018,2018/02/13 05:00:00+00,247,2,DUFFERIN ST,BANK ST,16 m South of,Minor Arterial,Toronto and East York,9.0,14,43.647639,-79.430675,Intersection,Intersection Related,No Control,Clear,"Dark, artificial",Dry,Non-Fatal Injury,SMV Unattended Vehicle,50 to 54,2,,0,0,1,0,0,0,0,0,1,1,0,0,0,84,Little Portugal (84),14747
8000286363,-8859223.527,5426333.669,80905769,2018,2018/02/14 05:00:00+00,1545,15,KIPLING AVE,MOUNT OLIVE DR,,Major Arterial,Etobicoke York,1.0,23,43.746745000000004,-79.583759,Intersection,At Intersection,Traffic Signal,Clear,Daylight,Dry,Non-Fatal Injury,Pedestrian Collisions,85 to 89,2,,1,0,1,0,0,0,0,0,0,1,0,0,0,2,Mount Olive-Silverstone-Jamestown (2),14749
8000300733,-8832180.906,5423391.982000001,80897182,2018,2018/02/16 05:00:00+00,1800,18,DON MILLS RD,BARBER GREENE RD,,Major Arterial,North York,16.0,33,43.727652,-79.34083100000001,Intersection,At Intersection,Traffic Signal,Clear,"Dark, artificial",Dry,Non-Fatal Injury,Turning Movement,50 to 54,2,,0,0,1,0,0,0,0,1,0,1,1,0,0,42,Banbury-Don Mills (42),14753
8000301907,-8849314.757000001,5404202.591,81336188,2018,2018/02/16 05:00:00+00,2130,21,LAKE SHORE BV W,ROYAL YORK RD,150 m West of,Major Arterial,Etobicoke York,3.0,22,43.602954,-79.494747,Mid-Block,Non Intersection,No Control,Clear,"Dark, artificial",Dry,Non-Fatal Injury,SMV Other,50 to 54,2,,0,0,1,0,0,0,0,1,0,0,0,1,0,17,Mimico (includes Humber Bay Shores) (17),14755
8000303628,-8837962.952,5432737.35,80792373,2018,2018/02/17 05:00:00+00,2319,23,3230 BAYVIEW AVE,,,Major Arterial,North York,,33,43.788287,-79.392772,Mid-Block,Non Intersection,No Control,,Dark,,Fatal,SMV Other,45 to 49,3,10.0,0,0,1,0,0,0,0,0,1,1,0,0,0,49,Bayview Woods-Steeles (49),14756
8000311536,-8853842.343,5420949.583,81130179,2018,2018/02/18 05:00:00+00,1442,14,401 C E WESTON RD RAMP,WESTON RD,,Major Arterial,Etobicoke York,5.0,12,43.711795,-79.53541899999999,Intersection,At Intersection,Traffic Signal,Clear,Daylight,Dry,Non-Fatal Injury,Turning Movement,85 to 89,2,,0,0,1,0,0,0,0,1,0,1,1,0,0,23,Pelmo Park-Humberlea (23),14761
8000312731,-8838683.968,5420802.663,80943591,2018,2018/02/18 05:00:00+00,1827,18,YONGE ST,ROSELAWN AVE,11 m South of,Major Arterial,North York,,53,43.710840999999995,-79.399249,Intersection,Intersection Related,No Control,Clear,"Dusk, artificial",Dry,Non-Fatal Injury,Pedestrian Collisions,45 to 49,2,,1,0,1,0,0,0,0,0,0,0,0,0,0,104,Mount Pleasant West (104),14763
8000315155,-8819563.732,5430695.156,80942596,2018,2018/02/19 05:00:00+00,602,6,704 BRIMORTON  DR,,99 m West of,Collector,Scarborough,24.0,43,43.775042,-79.227489,Mid-Block,Non Intersection,No Control,Clear,"Dark, artificial",Dry,Non-Fatal Injury,SMV Other,25 to 29,2,,0,0,1,0,0,0,0,0,0,1,0,1,0,137,Woburn (137),14764
8000315190,-8843924.222000001,5430412.261,80887943,2018,2018/02/19 05:00:00+00,617,6,537 FINCH  AVE W,,11 m East of,Major Arterial,North York,6.0,32,43.773207,-79.44632299999999,Mid-Block,Non Intersection,No Control,Clear,"Dark, artificial",Dry,Non-Fatal Injury,Approaching,60 to 64,2,,0,0,1,0,0,0,0,0,0,1,0,0,0,35,Westminster-Branson (35),14767
8000324261,-8835112.727,5412198.328,80941033,2018,2018/02/20 05:00:00+00,1640,16,QUEEN  ST E,ONTARIO ST,,Major Arterial,Toronto and East York,13.0,51,43.654944,-79.367168,Mid-Block,Intersection Related,Pedestrian Crossover,Clear,"Dusk, artificial",Wet,Non-Fatal Injury,Pedestrian Collisions,65 to 69,2,,1,0,1,0,0,0,0,0,0,1,0,0,0,73,Moss Park (73),14769
8000324266,-8843319.534,5429207.392000001,80793695,2018,2018/02/20 05:00:00+00,1645,16,BATHURST ST,ELLERSLIE AVE,,Major Arterial,North York,,32,43.765390999999994,-79.44089100000001,Intersection,At Intersection,Traffic Signal,Rain,Daylight,Wet,Fatal,Pedestrian Collisions,65 to 69,3,11.0,1,0,0,0,1,0,0,0,0,1,0,0,0,37,Willowdale West (37),14771
8000332004,-8825714.357,5430429.99,80793693,2018,2018/02/21 05:00:00+00,1838,18,37 WILLIAM KITCHEN RD,,,Collector,Scarborough,21.0,41,43.773322,-79.282741,Mid-Block,Non Intersection,No Control,Clear,"Dark, artificial",Dry,Fatal,Pedestrian Collisions,40 to 44,3,12.0,1,0,0,0,1,0,0,0,0,0,0,0,0,126,Dorset Park (126),14773
8000337135,-8840042.066,5420845.0139999995,81117400,2018,2018/02/22 05:00:00+00,1430,14,AVENUE RD,BRIAR HILL AVE,,Major Arterial,North York,8.0,53,43.711116,-79.411449,Intersection,At Intersection,Stop Sign,Clear,Daylight,Dry,Non-Fatal Injury,Angle,80 to 84,2,,0,0,1,0,0,0,0,1,0,1,0,0,0,100,Yonge-Eglinton (100),14776
8000340465,-8820044.41,5432047.933999999,80941914,2018,2018/02/23 05:00:00+00,118,1,931 PROGRESS AVE,,5 m West of,Minor Arterial,Scarborough,24.0,43,43.783815999999995,-79.23180699999999,Intersection,Intersection Related,Traffic Signal,Clear,"Dark, artificial",Dry,Non-Fatal Injury,SMV Other,25 to 29,2,,0,0,1,0,0,0,0,1,0,0,0,1,0,137,Woburn (137),14779
8000341044,-8851170.453,5416653.041,81133877,2018,2018/02/23 05:00:00+00,612,6,EGLINTON AVE W,SCARLETT RD,,Major Arterial,Etobicoke York,2.0,23,43.683890000000005,-79.51141700000001,Intersection,Intersection Related,Traffic Signal,Clear,Dark,Dry,Non-Fatal Injury,Pedestrian Collisions,50 to 54,2,,1,0,1,0,0,0,0,0,0,0,0,0,0,8,Humber Heights-Westmount (8),14781
8000348646,-8851853.286,5413178.623,80931179,2018,2018/02/24 05:00:00+00,849,8,ROYAL YORK RD,STRATH HUMBER CRT,15 m South of,Minor Arterial,Etobicoke York,2.0,22,43.661315,-79.517551,Intersection,Non Intersection,No Control,Clear,Daylight,Dry,Non-Fatal Injury,Pedestrian Collisions,65 to 69,2,,1,0,1,0,0,0,0,0,0,1,0,0,0,9,Edenbridge-Humber Valley (9),14783
8000352220,-8851160.211000001,5411021.063999999,80915928,2018,2018/02/24 05:00:00+00,1950,19,ROYAL YORK  RD,BLOOR ST W,,Major Arterial,Etobicoke York,3.0,22,43.647292,-79.511325,Intersection,At Intersection,Traffic Signal,Clear,Dark,Dry,Non-Fatal Injury,Pedestrian Collisions,80 to 84,2,,1,0,1,0,0,0,0,0,0,1,0,0,0,16,Stonegate-Queensway (16),14785
8000361053,-8837223.234,5414889.89,80942127,2018,2018/02/26 05:00:00+00,842,8,CHURCH ST,COLLIER ST,,Major Arterial,Toronto and East York,11.0,53,43.672435,-79.386127,,At/Near Private Drive,No Control,Clear,Daylight,Dry,Non-Fatal Injury,SMV Unattended Vehicle,60 to 64,2,,0,0,1,0,0,0,0,0,0,0,0,0,0,98,Rosedale-Moore Park (98),14787
8000370625,-8828398.938,5437400.8610000005,80793700,2018,2018/02/27 05:00:00+00,1530,15,CANONGATE TRL,OCKWELL MANOR  DR,,Collector,Scarborough,22.0,42,43.818521999999994,-79.306857,Intersection,At Intersection,No Control,Clear,Daylight,Dry,Fatal,Pedestrian Collisions,75 to 79,3,13.0,1,0,1,0,0,0,0,0,0,0,0,0,0,116,Steeles (116),14790
8000372713,-8862550.199,5426122.714,80943320,2018,2018/02/27 05:00:00+00,2128,21,ALBION ROAD,CARRIER DRIVE,50 m East of,Major Arterial,Etobicoke York,1.0,23,43.745376,-79.61364300000001,Intersection,Intersection Related,Traffic Signal,Clear,"Dark, artificial",Dry,Non-Fatal Injury,Rear End,55 to 59,2,,0,0,1,0,0,0,0,0,0,1,0,1,0,1,West Humber-Clairville (1),14792
8000379612,-8863016.405,5424519.212,80901810,2018,2018/02/28 05:00:00+00,2117,21,FINCH AVE W,HUMBERLINE DR,,Major Arterial,Etobicoke York,1.0,23,43.734969,-79.61783100000001,Intersection,At Intersection,Traffic Signal,Clear,"Dusk, artificial",Dry,Non-Fatal Injury,Pedestrian Collisions,60 to 64,2,,1,0,1,0,0,0,0,1,0,0,0,0,0,1,West Humber-Clairville (1),14796
8000388134,-8831222.0,5424898.8379999995,80885754,2018,2018/03/02 05:00:00+00,649,6,DON VALLEY PARKWAY  S,LAWRENCE AVE E,200 m South of,Expressway,North York,16.0,33,43.737433,-79.332217,Mid-Block,Non Intersection,No Control,Clear,Daylight,Wet,Non-Fatal Injury,Rear End,50 to 54,2,,0,0,1,0,0,0,0,1,0,1,0,0,0,42,Banbury-Don Mills (42),14801
8000390730,-8851798.072,5419113.243,80919372,2018,2018/03/02 05:00:00+00,1435,14,2083 LAWRENCE AVE W,,,Major Arterial,Etobicoke York,5.0,12,43.699870000000004,-79.517055,Mid-Block,Non Intersection,No Control,Clear,Daylight,Dry,Non-Fatal Injury,Pedestrian Collisions,50 to 54,2,,1,0,1,0,0,0,0,0,0,0,0,0,0,113,Weston (113),14803
8000392366,-8819767.558,5427887.396000001,80793698,2018,2018/03/02 05:00:00+00,1914,19,GREENCEDAR CRCT,DAPHNE RD,,Collector,Scarborough,24.0,43,43.756827,-79.22932,Intersection,At Intersection,No Control,Other,Dark,Other,Fatal,Pedestrian Collisions,65 to 69,3,14.0,1,0,1,0,0,0,0,0,0,0,0,0,0,137,Woburn (137),14805
8000395977,-8836796.88,5410927.682999999,81144520,2018,2018/03/03 05:00:00+00,1111,11,WELLINGTON  ST W,YORK  ST,52 m East of,Minor Arterial,Toronto and East York,10.0,52,43.646685,-79.382297,Mid-Block,Non Intersection,No Control,Clear,Daylight,Dry,Non-Fatal Injury,Turning Movement,35 to 39,2,,0,0,1,0,1,0,0,1,0,0,0,0,0,76,Bay Street Corridor (76),14808
8000397220,-8843856.206,5433362.0479999995,81125353,2018,2018/03/03 05:00:00+00,1515,15,BATHURST  ST,STEELES AVE W,10 m South of,Major Arterial,North York,,32,43.792338,-79.445712,Intersection,Intersection Related,Traffic Signal,Clear,Daylight,Dry,Non-Fatal Injury,Angle,80 to 84,2,,0,0,1,0,0,0,0,1,0,1,0,0,0,36,Newtonbrook West (36),14811
8000407023,-8844525.457999999,5419238.887,80930461,2018,2018/03/05 05:00:00+00,820,8,DUFFERIN ST,CASTLEFIELD AVE,28 m North of,Major Arterial,North York,8.0,13,43.700686,-79.451724,Intersection,Intersection Related,Traffic Signal,Clear,Daylight,Dry,Non-Fatal Injury,Pedestrian Collisions,75 to 79,2,,1,0,1,0,0,0,0,1,0,0,0,0,0,108,Briar Hill-Belgravia (108),14815
8000409756,-8841497.791000001,5418893.522000001,81239616,2018,2018/03/05 05:00:00+00,1505,15,BATHURST  ST,DEWBOURNE AVE,45 m  of,Major Arterial,Toronto and East York,12.0,13,43.698443,-79.424526,Mid-Block,Non Intersection,No Control,Clear,Daylight,Dry,Non-Fatal Injury,Rear End,70 to 74,2,,0,0,1,0,0,0,0,1,0,1,0,0,0,101,Forest Hill South (101),14822
8000409848,-8855815.258,5415540.47,80942508,2018,2018/03/05 05:00:00+00,1525,15,EGLINTON AVE W,KIPLING AVE,192 m West of,Major Arterial,Etobicoke York,2.0,23,43.676662,-79.55314200000001,Mid-Block,Non Intersection,No Control,Clear,Daylight,Dry,Non-Fatal Injury,Approaching,60 to 64,2,,0,0,1,0,0,0,0,0,1,1,0,0,0,7,Willowridge-Martingrove-Richview (7),14826
8000432892,-8850142.751,5431408.061000001,80897473,2018,2018/03/08 05:00:00+00,2240,22,STEELES  AVE W,FOUNDERS RD,185 m East of,Major Arterial,Etobicoke York,7.0,31,43.779666,-79.502185,Mid-Block,Non Intersection,No Control,Clear,"Dark, artificial",Dry,Non-Fatal Injury,Pedestrian Collisions,20 to 24,2,,1,0,1,0,0,0,0,0,0,1,0,0,0,27,York University Heights (27),14828
8000438104,-8850807.774,5418542.935,81139701,2018,2018/03/09 05:00:00+00,1745,17,WESTON RD,DENISON RD W,3 m East of,Minor Arterial,Etobicoke York,5.0,12,43.696166,-79.50815899999999,Intersection,At Intersection,Traffic Signal,Clear,Daylight,Dry,Non-Fatal Injury,Turning Movement,35 to 39,2,,0,0,1,1,0,0,0,0,0,0,0,0,0,113,Weston (113),14115
8000443959,-8829828.391,5415110.592,80891674,2018,2018/03/10 05:00:00+00,1555,15,300 COXWELL AVE,,107 m North of,Minor Arterial,Toronto and East York,,55,43.673869,-79.319698,Mid-Block,Non Intersection,No Control,Clear,Daylight,Dry,Non-Fatal Injury,Pedestrian Collisions,50 to 54,2,,1,0,0,0,0,1,0,0,0,0,0,0,0,64,Woodbine Corridor (64),14135
8000460505,-8838335.761,5411941.231000001,80912514,2018,2018/03/13 04:00:00+00,1130,11,DUNDAS STREET WEST,HURON STREET,20 m West of,Major Arterial,Toronto and East York,,52,43.653273,-79.396121,Mid-Block,Non Intersection,No Control,Clear,Daylight,Dry,Non-Fatal Injury,Pedestrian Collisions,70 to 74,2,,1,0,1,0,0,0,0,0,0,0,0,0,0,78,Kensington-Chinatown (78),14150
8000471582,-8838562.518,5412697.31,80875495,2018,2018/03/15 04:00:00+00,226,2,COLLEGE ST,HURON ST,,Major Arterial,Toronto and East York,11.0,52,43.658187,-79.398158,Intersection,At Intersection,Traffic Signal,Clear,"Dark, artificial",Dry,Fatal,Pedestrian Collisions,20 to 24,3,15.0,1,0,1,0,0,0,0,0,1,1,0,1,0,78,Kensington-Chinatown (78),14170
8000477164,-8842409.831,5414458.35,80906083,2018,2018/03/15 04:00:00+00,2150,21,DOVERCOURT RD,DUPONT ST,,Major Arterial,Toronto and East York,9.0,14,43.669631,-79.43271899999999,Intersection,At Intersection,Traffic Signal,Clear,"Dark, artificial",Dry,Non-Fatal Injury,Pedestrian Collisions,50 to 54,2,,1,0,1,0,0,0,0,0,0,0,0,0,0,93,Dovercourt-Wallace Emerson-Junction (93),14182
8000479172,-8847155.827,5411235.828,80924379,2018,2018/03/16 04:00:00+00,907,9,RUNNYMEDE RD,DEFOREST  RD,,Collector,Toronto and East York,4.0,11,43.648688,-79.475353,Intersection,At Intersection,Stop Sign,Clear,"Daylight, artificial",Dry,Non-Fatal Injury,Pedestrian Collisions,70 to 74,2,,1,0,1,0,0,0,0,0,0,1,0,0,0,87,High Park-Swansea (87),14288
8000498049,-8835808.252,5412549.905,81073087,2018,2018/03/19 04:00:00+00,1032,10,GEORGE ST,DUNDAS ST E,,Major Arterial,Toronto and East York,13.0,51,43.657229,-79.373416,Intersection,At Intersection,Stop Sign,Clear,Daylight,Dry,Non-Fatal Injury,Pedestrian Collisions,70 to 74,2,,1,0,1,0,0,0,0,0,0,1,0,0,0,73,Moss Park (73),14384
8000501010,-8859654.111,5413904.18,80937738,2018,2018/03/19 04:00:00+00,1741,17,RENFORTH DR,EGLINTON AVE W,10 m South of,Major Arterial,Etobicoke York,2.0,22,43.66603,-79.587627,Mid-Block,Non Intersection,No Control,Clear,Daylight,Dry,Non-Fatal Injury,Rear End,65 to 69,2,,0,0,1,0,0,0,0,1,0,1,0,0,0,11,Eringate-Centennial-West Deane (11),14481