ACCNUM,X,Y,Index_,YEAR,DATE,TIME,HOUR,STREET1,STREET2,OFFSET,ROAD_CLASS,District,WardNum,Division,LATITUDE,LONGITUDE,LOCCOORD,ACCLOC,TRAFFCTL,VISIBILITY,LIGHT,RDSFCOND,ACCLASS,IMPACTYPE,INVAGE,INJURY,FATAL_NO,PEDESTRIAN,CYCLIST,AUTOMOBILE,MOTORCYCLE,TRUCK,TRSN_CITY_VEH,EMERG_VEH,PASSENGER,SPEEDING,AG_DRIV,REDLIGHT,ALCOHOL,DISABILITY,Hood_ID,Neighbourhood,ObjectId
8000509644,-8848052.728,5424099.701,81336222,2018,2018/03/21 04:00:00+00,232,2,KEELE ST [N/B],WANDLE AV,45 m North of,Major Arterial,North York,6.0,31,43.732246,-79.48340999999999,Mid-Block,Non Intersection,No Control,Clear,"Dark, artificial",Dry,Non-Fatal Injury,Sideswipe,35 to 39,2,,0,0,1,0,0,0,0,0,1,1,0,1,0,26,Downsview-Roding-CFB (26),14488
8000510129,-8849894.731,5407301.175,80875563,2018,2018/03/21 04:00:00+00,331,3,F G GARDINER XY  W,ROYAL YORK RD,,,Etobicoke York,3.0,22,43.623107,-79.499957,Mid-Block,Non Intersection,No Control,Clear,"Dark, artificial",Dry,Fatal,Rear End,30 to 34,3,16.0,0,0,1,0,0,0,0,1,1,1,0,0,0,17,Mimico (includes Humber Bay Shores) (17),14494
8000514399,-8846767.656,5420708.721,80939417,2018,2018/03/21 04:00:00+00,1720,17,LAWRENCE AVE W,BENTON RD,10 m East of,Major Arterial,Etobicoke York,5.0,12,43.710231,-79.471866,Intersection,At Intersection,Traffic Signal,Clear,Daylight,Dry,Non-Fatal Injury,Angle,55 to 59,2,,0,0,1,0,0,0,0,0,0,1,1,0,0,30,Brookhaven-Amesbury (30),14496
8000516187,-8836660.068,5409855.025,80934831,2018,2018/03/21 04:00:00+00,2305,23,QUEENS QUAY W,YORK ST,60 m West of,Minor Arterial,Toronto and East York,10.0,52,43.639712,-79.381068,Mid-Block,Non Intersection,No Control,Clear,"Dark, artificial",Dry,Non-Fatal Injury,Pedestrian Collisions,65 to 69,2,,1,0,1,0,0,0,0,0,0,0,0,0,0,77,Waterfront Communities-The Island (77),14498
8000535071,-8852146.279,5429620.199,80942644,2018,2018/03/24 04:00:00+00,1914,19,JANE ST,SHOREHAM DR,70 m South of,Major Arterial,Etobicoke York,7.0,31,43.768069,-79.52018299999999,Mid-Block,Non Intersection,No Control,Clear,Daylight,Dry,Non-Fatal Injury,Approaching,35 to 39,2,,0,0,1,0,0,0,0,0,1,1,0,0,0,24,Black Creek (24),14503
8000546560,-8829868.243999999,5434453.945,80932817,2018,2018/03/26 04:00:00+00,1604,16,BRIDLETOWNE CRCL,BEVERLY GLEN BLVD,,Minor Arterial,Scarborough,22.0,42,43.799418,-79.32005600000001,Intersection,At Intersection,Traffic Signal,Clear,Daylight,Dry,Non-Fatal Injury,Pedestrian Collisions,80 to 84,2,,1,0,1,0,0,0,0,0,0,1,0,0,0,117,L'Amoreaux (117),14505
8000560882,-8836948.831,5416730.009,80875565,2018,2018/03/28 04:00:00+00,1749,17,MOUNT PLEASANT RD,CARSTOWE RD,,Major Arterial,Toronto and East York,11.0,53,43.68439,-79.383662,Mid-Block,Non Intersection,No Control,Clear,Daylight,Dry,Fatal,Turning Movement,35 to 39,3,17.0,0,0,1,1,0,0,0,0,1,1,0,0,0,98,Rosedale-Moore Park (98),14507
8000565585,-8848907.884,5422911.368,80877077,2018,2018/03/29 04:00:00+00,1221,12,WILSON AVE,JULIAN RD,,Major Arterial,North York,6.0,31,43.724532,-79.49109200000001,Intersection,Intersection Related,Traffic Signal,Rain,Daylight,Wet,Fatal,Pedestrian Collisions,90 to 94,3,18.0,1,0,1,0,0,0,0,1,0,0,0,0,0,26,Downsview-Roding-CFB (26),14510
8000569238,-8832867.97,5430694.0770000005,80908720,2018,2018/03/29 04:00:00+00,2226,22,DON MILLS  RD,SHEPPARD AVE E,,Major Arterial,North York,17.0,33,43.775034999999995,-79.347003,Intersection,At Intersection,Traffic Controller,Rain,"Daylight, artificial",Wet,Non-Fatal Injury,Pedestrian Collisions,45 to 49,2,,1,0,1,0,0,0,0,0,0,1,0,0,0,53,Henry Farm (53),14512
8000589211,-8840665.455,5434328.092999999,80892416,2018,2018/04/02 04:00:00+00,1310,13,STEELES AVE E,DUMONT ST,13 m West of,Major Arterial,North York,18.0,32,43.798602,-79.417049,Intersection,Intersection Related,No Control,Clear,Daylight,Dry,Non-Fatal Injury,Pedestrian Collisions,50 to 54,2,,1,0,1,0,0,0,0,0,0,0,0,0,0,50,Newtonbrook East (50),14514
8000599048,-8838814.768,5409332.201,80920781,2018,2018/04/03 04:00:00+00,2220,22,FLEET  ST,BATHURST ST,80 m West of,Major Arterial,Toronto and East York,10.0,14,43.636313,-79.400424,Mid-Block,Non Intersection,No Control,Rain,"Dark, artificial",Wet,Non-Fatal Injury,Pedestrian Collisions,40 to 44,2,,1,0,0,0,0,1,0,0,0,0,0,0,0,82,Niagara (82),14516
8000604278,-8843818.913999999,5431955.574,80916214,2018,2018/04/04 04:00:00+00,1630,16,BATHURST ST,CEDARCROFT BLVD,80 m South of,Major Arterial,North York,,32,43.783217,-79.44537700000001,Mid-Block,Non Intersection,No Control,Clear,Daylight,Dry,Non-Fatal Injury,SMV Other,30 to 34,2,,0,0,0,1,0,0,0,0,0,0,0,0,0,36,Newtonbrook West (36),14517
8000630918,-8853931.51,5427331.187000001,80922923,2018,2018/04/08 04:00:00+00,2030,20,FINCH AVE W,ARROW RD,10 m West of,Major Arterial,Etobicoke York,7.0,31,43.753218,-79.53622,Intersection,At Intersection,Traffic Signal,Clear,"Dark, artificial",Dry,Non-Fatal Injury,Rear End,60 to 64,2,,0,0,1,0,0,0,0,1,0,1,0,0,0,22,Humbermede (22),14523
8000645053,-8849740.22,5413827.852000001,81148237,2018,2018/04/10 04:00:00+00,2256,22,DUNDAS  ST W,GOOCH  AVE,1 m West of,Major Arterial,Toronto and East York,4.0,11,43.665534,-79.49856899999999,Intersection,Intersection Related,No Control,Clear,"Dark, artificial",Dry,Non-Fatal Injury,Pedestrian Collisions,60 to 64,2,,1,0,1,0,0,0,0,0,0,0,0,0,0,89,Runnymede-Bloor West Village (89),14525
8000655701,-8844819.342,5430152.96,80900783,2018,2018/04/12 04:00:00+00,1425,14,625 FINCH AV W,,,Major Arterial,North York,6.0,32,43.771525,-79.454364,Intersection,At Intersection,Traffic Signal,Clear,Daylight,Wet,Non-Fatal Injury,Pedestrian Collisions,80 to 84,2,,1,0,1,0,0,0,0,0,0,1,1,0,0,35,Westminster-Branson (35),14528
8000657737,-8849535.502999999,5422719.13,80916957,2018,2018/04/12 04:00:00+00,2000,20,WILSON AVE,LEXFIELD AVE,,Major Arterial,North York,6.0,31,43.723284,-79.49673,Intersection,At Intersection,Traffic Signal,Clear,Dark,Dry,Non-Fatal Injury,Turning Movement,20 to 24,2,,0,0,1,0,0,0,0,1,0,1,1,0,0,26,Downsview-Roding-CFB (26),14531
8000662467,-8850802.652999999,5422060.497,80875568,2018,2018/04/13 04:00:00+00,1512,15,JANE ST,BEVERLY HILLS DR,,Major Arterial,Etobicoke York,,31,43.719008,-79.508113,Intersection,At Intersection,Traffic Signal,,Daylight,,Fatal,Pedestrian Collisions,55 to 59,3,19.0,1,0,1,0,0,0,0,0,1,1,0,0,0,26,Downsview-Roding-CFB (26),14533
8000663907,-8855984.241,5416909.038,80913987,2018,2018/04/13 04:00:00+00,1918,19,THE WESTWAY,KIPLING  AVE,11 m South of,Major Arterial,Etobicoke York,2.0,23,43.685553000000006,-79.55466,Intersection,At Intersection,Traffic Signal,Rain,"Dark, artificial",Wet,Non-Fatal Injury,Cyclist Collisions,50 to 54,2,,0,1,1,0,0,0,0,0,0,0,0,0,0,7,Willowridge-Martingrove-Richview (7),14535
8000710389,-8812506.077,5432250.852000001,80943293,2018,2018/04/21 04:00:00+00,1,1,HIGHWAY 2A  E,LAWSON RD,400 m East of,Expressway,Scarborough,25.0,43,43.785132,-79.164089,Mid-Block,Non Intersection,No Control,Clear,Dark,Dry,Non-Fatal Injury,Rear End,70 to 74,2,,0,0,1,0,0,0,0,1,1,1,0,0,0,133,Centennial Scarborough (133),14541
8000716427,-8818010.38,5436719.427,80877056,2018,2018/04/21 04:00:00+00,2341,23,SEWELLS RD,HUPFIELD TRL,,Minor Arterial,Scarborough,25.0,42,43.814105,-79.213535,Mid-Block,Non Intersection,No Control,Clear,"Dark, artificial",Dry,Fatal,SMV Other,25 to 29,3,20.0,0,0,1,0,0,0,0,0,1,1,0,0,0,132,Malvern (132),14542
8000720463,-8847104.842,5417564.379,80942258,2018,2018/04/22 04:00:00+00,1706,17,1854 KEELE ST,,,Major Arterial,Etobicoke York,5.0,12,43.689809999999994,-79.47489499999999,Mid-Block,Non Intersection,No Control,Clear,"Dark, artificial",Dry,Non-Fatal Injury,Pedestrian Collisions,unknown,2,,1,0,0,1,0,0,0,0,1,1,0,0,0,110,Keelesdale-Eglinton West (110),14544
8000722475,-8853931.51,5427331.187000001,80877067,2018,2018/04/23 04:00:00+00,20,2,FINCH AVE W,SIGNET DR,,Major Arterial,Etobicoke York,7.0,31,43.753218,-79.53622,Intersection,At Intersection,Traffic Signal,Clear,"Dark, artificial",Dry,Fatal,Angle,55 to 59,3,21.0,0,0,1,0,0,0,0,0,1,1,1,0,0,22,Humbermede (22),14547
8000723660,-8854184.538999999,5404230.722999999,81140216,2018,2018/04/23 04:00:00+00,801,8,HORNER  AVE,BETA  ST,25 m West of,Minor Arterial,Etobicoke York,3.0,22,43.603137,-79.538493,Intersection,Intersection Related,No Control,Clear,Daylight,Dry,Non-Fatal Injury,Pedestrian Collisions,25 to 29,2,,1,0,1,0,0,0,0,0,0,0,0,0,0,20,Alderwood (20),14549
8000725279,-8837246.945,5413345.272999999,80937744,2018,2018/04/23 04:00:00+00,1220,12,BAY  ST,GROSVENOR ST,,Major Arterial,Toronto and East York,,52,43.662397999999996,-79.38634,Intersection,At Intersection,Traffic Signal,Clear,Daylight,Dry,Non-Fatal Injury,Pedestrian Collisions,85 to 89,2,,1,0,1,0,0,0,0,0,0,1,0,0,0,76,Bay Street Corridor (76),14551
8000732809,-8828017.668,5423232.237000001,80888886,2018,2018/04/24 04:00:00+00,1401,14,VICTORIA PARK AVE,JONESVILLE CRES,,Major Arterial,North York,,41,43.726615,-79.303432,Intersection,At Intersection,Traffic Signal,Clear,Daylight,Dry,Non-Fatal Injury,Turning Movement,45 to 49,2,,0,0,1,0,0,0,0,0,0,1,0,0,0,119,Wexford/Maryvale (119),14555
8000738388,-8842939.824,5427054.405,80888290,2018,2018/04/25 04:00:00+00,1100,11,VERWOOD AVE,BATHURST ST,,Major Arterial,North York,6.0,32,43.751422,-79.43748000000001,Intersection,At Intersection,Stop Sign,Rain,Daylight,Wet,Non-Fatal Injury,Pedestrian Collisions,unknown,2,,1,0,1,0,0,0,0,0,0,1,0,0,0,38,Lansing-Westgate (38),14557
8000743164,-8844099.105,5412545.289,80935243,2018,2018/04/23 04:00:00+00,2358,23,BLOOR ST W,STERLING RD,2 m North of,Major Arterial,Toronto and East York,9.0,11,43.657199,-79.44789399999999,Intersection,At Intersection,Traffic Signal,Rain,"Dark, artificial",Wet,Non-Fatal Injury,Pedestrian Collisions,70 to 74,2,,1,0,1,0,0,0,0,0,0,1,0,0,0,83,Dufferin Grove (83),14553
8000743389,-8852487.696,5418841.788,80973696,2018,2018/04/26 04:00:00+00,105,1,SCARLETT RD,LAWRENCE AVE W,,Major Arterial,Etobicoke York,2.0,23,43.698107,-79.52325,Intersection,At Intersection,Traffic Signal,Rain,"Dark, artificial",Wet,Non-Fatal Injury,Turning Movement,unknown,2,,0,0,1,0,0,1,0,1,1,1,0,0,0,8,Humber Heights-Westmount (8),14562
8000749115,-8857165.675,5424867.254,81336144,2018,2018/04/26 04:00:00+00,1942,19,ISLINGTON AVE,ALBION RD,,Major Arterial,Etobicoke York,1.0,23,43.737228,-79.565273,Intersection,At Intersection,Traffic Signal,Clear,"Dusk, artificial",Dry,Non-Fatal Injury,Turning Movement,5 to 9,2,,0,0,1,0,0,0,0,1,0,0,0,0,0,3,Thistletown-Beaumond Heights (3),14569
8000757049,-8854420.648,5430137.082,80935741,2018,2018/04/27 04:00:00+00,2300,23,STEELES  AVE W,ROSSDEAN  DR,,Major Arterial,Etobicoke York,7.0,31,43.771421999999994,-79.540614,Intersection,At Intersection,Traffic Signal,Rain,"Dark, artificial",Wet,Non-Fatal Injury,Pedestrian Collisions,60 to 64,2,,1,0,1,0,0,0,0,1,0,0,0,0,0,21,Humber Summit (21),14571
8000781512,-8823452.679,5418747.866,80912091,2018,2018/05/01 04:00:00+00,1905,19,DANFORTH AVE,BIRCHMOUNT RD,180 m East of,Minor Arterial,Scarborough,20.0,41,43.697497,-79.262424,Mid-Block,Non Intersection,No Control,Clear,Daylight,Dry,Non-Fatal Injury,Rear End,50 to 54,2,,0,0,0,1,0,0,0,0,1,1,0,0,0,122,Birchcliffe-Cliffside (122),14125
8000787702,-8810841.405,5434078.09,80943079,2018,2018/05/02 04:00:00+00,1616,16,KINGSTON RD,RYLANDER BLVD,,Major Arterial,Scarborough,25.0,42,43.796981,-79.149135,Intersection,At Intersection,Traffic Signal,Clear,Daylight,Dry,Non-Fatal Injury,Turning Movement,55 to 59,2,,0,0,1,1,0,0,0,0,0,1,0,0,0,133,Centennial Scarborough (133),14144
8000806863,-8824841.277999999,5426746.964,80945992,2018,2018/05/05 04:00:00+00,407,4,LAWRENCE AVE E,KENNEDY RD,,Major Arterial,Scarborough,21.0,41,43.749427000000004,-79.274898,Intersection,At Intersection,Traffic Signal,Clear,"Dark, artificial",Dry,Non-Fatal Injury,Angle,25 to 29,2,,0,0,1,0,0,0,0,1,0,1,0,0,0,126,Dorset Park (126),14274
8000810853,-8847431.787999999,5420320.9520000005,80917077,2018,2018/05/05 04:00:00+00,1803,18,KEELE  ST,LAWRENCE  AVE W,77 m South of,Major Arterial,Etobicoke York,5.0,12,43.707713,-79.47783199999999,Mid-Block,Non Intersection,Stop Sign,Clear,Daylight,Dry,Non-Fatal Injury,Pedestrian Collisions,80 to 84,2,,1,0,1,0,0,0,0,0,0,0,0,0,0,30,Brookhaven-Amesbury (30),14278
8000812418,-8820035.059,5430898.6620000005,80888715,2018,2018/05/05 04:00:00+00,2215,22,MARKHAM RD,ELLESMERE RD,7 m West of,Major Arterial,Scarborough,24.0,43,43.776362,-79.231723,Intersection,At Intersection,Traffic Signal,Clear,"Dark, artificial",Dry,Non-Fatal Injury,Turning Movement,80 to 84,2,,0,0,1,0,0,0,0,1,0,1,0,0,0,137,Woburn (137),14296
8000824301,-8829956.631000001,5416650.117000001,81143894,2018,2018/05/07 04:00:00+00,1746,17,DANFORTH  AVE,WOODINGTON AVE,1 m West of,Major Arterial,Toronto and East York,19.0,54,43.683871,-79.32085,Intersection,At Intersection,Traffic Signal,Clear,Daylight,Dry,Non-Fatal Injury,Pedestrian Collisions,75 to 79,2,,1,0,1,0,0,0,0,0,0,1,0,0,0,64,Woodbine Corridor (64),14298
8000825405,-8835738.677000001,5411842.609,80942292,2018,2018/05/07 04:00:00+00,2050,20,JARVIS ST,RICHMOND ST E,30 m North of,Major Arterial,Toronto and East York,13.0,51,43.652632000000004,-79.372791,Intersection,Intersection Related,Traffic Signal,Clear,"Dark, artificial",Dry,Non-Fatal Injury,Pedestrian Collisions,unknown,2,,1,0,1,0,0,0,0,0,0,0,0,0,0,73,Moss Park (73),14300
8000832716,-8839935.867,5428354.244,80911191,2018,2018/05/08 04:00:00+00,2140,21,YONGE ST,ANNDALE DR,,Major Arterial,North York,18.0,32,43.759856,-79.410495,Intersection,At Intersection,Traffic Signal,Clear,"Dark, artificial",Dry,Non-Fatal Injury,Sideswipe,55 to 59,2,,0,0,1,0,0,0,0,0,0,0,0,0,0,51,Willowdale East (51),14302
8000842221,-8836378.987,5412482.357999999,80975888,2018,2018/05/10 04:00:00+00,955,9,111 BOND ST,,75 m North of,Local,Toronto and East York,13.0,51,43.65679,-79.37854300000001,Mid-Block,Non Intersection,No Control,Clear,Daylight,Dry,Non-Fatal Injury,Pedestrian Collisions,55 to 59,2,,1,0,1,0,0,0,0,0,0,0,0,0,0,75,Church-Yonge Corridor (75),14304
8000845725,-8829436.769,5413810.155,80944131,2018,2018/05/10 04:00:00+00,1845,18,EASTERN AVE,COXWELL AVE,,Minor Arterial,Toronto and East York,,55,43.665419,-79.31618,Intersection,At Intersection,Traffic Signal,Clear,Daylight,Dry,Non-Fatal Injury,Turning Movement,40 to 44,2,,0,0,1,1,0,0,0,0,0,1,0,0,0,63,The Beaches (63),14306
8000847454,-8859931.853,5428400.021000001,80943343,2018,2018/05/11 04:00:00+00,209,2,2955 KIPLING AVE,,23 m North of,Local,Etobicoke York,1.0,23,43.760153,-79.590122,Mid-Block,At/Near Private Drive,No Control,Clear,Dark,Dry,Non-Fatal Injury,SMV Other,35 to 39,2,,0,0,1,0,0,0,0,1,1,1,0,0,0,2,Mount Olive-Silverstone-Jamestown (2),14308
8000874551,-8839007.574,5422988.387999999,80877083,2018,2018/05/15 04:00:00+00,935,9,YONGE ST,LAWRENCE AVE E,,Major Arterial,North York,,32,43.725032,-79.402156,Intersection,At Intersection,Traffic Signal,,Daylight,,Fatal,Pedestrian Collisions,85 to 89,3,24.0,1,0,1,0,0,0,0,0,0,1,0,0,0,103,Lawrence Park South (103),14310
8000877104,-8845322.172,5409546.926,80941373,2018,2018/05/15 04:00:00+00,1558,15,LAKE SHORE BV W,COLBORNE LODGE DR,,Major Arterial,Toronto and East York,4.0,11,43.637709,-79.458881,Intersection,At Intersection,Traffic Signal,Clear,Daylight,Dry,Fatal,Cyclist Collisions,35 to 39,3,30.0,0,1,1,0,0,0,0,0,0,1,1,0,0,85,South Parkdale (85),14312
8000879182,-8851332.645,5403595.542,80877079,2018,2018/05/15 04:00:00+00,2237,22,LAKE SHORE BLVD W,THIRTEENTH ST,,Major Arterial,Etobicoke York,3.0,22,43.599005,-79.512874,Intersection,Intersection Related,No Control,,Dark,,Fatal,Sideswipe,unknown,3,23.0,0,0,1,0,0,0,0,1,1,1,0,1,0,18,New Toronto (18),14315
8000879667,-8835786.21,5412000.004,80942712,2018,2018/05/16 04:00:00+00,55,5,QUEEN ST E,JARVIS  ST,,Major Arterial,Toronto and East York,13.0,51,43.653655,-79.37321800000001,Intersection,At Intersection,Traffic Signal,Clear,"Dark, artificial",Dry,Non-Fatal Injury,Cyclist Collisions,55 to 59,2,,0,1,0,0,0,1,0,0,0,0,0,0,0,73,Moss Park (73),14317
8000880741,-8831451.318,5413914.645,80943473,2018,2018/05/16 04:00:00+00,800,8,JONES AVE,DUNDAS ST E,,Minor Arterial,Toronto and East York,14.0,55,43.666098,-79.334277,Intersection,At Intersection,Traffic Signal,Clear,Daylight,Dry,Fatal,Cyclist Collisions,50 to 54,3,25.0,0,1,0,0,1,0,0,0,0,1,0,0,0,70,South Riverdale (70),14319
8000903951,-8848811.927000001,5406184.194,81134410,2018,2018/05/19 04:00:00+00,1550,15,STANLEY  AVE,VICTOR AVE,18 m West of,Local,Etobicoke York,3.0,22,43.615843,-79.49023000000001,Intersection,At/Near Private Drive,No Control,Clear,Daylight,Dry,Non-Fatal Injury,Pedestrian Collisions,5 to 9,2,,1,0,1,0,0,0,0,1,0,0,0,0,0,17,Mimico (includes Humber Bay Shores) (17),14323
8000909501,-8820514.067,5436359.831,80941839,2018,2018/05/20 04:00:00+00,1434,14,TAPSCOTT RD,FINCH  AVE E,297 m South of,Minor Arterial,Scarborough,23.0,42,43.811774,-79.236026,Mid-Block,Non Intersection,No Control,Clear,Daylight,Dry,Non-Fatal Injury,SMV Other,40 to 44,2,,0,0,1,0,0,0,0,0,1,1,0,0,0,132,Malvern (132),14324
8000911603,-8830104.352,5437329.121,80943372,2018,2018/05/20 04:00:00+00,2117,21,WINTERMUTE BLVD,SANDYHOOK  SQ,,Collector,Scarborough,22.0,42,43.818057,-79.322177,Intersection,At Intersection,No Control,Clear,"Dusk, artificial",Dry,Non-Fatal Injury,Pedestrian Collisions,80 to 84,2,,1,0,1,0,0,0,0,0,0,1,0,0,0,116,Steeles (116),14327
8000912175,-8843059.603,5424729.515,80943471,2018,2018/05/20 04:00:00+00,2307,23,364 WILSON AVE,VULCAN ST,,Major Arterial,North York,6.0,32,43.736334,-79.438556,Mid-Block,Non Intersection,No Control,Clear,"Dark, artificial",Dry,Fatal,Approaching,unknown,3,26.0,0,0,1,0,0,0,0,1,1,1,0,0,0,33,Clanton Park (33),14332
8000916945,-8862696.25,5427635.719,80941868,2018,2018/05/21 04:00:00+00,2020,20,STEELES AVE W,HIGHWAY 27  S,50 m West of,Major Arterial,Etobicoke York,1.0,23,43.755194,-79.61495500000001,Mid-Block,Non Intersection,No Control,Clear,"Dark, artificial",Dry,Non-Fatal Injury,Rear End,45 to 49,2,,0,0,1,0,0,0,0,1,1,1,0,0,0,1,West Humber-Clairville (1),14340
8000921444,-8834939.402999999,5431411.607000001,80942989,2018,2018/05/22 04:00:00+00,1325,13,4800 LESLIE  ST,,60 m West of,Major Arterial,North York,17.0,33,43.779689000000005,-79.365611,Mid-Block,Non Intersection,No Control,Clear,"Daylight, artificial",Dry,Non-Fatal Injury,Pedestrian Collisions,70 to 74,2,,1,0,1,0,0,0,0,1,0,0,0,0,0,47,Don Valley Village (47),14343
8000922403,-8844687.762,5412784.092,80943246,2018,2018/05/22 04:00:00+00,1552,15,DUNDAS  ST W,CHELSEA  AVE,73 m North of,Minor Arterial,Toronto and East York,4.0,11,43.658751,-79.453182,Mid-Block,Non Intersection,No Control,Clear,Daylight,Dry,Non-Fatal Injury,Cyclist Collisions,65 to 69,2,,0,1,1,0,0,0,0,1,0,0,0,0,0,88,High Park North (88),14346
8000931824,-8822510.805,5419530.834,80944047,2018,2018/05/23 04:00:00+00,2325,23,KINGSTON RD,DANFORTH AVE,8 m South of,Major Arterial,Scarborough,20.0,41,43.702582,-79.253963,Mid-Block,Non Intersection,No Control,Clear,"Dark, artificial",Dry,Non-Fatal Injury,SMV Other,25 to 29,2,,0,0,0,1,0,0,0,0,0,0,0,0,0,122,Birchcliffe-Cliffside (122),14347
8000954337,-8841552.894,5416059.951,80943885,2018,2018/05/27 04:00:00+00,1010,10,BENSON  AVE,CHRISTIE  ST,10 m West of,Minor Arterial,Toronto and East York,12.0,13,43.680037,-79.425021,Intersection,Intersection Related,No Control,Clear,Daylight,Dry,Non-Fatal Injury,Pedestrian Collisions,85 to 89,2,,1,0,1,0,0,0,0,0,0,0,0,0,0,94,Wychwood (94),14349
8000956490,-8837170.58,5414129.0139999995,80943631,2018,2018/05/27 04:00:00+00,1700,17,YONGE  ST,ISABELLA  ST,,Major Arterial,Toronto and East York,13.0,51,43.667491,-79.385654,Intersection,Intersection Related,No Control,Clear,Daylight,Dry,Non-Fatal Injury,Turning Movement,50 to 54,2,,0,0,1,1,0,0,0,0,0,1,0,0,0,75,Church-Yonge Corridor (75),14351
8000957140,-8819836.354,5439915.988,80943797,2018,2018/05/27 04:00:00+00,1907,19,STAINES  RD,HEPATICA ST,,Collector,Scarborough,23.0,42,43.834821999999996,-79.229938,Intersection,At Intersection,Stop Sign,Clear,Daylight,Dry,Non-Fatal Injury,Pedestrian Collisions,65 to 69,2,,1,0,1,0,0,0,0,0,0,1,0,0,0,131,Rouge (131),14353
8000967424,-8828420.2,5438179.551,80944445,2018,2018/05/29 04:00:00+00,934,9,STEELES AVE E,KENNEDY RD,,Major Arterial,Scarborough,22.0,42,43.823569,-79.307048,Intersection,Intersection Related,No Control,Clear,Daylight,Dry,Fatal,Other,80 to 84,3,29.0,0,0,0,0,0,1,0,1,0,0,0,0,0,130,Milliken (130),14355
8000970456,-8834923.262,5410680.62,80943570,2018,2018/05/29 04:00:00+00,1700,17,QUEENS QUAY  E,DOCKSIDE DR,,Minor Arterial,Toronto and East York,10.0,51,43.645078999999996,-79.365466,Intersection,At Intersection,Traffic Signal,Clear,Daylight,Dry,Non-Fatal Injury,Cyclist Collisions,35 to 39,2,,0,1,1,0,0,0,0,0,0,1,0,0,0,77,Waterfront Communities-The Island (77),14357
8000973371,-8858484.589,5419929.657000001,80943990,2018,2018/05/30 04:00:00+00,329,3,MARTIN GROVE RD,VULCAN ST,,Major Arterial,Etobicoke York,1.0,23,43.705172,-79.57712099999999,Intersection,At Intersection,Traffic Signal,,Dark,,Fatal,Turning Movement,50 to 54,3,27.0,0,0,0,1,1,0,0,0,1,1,0,0,0,1,West Humber-Clairville (1),14359
8000979295,-8828949.301,5416570.225,80944298,2018,2018/05/30 04:00:00+00,2103,21,WOODBINE  AVE,MERRILL AVE E,,Major Arterial,Toronto and East York,19.0,55,43.683352,-79.311801,Intersection,At Intersection,No Control,Clear,"Dark, artificial",Dry,Non-Fatal Injury,Cyclist Collisions,30 to 34,2,,0,1,1,0,0,0,0,0,0,0,0,0,0,62,East End-Danforth (62),14361
8000981318,-8848309.097000001,5411167.2129999995,80944171,2018,2018/05/31 04:00:00+00,755,7,BLOOR ST W,SOUTH KINGSWAY,,Major Arterial,Toronto and East York,4.0,11,43.648241999999996,-79.485713,Intersection,At Intersection,Traffic Signal,Clear,Daylight,Dry,Non-Fatal Injury,Pedestrian Collisions,35 to 39,2,,1,0,0,0,1,0,0,0,0,0,0,0,0,87,High Park-Swansea (87),14363
8000986648,-8814966.46,5429661.357000001,80944035,2018,2018/05/31 04:00:00+00,2054,20,LAWRENCE AVE E,MORNINGSIDE AVE,,Major Arterial,Scarborough,,43,43.768336,-79.18619100000001,Intersection,Intersection Related,No Control,Clear,Daylight,Wet,Non-Fatal Injury,Pedestrian Collisions,40 to 44,2,,1,0,1,0,0,0,0,1,0,0,0,0,0,136,West Hill (136),14367
8001000021,-8841315.116,5411394.289,80944355,2018,2018/06/02 04:00:00+00,1845,18,BADEN ST,LAKEVIEW AVE,8 m East of,Local,Toronto and East York,9.0,14,43.649718,-79.422885,Intersection,Intersection Related,Stop Sign,Clear,Daylight,Dry,Non-Fatal Injury,Pedestrian Collisions,55 to 59,2,,1,0,1,0,0,0,0,0,0,1,0,0,0,81,Trinity-Bellwoods (81),14369
8001000138,-8841790.784,5408440.438999999,80944446,2018,2018/06/02 04:00:00+00,1903,19,LAKE SHORE BLVD W,BRITISH COLUMBIA RD,,Major Arterial,North York,10.0,14,43.630515,-79.42715799999999,Mid-Block,Non Intersection,No Control,Clear,Daylight,Dry,Fatal,Approaching,55 to 59,3,28.0,0,0,1,1,0,0,0,0,0,0,0,0,0,82,Niagara (82),14373
8001004322,-8819940.883,5433846.292,81240869,2018,2018/06/03 04:00:00+00,1235,12,SHEPPARD AVE E,GATEFORTH DR,49 m West of,Major Arterial,Scarborough,23.0,42,43.795478,-79.230877,Mid-Block,Non Intersection,No Control,Clear,Daylight,Dry,Non-Fatal Injury,Rear End,55 to 59,2,,0,0,1,1,0,0,0,1,0,1,0,0,0,132,Malvern (132),14375
8001005899,-8839835.68,5427823.897999999,80944317,2018,2018/06/03 04:00:00+00,1730,17,YONGE ST,FRANKLIN AVE,10 m East of,Major Arterial,North York,18.0,32,43.756415000000004,-79.409595,Intersection,Intersection Related,No Control,Clear,Daylight,Dry,Non-Fatal Injury,SMV Other,85 to 89,2,,0,0,1,0,0,0,0,0,0,0,0,0,1,51,Willowdale East (51),14111