ACCNUM,X,Y,Index_,YEAR,DATE,TIME,HOUR,STREET1,STREET2,OFFSET,ROAD_CLASS,District,WardNum,Division,LATITUDE,LONGITUDE,LOCCOORD,ACCLOC,TRAFFCTL,VISIBILITY,LIGHT,RDSFCOND,ACCLASS,IMPACTYPE,INVAGE,INJURY,FATAL_NO,PEDESTRIAN,CYCLIST,AUTOMOBILE,MOTORCYCLE,TRUCK,TRSN_CITY_VEH,EMERG_VEH,PASSENGER,SPEEDING,AG_DRIV,REDLIGHT,ALCOHOL,DISABILITY,Hood_ID,Neighbourhood,ObjectId
8001397714,-8851078.725,5418830.7020000005,80948206,2018,2018/07/31 04:00:00+00,150,1,WESTON RD,WRIGHT AVE,50 m South of,Minor Arterial,Etobicoke York,5.0,12,43.698035,-79.510593,Mid-Block,At/Near Private Drive,No Control,Clear,"Dark, artificial",Dry,Non-Fatal Injury,SMV Unattended Vehicle,unknown,2,,0,0,1,1,0,0,0,0,1,1,0,0,0,113,Weston (113),14439
8001410781,-8851578.884,5426376.507999999,81239119,2018,2018/08/01 04:00:00+00,2100,21,JANE ST,GRANDRAVINE DR,,Major Arterial,Etobicoke York,7.0,31,43.747023,-79.515086,Intersection,Intersection Related,Traffic Signal,Clear,"Dark, artificial",Dry,Non-Fatal Injury,Pedestrian Collisions,65 to 69,2,,1,0,1,0,0,0,0,0,0,0,0,0,0,25,Glenfield-Jane Heights (25),14441
8001423637,-8831374.953,5434232.1620000005,80948320,2018,2018/08/03 04:00:00+00,1653,16,MORECAMBE GT,VICTORIA PARK AVE,,Major Arterial,North York,,42,43.797979999999995,-79.333591,Intersection,At Intersection,Traffic Signal,Clear,Daylight,Dry,Non-Fatal Injury,Pedestrian Collisions,50 to 54,2,,1,0,1,0,0,0,0,0,0,1,0,0,0,117,L'Amoreaux (117),14445
8001425154,-8833566.945,5430481.635,80948376,2018,2018/08/03 04:00:00+00,2127,21,SHEPPARD AVE E,SHAUGHNESSY BLVD,10 m North of,Major Arterial,North York,17.0,33,43.773657,-79.353282,Intersection,At Intersection,Traffic Signal,Clear,"Dark, artificial",Dry,Non-Fatal Injury,Pedestrian Collisions,45 to 49,2,,1,0,1,0,0,0,0,0,0,1,0,0,0,53,Henry Farm (53),14447
8001429448,-8820006.227,5436912.42,80948248,2018,2018/08/04 04:00:00+00,1425,14,FINCHDENE SQ,FINCH AVE E,16 m North of,Minor Arterial,Scarborough,23.0,42,43.815356,-79.231464,Intersection,At Intersection,Traffic Signal,Clear,Daylight,Dry,Non-Fatal Injury,SMV Other,20 to 24,2,,0,0,0,1,0,0,0,0,0,0,0,0,0,132,Malvern (132),14448
8001431981,-8845025.728,5415873.242000001,80949870,2018,2018/08/04 04:00:00+00,2137,21,123 CALEDONIA  RD,,50 m North of,Minor Arterial,Toronto and East York,9.0,13,43.678824,-79.456218,Mid-Block,At/Near Private Drive,No Control,Clear,"Dark, artificial",Dry,Non-Fatal Injury,Pedestrian Collisions,55 to 59,2,,1,0,1,0,0,0,0,1,0,0,0,0,0,92,Corso Italia-Davenport (92),14451
8001440552,-8822602.532,5420084.109,80950058,2018,2018/08/06 04:00:00+00,914,9,CLAREMORE AVE,CRAIGLEE DR,,Local,Scarborough,20.0,41,43.706175,-79.254787,Intersection,At Intersection,Stop Sign,Clear,Daylight,Dry,Fatal,Pedestrian Collisions,80 to 84,3,42.0,1,0,1,0,0,0,0,0,0,0,0,0,0,122,Birchcliffe-Cliffside (122),14453
8001441387,-8842605.197,5410045.765,80948468,2018,2018/08/06 04:00:00+00,1207,12,QUEEN ST W,DUNN AVE,,Major Arterial,Toronto and East York,4.0,11,43.640952,-79.434474,Intersection,At Intersection,Traffic Signal,Clear,Daylight,Dry,Non-Fatal Injury,Pedestrian Collisions,65 to 69,2,,1,0,0,0,1,0,0,1,0,0,0,0,0,85,South Parkdale (85),14456
8001446568,-8842039.582999999,5413142.155,80948445,2018,2018/08/07 04:00:00+00,900,9,DOVERCOURT RD,BLOOR ST W,,Major Arterial,Toronto and East York,9.0,14,43.661078,-79.429393,Intersection,At Intersection,Traffic Signal,Clear,Daylight,Dry,Non-Fatal Injury,Turning Movement,50 to 54,2,,0,0,1,1,0,0,0,0,0,0,0,0,0,80,Palmerston-Little Italy (80),14458
8001453091,-8839963.92,5410787.536,80948543,2018,2018/08/08 04:00:00+00,244,2,QUEEN ST W,BELLWOODS AVE,10 m West of,Major Arterial,Toronto and East York,10.0,14,43.645773999999996,-79.410747,Intersection,Intersection Related,No Control,Rain,"Dark, artificial",Wet,Non-Fatal Injury,Pedestrian Collisions,50 to 54,2,,1,0,0,0,0,0,1,1,0,0,0,0,0,82,Niagara (82),14462
8001460468,-8812567.97,5432227.877,80948662,2018,2018/08/09 04:00:00+00,50,5,HIGHWAY 2A  W,HIGHLAND CREEK OVERPASS,600 m East,Expressway,Scarborough,25.0,43,43.784983000000004,-79.164645,Mid-Block,Non Intersection,No Control,Clear,Dark,Dry,Fatal,Pedestrian Collisions,55 to 59,3,40.0,1,0,1,0,0,0,0,0,0,0,0,0,0,133,Centennial Scarborough (133),14465
8001463987,-8856538.835,5421173.357000001,80948823,2018,2018/08/09 04:00:00+00,1415,14,REXDALE  BLVD,BERGAMOT AVE,,Major Arterial,Etobicoke York,1.0,23,43.713248,-79.55964200000001,Intersection,At Intersection,Traffic Signal,Clear,Daylight,Dry,Non-Fatal Injury,Turning Movement,70 to 74,2,,0,0,1,0,0,0,0,0,0,1,0,0,0,1,West Humber-Clairville (1),14467
8001469544,-8827411.2,5415871.549,80948768,2018,2018/08/10 04:00:00+00,1038,10,KINGSTON  RD,SOUTHWOOD DR,,Major Arterial,Toronto and East York,19.0,55,43.678813,-79.297984,Intersection,At Intersection,Traffic Signal,Clear,Daylight,Dry,Non-Fatal Injury,Pedestrian Collisions,20 to 24,2,,1,0,1,0,0,0,0,0,0,1,0,0,0,63,The Beaches (63),14469
8001473575,-8820859.714,5429513.681,80948664,2018,2018/08/10 04:00:00+00,2055,20,BELLAMY RD N,BRIMORTON DR,,Minor Arterial,Scarborough,24.0,43,43.767378,-79.239131,Intersection,At Intersection,Traffic Signal,Clear,Daylight,Dry,Fatal,Angle,70 to 74,3,41.0,0,0,1,1,0,0,0,0,0,1,1,0,0,137,Woburn (137),14471
8001478093,-8851170.453,5416653.041,80948888,2018,2018/08/11 04:00:00+00,1420,14,EGLINTON AVE W,SCARLETT RD,,Major Arterial,Etobicoke York,2.0,23,43.683890000000005,-79.51141700000001,Intersection,At Intersection,Traffic Signal,Clear,Daylight,Dry,Non-Fatal Injury,Pedestrian Collisions,45 to 49,2,,1,0,1,0,0,0,0,1,0,1,0,0,0,8,Humber Heights-Westmount (8),14477
8001481293,-8844091.535,5417549.753,80949011,2018,2018/08/12 04:00:00+00,26,2,DUFFERIN ST,GIBSON ST,60 m South of,Major Arterial,Toronto and East York,,13,43.689715,-79.447826,Mid-Block,Non Intersection,No Control,Clear,"Dark, artificial",Dry,Non-Fatal Injury,Approaching,30 to 34,2,,0,0,1,1,0,0,0,1,1,1,0,0,0,107,Oakwood Village (107),14137
8001484332,-8844876.226,5417385.337,80948976,2018,2018/08/12 04:00:00+00,1430,14,CHUDLEIGH RD,HARVIE AVE,,Local,Toronto and East York,9.0,13,43.688646999999996,-79.454875,Intersection,At Intersection,Stop Sign,Clear,Daylight,Dry,Non-Fatal Injury,Cyclist Collisions,30 to 34,2,,0,1,1,0,0,0,0,0,0,0,0,0,0,109,Caledonia-Fairbank (109),14156
8001489549,-8848877.271,5422805.544,80949373,2018,2018/08/13 04:00:00+00,1039,10,PETHERHILL AVE,WILSON AVE,85 m South of,Pending,North York,6.0,31,43.723845000000004,-79.490817,Mid-Block,Non Intersection,No Control,Clear,Daylight,Dry,Non-Fatal Injury,SMV Unattended Vehicle,50 to 54,2,,0,0,1,0,0,0,0,1,0,1,0,0,0,26,Downsview-Roding-CFB (26),14171
8001494074,-8850785.733,5403905.2870000005,80948666,2018,2018/08/13 04:00:00+00,2301,23,NINTH ST,TENTH ST,,Local,Etobicoke York,3.0,22,43.60102,-79.507961,Intersection,Intersection Related,No Control,Clear,Dark,Dry,Non-Fatal Injury,Pedestrian Collisions,45 to 49,2,,1,0,1,0,0,0,0,0,0,0,0,0,0,18,New Toronto (18),14181
8001498021,-8853503.487,5420551.794,80948930,2018,2018/08/14 04:00:00+00,1443,14,KNOB HILL DR,OAK ST,120 m North of,Collector,Etobicoke York,5.0,12,43.709212,-79.532375,Mid-Block,Non Intersection,No Control,Clear,Daylight,Dry,Non-Fatal Injury,Turning Movement,40 to 44,2,,0,0,1,0,0,0,0,0,1,1,0,0,0,113,Weston (113),14279
8001506875,-8842546.643,5412391.424,80949451,2018,2018/08/15 04:00:00+00,1914,19,DUFFERIN ST,DUFFERIN PARK AVE,100 m South of,Major Arterial,Toronto and East York,9.0,14,43.656199,-79.433948,Mid-Block,Non Intersection,No Control,Clear,Daylight,Dry,Non-Fatal Injury,SMV Other,70 to 74,2,,0,0,1,0,0,0,0,0,0,0,0,0,1,83,Dufferin Grove (83),14282
8001512528,-8833244.23,5421995.961,80950060,2018,2018/08/16 04:00:00+00,1555,15,LESLIE ST,EGLINTON AVE E,,Major Arterial,North York,,33,43.718589,-79.350383,Intersection,Intersection Related,Stop Sign,Clear,Daylight,Dry,Fatal,Turning Movement,unknown,3,43.0,0,0,1,0,1,0,0,0,0,0,0,0,0,42,Banbury-Don Mills (42),14377
8001518550,-8837373.515,5411529.829,80949251,2018,2018/08/17 04:00:00+00,1410,14,QUEEN  ST W,SIMCOE  ST,12 m East of,Major Arterial,Toronto and East York,10.0,52,43.650599,-79.387477,Intersection,Intersection Related,No Control,Clear,Daylight,Wet,Non-Fatal Injury,SMV Other,50 to 54,2,,0,0,0,1,0,0,0,0,0,1,0,0,0,76,Bay Street Corridor (76),14379
8001522708,-8832129.922,5410286.35,81163350,2018,2018/08/18 04:00:00+00,223,2,315 UNWIN AVE,,365 m East of REGATTA ROAD,Local,Scarborough,14.0,55,43.642516,-79.340373,Mid-Block,Non Intersection,No Control,Clear,"Dark, artificial",Wet,Non-Fatal Injury,Pedestrian Collisions,25 to 29,2,,1,0,1,0,0,0,0,1,0,0,0,0,0,70,South Riverdale (70),14395
8001529236,-8829660.299,5416750.021000001,81336621,2018,2018/08/19 04:00:00+00,459,4,DANFORTH AVE,ROSEHEATH AVE,,Major Arterial,Toronto and East York,19.0,54,43.68452,-79.318188,Intersection,At Intersection,Stop Sign,Clear,"Dark, artificial",Dry,Non-Fatal Injury,Turning Movement,35 to 39,2,,0,0,1,0,0,0,0,1,0,0,0,0,0,66,Danforth (66),14572
8001531985,-8838890.354,5411776.2979999995,80949214,2018,2018/08/19 04:00:00+00,1543,15,DUNDAS ST W,AUGUSTA  AVE,,Major Arterial,Toronto and East York,,14,43.652201,-79.401103,Intersection,Intersection Related,No Control,Clear,Daylight,Dry,Non-Fatal Injury,Cyclist Collisions,65 to 69,2,,0,1,1,0,0,0,0,1,0,0,0,0,0,78,Kensington-Chinatown (78),14664
8001538973,-8855435.659,5417180.436000001,80949471,2018,2018/08/20 04:00:00+00,1616,16,THE WESTWAY,WINCOTT DR,,Minor Arterial,Etobicoke York,2.0,23,43.687315999999996,-79.54973199999999,Intersection,At Intersection,Traffic Signal,Clear,Daylight,Dry,Non-Fatal Injury,Angle,55 to 59,2,,0,0,1,0,0,1,0,1,1,1,1,0,0,7,Willowridge-Martingrove-Richview (7),14669
8001540104,-8830012.625,5419042.722,80949255,2018,2018/08/20 04:00:00+00,1918,19,O CONNOR  DR,WOODMOUNT AVE,,Major Arterial,Toronto and East York,19.0,54,43.699412,-79.321353,Intersection,Intersection Related,No Control,Clear,Daylight,Dry,Non-Fatal Injury,Pedestrian Collisions,85 to 89,2,,1,0,0,0,0,1,0,0,0,0,0,0,0,58,Old East York (58),14672
8001542376,-8849284.144,5431701.472,80949322,2018,2018/08/21 04:00:00+00,630,6,KEELE STREET,STEELES AVENUE WEST,,Major Arterial,North York,,31,43.781569,-79.494472,Intersection,At Intersection,Traffic Signal,Clear,"Dawn, artificial",Dry,Non-Fatal Injury,Pedestrian Collisions,unknown,2,,1,0,1,0,0,0,0,0,0,1,0,0,0,27,York University Heights (27),14674
8001547811,-8839064.457999999,5414027.446,80949577,2018,2018/08/21 04:00:00+00,2300,23,BLOOR ST W,MADISON AVE,,Major Arterial,Toronto and East York,11.0,53,43.666831,-79.40266700000001,Intersection,At Intersection,No Control,Clear,"Dark, artificial",Dry,Non-Fatal Injury,Turning Movement,30 to 34,2,,0,0,1,0,0,0,0,1,0,0,0,0,0,79,University (79),14677
8001547856,-8849928.795,5422213.29,80949460,2018,2018/08/21 04:00:00+00,2311,23,109 DOWNSVIEW  AVE,,,Local,North York,6.0,31,43.72,-79.500263,Mid-Block,Non Intersection,No Control,Rain,"Dark, artificial",Wet,Non-Fatal Injury,SMV Other,15 to 19,2,,0,0,1,0,0,0,0,0,1,1,0,0,0,26,Downsview-Roding-CFB (26),14678
8001556477,-8841646.402,5418388.97,80949885,2018,2018/08/23 04:00:00+00,909,9,WARWICK AV,CHILTERN HILL RD,25 m East of,Local,Toronto and East York,12.0,13,43.695166,-79.425861,Mid-Block,Non Intersection,No Control,Clear,Daylight,Dry,Non-Fatal Injury,Rear End,unknown,2,,0,0,1,1,0,0,0,0,0,1,0,0,0,106,Humewood-Cedarvale (106),14680
8001558608,-8851797.181,5427571.143999999,80971888,2018,2018/08/23 04:00:00+00,1455,14,FIRGROVE CRES,JANE ST,13 m East of,Major Arterial,Etobicoke York,7.0,31,43.754775,-79.51704699999999,Intersection,At Intersection,Traffic Signal,Clear,Daylight,Dry,Non-Fatal Injury,Pedestrian Collisions,70 to 74,2,,1,0,1,0,0,0,0,0,0,1,0,0,0,25,Glenfield-Jane Heights (25),14682
8001561276,-8851199.396,5406563.835,81336666,2018,2018/08/23 04:00:00+00,2235,22,ISLINGTON AVE,EVANS AVE,31 m West of,Major Arterial,Etobicoke York,3.0,22,43.618312,-79.511677,Intersection,Intersection Related,Traffic Signal,Clear,"Dark, artificial",Dry,Non-Fatal Injury,Turning Movement,85 to 89,2,,0,0,1,0,0,0,0,1,0,0,0,0,0,17,Mimico (includes Humber Bay Shores) (17),14687
8001565696,-8815642.502999999,5429089.781,80950017,2018,2018/08/24 04:00:00+00,1520,15,4331 KINGSTON RD,,5 m South of,Major Arterial,Scarborough,24.0,43,43.764628,-79.192264,Mid-Block,Non Intersection,No Control,Clear,Daylight,Dry,Non-Fatal Injury,Pedestrian Collisions,55 to 59,2,,1,0,1,0,0,0,0,0,0,0,0,0,0,136,West Hill (136),14689
8001570901,-8857780.492999999,5417827.482000001,80949855,2018,2018/08/25 04:00:00+00,1100,11,DIXON RD,MARTIN GROVE RD,,Major Arterial,Etobicoke York,,23,43.691519,-79.570796,Intersection,At Intersection,Traffic Signal,Clear,Daylight,Dry,Non-Fatal Injury,Turning Movement,40 to 44,2,,0,0,1,0,0,0,0,0,0,1,0,0,0,1,West Humber-Clairville (1),14691
8001571012,-8840662.895,5432365.574,80949776,2018,2018/08/25 04:00:00+00,1112,11,5825 YONGE  ST,,,Major Arterial,North York,18.0,32,43.785876,-79.417026,Mid-Block,At/Near Private Drive,No Control,Clear,Daylight,Dry,Non-Fatal Injury,Other,unknown,2,,0,0,1,0,0,1,0,1,0,0,0,0,0,50,Newtonbrook East (50),14700
8001574808,-8852565.843,5419711.765,80951003,2018,2018/08/25 04:00:00+00,2300,23,CHURCH ST,CROSS ST,,Collector,Etobicoke York,5.0,12,43.703757,-79.52395200000001,Intersection,At Intersection,No Control,Clear,"Dark, artificial",Dry,Non-Fatal Injury,Cyclist Collisions,45 to 49,2,,0,1,1,0,0,0,0,0,0,0,0,0,0,113,Weston (113),14702
8001595104,-8845646.557,5412820.558999999,80950424,2018,2018/08/28 04:00:00+00,2341,23,KEELE  ST,GLENLAKE  AVE,81 m North of,Major Arterial,Toronto and East York,4.0,11,43.658988,-79.461795,Mid-Block,Non Intersection,No Control,Clear,"Dark, artificial",Dry,Non-Fatal Injury,Pedestrian Collisions,70 to 74,2,,1,0,1,0,0,0,0,0,0,0,0,0,0,88,High Park North (88),14704
8001595420,-8826774.23,5421145.1729999995,80950451,2018,2018/08/29 04:00:00+00,115,1,PHARMACY AVE,DORINE CRES,37 m North of,Minor Arterial,Scarborough,20.0,41,43.713065,-79.292262,Mid-Block,Non Intersection,No Control,Clear,"Dark, artificial",Dry,Non-Fatal Injury,SMV Other,20 to 24,2,,0,0,1,0,0,0,0,1,1,1,0,0,0,120,Clairlea-Birchmount (120),14706
8001600081,-8853566.271,5413959.272000001,80949865,2018,2018/08/29 04:00:00+00,1725,17,ISLINGTON AV,AYLESBURY RD,,Major Arterial,Etobicoke York,2.0,22,43.666388,-79.532939,Intersection,At Intersection,Stop Sign,Clear,Daylight,Dry,Non-Fatal Injury,Pedestrian Collisions,unknown,2,,1,0,0,1,0,0,0,0,0,0,0,0,0,9,Edenbridge-Humber Valley (9),14708
8001610788,-8828401.609,5415260.347,81239025,2018,2018/08/31 04:00:00+00,852,8,330 KINGSTON RD,HAYWORTH CRESCENT,,Major Arterial,Toronto and East York,19.0,55,43.674842,-79.306881,Mid-Block,Non Intersection,No Control,Clear,Daylight,Dry,Non-Fatal Injury,Rear End,70 to 74,2,,0,0,1,0,0,0,0,0,0,0,0,0,1,63,The Beaches (63),14710
8001610872,-8852856.275,5416402.901000001,80950281,2018,2018/08/31 04:00:00+00,911,9,EGLINTON AVE W,ROYAL YORK RD,,Major Arterial,Etobicoke York,2.0,23,43.682265,-79.526561,Intersection,At Intersection,Traffic Signal,Clear,Daylight,Dry,Non-Fatal Injury,Turning Movement,85 to 89,2,,0,0,1,1,0,0,0,0,0,1,0,0,0,9,Edenbridge-Humber Valley (9),14712
8001616700,-8848518.934,5426774.549,81239048,2018,2018/09/01 04:00:00+00,319,3,KEELE ST,DOVEHOUSE AV,59 m North of,Major Arterial,North York,6.0,31,43.749606,-79.48759799999999,Mid-Block,Non Intersection,No Control,Clear,"Dark, artificial",Dry,Non-Fatal Injury,Approaching,25 to 29,2,,0,0,1,0,0,0,0,1,0,1,0,1,0,27,York University Heights (27),14714
8001625092,-8843935.242,5413999.746,80950262,2018,2018/09/02 04:00:00+00,1346,13,DUPONT ST,LANSDOWNE AVE,,Major Arterial,Toronto and East York,9.0,11,43.666651,-79.446422,Intersection,At Intersection,Traffic Signal,Clear,Daylight,Dry,Non-Fatal Injury,Turning Movement,55 to 59,2,,0,0,1,0,0,0,0,0,1,1,0,0,0,93,Dovercourt-Wallace Emerson-Junction (93),14716
8001626185,-8822197.44,5440179.267000001,80950102,2018,2018/09/02 04:00:00+00,1712,17,MARKHAM RD,STEELES AVE E,8 m South of,Major Arterial,Scarborough,23.0,42,43.836528,-79.251148,Intersection,Intersection Related,Traffic Signal,Clear,"Daylight, artificial",Wet,Non-Fatal Injury,Rear End,40 to 44,2,,0,0,1,0,0,0,0,0,0,0,0,0,0,131,Rouge (131),14720
8001631452,-8839448.399,5418934.017000001,80950202,2018,2018/09/03 04:00:00+00,1522,15,AVENUE RD,CHAPLIN CRES,,Major Arterial,Toronto and East York,12.0,53,43.698706,-79.406116,Intersection,At Intersection,Traffic Signal,Clear,Daylight,Dry,Non-Fatal Injury,Angle,60 to 64,2,,0,0,1,0,0,0,0,1,0,1,1,0,0,100,Yonge-Eglinton (100),14723
8001632520,-8815587.288999999,5435118.863,80950391,2018,2018/09/03 04:00:00+00,1902,19,SHEPPARD AVE E,CONLINS  RD,300 m East of,Major Arterial,Scarborough,25.0,42,43.803729,-79.19176800000001,Mid-Block,Non Intersection,No Control,Clear,Daylight,Dry,Non-Fatal Injury,SMV Other,45 to 49,2,,0,0,0,1,0,0,0,0,0,0,0,0,0,131,Rouge (131),14724
8001644149,-8852755.197,5403649.035,80950061,2018,2018/09/05 04:00:00+00,1405,14,TWENTY SIXTH ST,LABURNHAM AVE,17 meters south,Local,Etobicoke York,3.0,22,43.599353,-79.525653,Mid-Block,Non Intersection,No Control,Clear,Daylight,Dry,Fatal,Pedestrian Collisions,unknown,3,44.0,1,0,0,0,1,0,0,0,0,0,0,0,0,19,Long Branch (19),14726
8001644533,-8845633.866,5414319.688999999,80950310,2018,2018/09/05 04:00:00+00,1500,15,OLD WESTON RD,JUNCTION RD,,Collector,Etobicoke York,,11,43.66873,-79.461681,Intersection,Intersection Related,No Control,Clear,Daylight,Dry,Non-Fatal Injury,Pedestrian Collisions,80 to 84,2,,1,0,1,0,0,0,0,0,0,1,0,0,0,91,Weston-Pellam Park (91),14728
8001647335,-8856737.54,5426508.878,80951056,2018,2018/09/05 04:00:00+00,2218,22,2592 FINCH AVE W,,100 m East of,Major Arterial,Etobicoke York,7.0,31,43.747882000000004,-79.561427,Mid-Block,Non Intersection,No Control,Clear,"Dark, artificial",Dry,Non-Fatal Injury,Angle,40 to 44,2,,0,0,1,0,0,0,0,1,0,1,0,0,0,22,Humbermede (22),14731
8001649781,-8836656.729,5424740.762,80950996,2018,2018/09/06 04:00:00+00,1027,10,POST RD,BAYVIEW AVE,60 m East of,Collector,North York,15.0,33,43.736407,-79.381038,Mid-Block,At/Near Private Drive,No Control,Clear,Daylight,Dry,Non-Fatal Injury,Rear End,65 to 69,2,,0,0,1,1,0,0,0,0,0,0,0,0,0,41,Bridle Path-Sunnybrook-York Mills (41),14733
8001650518,-8843247.287999999,5414263.978999999,80971877,2018,2018/09/06 04:00:00+00,1225,12,DUPONT ST,DUFFERIN ST,100 m West of,Major Arterial,Toronto and East York,9.0,11,43.668368,-79.440242,Mid-Block,Non Intersection,No Control,Clear,Daylight,Dry,Non-Fatal Injury,Turning Movement,30 to 34,2,,0,0,1,1,0,0,0,0,0,1,0,0,0,93,Dovercourt-Wallace Emerson-Junction (93),14734
8001650785,-8845370.596,5423860.913,80951040,2018,2018/09/06 04:00:00+00,1310,13,ANTHONY RD,NAJIB ABBOUD LANE,,Local,North York,6.0,32,43.730696,-79.459316,Intersection,At Intersection,No Control,Clear,Daylight,Dry,Non-Fatal Injury,Cyclist Collisions,45 to 49,2,,0,1,1,0,0,0,0,1,0,0,0,0,0,26,Downsview-Roding-CFB (26),14136
8001653005,-8841559.684,5413283.106000001,80972439,2018,2018/08/02 04:00:00+00,1300,13,BLOOR ST W,OSSINGTON AVE,50 m East of,Major Arterial,Toronto and East York,11.0,14,43.661994,-79.42508199999999,Mid-Block,Non Intersection,No Control,Clear,Daylight,Dry,Non-Fatal Injury,Cyclist Collisions,unknown,2,,0,1,1,0,0,0,0,0,0,1,0,0,0,80,Palmerston-Little Italy (80),14443
8001655857,-8832867.97,5430694.0770000005,80950739,2018,2018/09/07 04:00:00+00,729,7,DON MILLS RD,SHEPPARD AVE E,,Major Arterial,North York,17.0,33,43.775034999999995,-79.347003,Intersection,At Intersection,Traffic Signal,Clear,Daylight,Dry,Non-Fatal Injury,Pedestrian Collisions,55 to 59,2,,1,0,1,0,0,0,0,0,0,0,0,0,0,53,Henry Farm (53),14158
8001667999,-8833030.162,5412840.409,80950973,2018,2018/09/08 04:00:00+00,2317,23,QUEEN ST E,GRANT ST,30 m East of,Minor Arterial,Toronto and East York,14.0,55,43.659116999999995,-79.34846,Intersection,Intersection Related,No Control,Clear,"Dark, artificial",Dry,Non-Fatal Injury,Pedestrian Collisions,40 to 44,2,,1,0,0,0,0,1,0,0,0,0,0,0,0,70,South Riverdale (70),14178
8001668494,-8845787.599,5426884.579,81270095,2018,2018/09/09 04:00:00+00,105,1,1035 SHEPPARD AVE W,BANTING AV,20 m West of,Major Arterial,North York,6.0,32,43.75032,-79.463062,Mid-Block,Non Intersection,Stop Sign,Clear,"Dark, artificial",Dry,Non-Fatal Injury,Pedestrian Collisions,unknown,2,,1,0,1,0,0,0,0,0,0,0,0,0,0,27,York University Heights (27),14378
8001672359,-8821827.192,5438245.59,81336701,2018,2018/09/09 04:00:00+00,1823,18,MARKHAM RD,MCNICOLL AVE,75 m North of,Major Arterial,Scarborough,23.0,42,43.823997,-79.247822,Mid-Block,Non Intersection,Traffic Signal,Clear,Daylight,Dry,Non-Fatal Injury,Pedestrian Collisions,70 to 74,2,,1,0,1,0,0,0,0,0,0,0,0,0,0,131,Rouge (131),14408
8001677447,-8850880.799,5407577.366,80950846,2018,2018/09/10 04:00:00+00,1455,14,THE QUEENSWAY,LOMA RD,,Major Arterial,Etobicoke York,3.0,22,43.624903,-79.508815,Intersection,Intersection Related,Stop Sign,Rain,Daylight,Wet,Non-Fatal Injury,Pedestrian Collisions,80 to 84,2,,1,0,1,0,0,0,0,0,0,1,0,0,0,16,Stonegate-Queensway (16),14574
8001679287,-8823411.936,5437636.297,80950663,2018,2018/09/10 04:00:00+00,1957,19,MIDDLEFIELD RD,MCNICOLL AVE,1 m North of,Minor Arterial,Scarborough,23.0,42,43.820048,-79.262058,Intersection,At Intersection,Traffic Signal,Rain,"Dusk, artificial",Wet,Non-Fatal Injury,Cyclist Collisions,55 to 59,2,,0,1,1,0,0,0,0,0,0,0,0,0,0,130,Milliken (130),14577
8001683748,-8843998.138,5410064.07,81110848,2018,2018/09/11 04:00:00+00,1339,13,RONCESVALLES AVE,MARION ST,7 m North of,Minor Arterial,Toronto and East York,4.0,11,43.641071000000004,-79.446987,,Laneway,No Control,Clear,Daylight,Dry,Non-Fatal Injury,SMV Other,75 to 79,2,,0,0,0,0,0,1,0,1,0,0,0,0,0,86,Roncesvalles (86),14580
8001685122,-8850353.367999999,5403888.223999999,80950560,2018,2018/09/11 04:00:00+00,1708,17,LAKE SHORE BLVD W,SIXTH ST,,Major Arterial,Etobicoke York,3.0,22,43.600909,-79.504077,Intersection,Non Intersection,No Control,Clear,Daylight,Dry,Fatal,Pedestrian Collisions,70 to 74,3,45.0,1,0,1,0,0,0,0,0,0,0,0,0,0,18,New Toronto (18),14582
8001686841,-8838081.062,5412024.621,81141508,2018,2018/09/11 04:00:00+00,2200,22,DUNDAS ST W,BEVERLEY ST,,Major Arterial,Toronto and East York,,52,43.653815,-79.393833,Intersection,At Intersection,Traffic Signal,Clear,"Dark, artificial",Dry,Non-Fatal Injury,Angle,50 to 54,2,,0,0,1,0,0,0,0,1,0,1,0,0,0,78,Kensington-Chinatown (78),14585
8001689735,-8832812.755,5424744.922,80950729,2018,2018/09/12 04:00:00+00,1115,11,LAWRENCE AVE E,THE DONWAY  W,,Major Arterial,North York,16.0,33,43.736434,-79.34650699999999,Intersection,At Intersection,Traffic Signal,Clear,Daylight,Dry,Non-Fatal Injury,Pedestrian Collisions,80 to 84,2,,1,0,1,0,0,0,0,0,0,1,1,0,0,42,Banbury-Don Mills (42),14588
8001690114,-8843897.06,5416900.262999999,80950787,2018,2018/09/12 04:00:00+00,1205,12,DUFFERIN ST,ROGERS RD,,Major Arterial,Toronto and East York,,13,43.685496,-79.446079,Intersection,At Intersection,Traffic Signal,Clear,Daylight,Dry,Non-Fatal Injury,Pedestrian Collisions,70 to 74,2,,1,0,1,0,1,0,0,0,0,1,1,0,0,107,Oakwood Village (107),14593
8001693998,-8822314.548,5430611.751,80972688,2018,2018/09/12 04:00:00+00,2300,23,MCCOWAN RD,TOWN CENTRE CRT,,Major Arterial,Scarborough,,43,43.774501,-79.2522,Intersection,At Intersection,Traffic Signal,Clear,"Dark, artificial",Dry,Non-Fatal Injury,Pedestrian Collisions,50 to 54,2,,1,0,1,0,0,0,0,0,0,0,0,0,0,137,Woburn (137),14595