ACCNUM,X,Y,Index_,YEAR,DATE,TIME,HOUR,STREET1,STREET2,OFFSET,ROAD_CLASS,District,WardNum,Division,LATITUDE,LONGITUDE,LOCCOORD,ACCLOC,TRAFFCTL,VISIBILITY,LIGHT,RDSFCOND,ACCLASS,IMPACTYPE,INVAGE,INJURY,FATAL_NO,PEDESTRIAN,CYCLIST,AUTOMOBILE,MOTORCYCLE,TRUCK,TRSN_CITY_VEH,EMERG_VEH,PASSENGER,SPEEDING,AG_DRIV,REDLIGHT,ALCOHOL,DISABILITY,Hood_ID,Neighbourhood,ObjectId
8001708273,-8843014.63,5413964.043,81125291,2018,2018/09/15 04:00:00+00,50,5,DUFFERIN ST,LAPPIN AV,8 m East of,Major Arterial,Toronto and East York,9.0,14,43.666419,-79.438152,Mid-Block,Non Intersection,No Control,Clear,"Dark, artificial",Dry,Non-Fatal Injury,Cyclist Collisions,45 to 49,2,,0,1,1,0,0,0,0,0,0,0,0,0,0,93,Dovercourt-Wallace Emerson-Junction (93),14598
8001708692,-8845254.156,5411503.367000001,80950563,2018,2018/09/15 04:00:00+00,240,2,PARKSIDE DR,INDIAN VALLEY CRES,34 meters south,Major Arterial,Toronto and East York,4.0,11,43.650427,-79.45827,Mid-Block,Non Intersection,No Control,Clear,Dark,Dry,Fatal,Approaching,unknown,3,46.0,0,0,1,1,0,0,0,1,0,0,0,0,0,87,High Park-Swansea (87),14601
8001711357,-8843312.743999999,5415812.751,81139196,2018,2018/09/15 04:00:00+00,1400,14,ST CLAIR AV W,NORTHCLIFFE BV,,Major Arterial,Toronto and East York,9.0,13,43.678430999999996,-79.44083,Intersection,At Intersection,Traffic Signal,Clear,Daylight,Dry,Non-Fatal Injury,Pedestrian Collisions,65 to 69,2,,1,0,1,0,0,0,0,0,0,0,0,0,0,92,Corso Italia-Davenport (92),14605
8001712147,-8856216.12,5418304.444,81072167,2018,2018/09/15 04:00:00+00,1625,16,DIXON RD,KIPLING AVE,200 m East of,Major Arterial,Etobicoke York,,23,43.694617,-79.55674300000001,Mid-Block,At/Near Private Drive,No Control,Clear,Daylight,Dry,Non-Fatal Injury,Turning Movement,60 to 64,2,,0,0,1,1,0,0,0,0,0,1,0,0,0,6,Kingsview Village-The Westway (6),14607
8001713771,-8835829.514,5412148.477000001,80972084,2018,2018/09/15 04:00:00+00,2130,21,JARVIS ST,QUEEN STREET EAST,100 m North of,Major Arterial,Toronto and East York,13.0,51,43.65462,-79.37360699999999,Mid-Block,Non Intersection,No Control,Clear,"Dark, artificial",Dry,Non-Fatal Injury,Turning Movement,55 to 59,2,,0,0,1,1,0,0,0,0,0,1,0,0,0,73,Moss Park (73),14609
8001715339,-8811001.148,5432620.311000001,81131650,2018,2018/09/16 04:00:00+00,408,4,LAWSON RD,ST MAGNUS DR,60 m West of,Collector,Scarborough,25.0,43,43.787528,-79.15057,Mid-Block,Non Intersection,No Control,Clear,"Dark, artificial",Dry,Non-Fatal Injury,SMV Other,unknown,2,,0,0,1,0,0,0,0,1,0,0,0,0,0,133,Centennial Scarborough (133),14612
8001716162,-8839639.423,5431979.165,81074992,2018,2018/09/16 04:00:00+00,936,9,WILLOWDALE AVE,BISHOP AVE,10 m North of,Minor Arterial,North York,18.0,32,43.78337,-79.407832,Intersection,At Intersection,Traffic Signal,Clear,Daylight,Dry,Non-Fatal Injury,Angle,55 to 59,2,,0,0,1,0,0,0,0,1,0,1,1,0,0,50,Newtonbrook East (50),14616
8001717185,-8847265.365,5413817.232999999,81110860,2018,2018/09/16 04:00:00+00,1329,13,DUNDAS ST W,ST JOHNS PL,52 m West of,Major Arterial,North York,4.0,11,43.665465000000005,-79.476337,Mid-Block,Non Intersection,No Control,Clear,Daylight,Dry,Non-Fatal Injury,Pedestrian Collisions,unknown,2,,1,0,0,0,0,0,0,0,0,0,0,0,0,90,Junction Area (90),14618
8001722145,-8849284.144,5431701.626,81239696,2018,2018/09/17 04:00:00+00,1001,10,STEELES AVE W,KEELE ST,,Major Arterial,Etobicoke York,,31,43.78157,-79.494472,Intersection,At Intersection,Traffic Signal,Clear,Daylight,Dry,Non-Fatal Injury,Cyclist Collisions,55 to 59,2,,0,1,0,0,1,0,0,0,0,0,0,0,0,27,York University Heights (27),14620
8001722956,-8836506.447,5411016.295,80974615,2018,2018/09/17 04:00:00+00,1204,12,BAY ST,WELLINGTON ST W,,Major Arterial,Toronto and East York,,52,43.647261,-79.379688,Intersection,At Intersection,Traffic Signal,Clear,Daylight,Dry,Non-Fatal Injury,Cyclist Collisions,55 to 59,2,,0,1,0,0,0,1,0,0,0,1,0,0,0,76,Bay Street Corridor (76),14622
8001732179,-8846785.467,5416542.055,80951124,2018,2018/09/18 04:00:00+00,1850,18,KEELE ST,AILEEN AVE,,Major Arterial,Etobicoke York,5.0,12,43.683169,-79.472026,Intersection,At Intersection,No Control,Clear,Daylight,Dry,Fatal,Turning Movement,50 to 54,3,47.0,0,0,1,1,0,0,0,0,1,1,0,0,0,110,Keelesdale-Eglinton West (110),14624
8001736723,-8835412.511,5410768.614,81074826,2018,2018/09/19 04:00:00+00,1242,12,F G GARDINER XY  E,LOWER JARVIS ST,338 m West of,Major Arterial,Toronto and East York,10.0,51,43.645651,-79.369861,Mid-Block,Non Intersection,No Control,Clear,Daylight,Dry,Non-Fatal Injury,SMV Other,25 to 29,2,,0,0,0,1,0,0,0,0,1,1,0,1,0,77,Waterfront Communities-The Island (77),14625
8001744519,-8844525.457999999,5419238.887,80971913,2018,2018/09/20 04:00:00+00,1600,16,DUFFERIN ST,CASTLEFIELD AVE,,Major Arterial,North York,8.0,13,43.700686,-79.451724,Intersection,At Intersection,Traffic Signal,Clear,Daylight,Dry,Fatal,Pedestrian Collisions,90 to 94,3,55.0,1,0,1,0,0,0,0,0,0,0,0,0,0,108,Briar Hill-Belgravia (108),14627
8001751421,-8835393.809,5413487.921,80951126,2018,2018/09/21 04:00:00+00,1600,16,NUTHATCH LANE,DOCTOR O LANE,,Laneway,Toronto and East York,13.0,51,43.663325,-79.369693,Intersection,Intersection Related,No Control,Clear,Daylight,Dry,Fatal,Pedestrian Collisions,55 to 59,3,48.0,1,0,1,0,0,0,0,0,0,0,0,0,0,73,Moss Park (73),14629
8001752003,-8861414.629,5421851.95,80971999,2018,2018/09/21 04:00:00+00,1723,17,QUEENS PLATE DR,REXDALE BLVD,150 m South of,Other,Etobicoke York,1.0,23,43.717653999999996,-79.603442,Mid-Block,Non Intersection,No Control,Rain,Daylight,Wet,Non-Fatal Injury,Turning Movement,65 to 69,2,,0,0,1,0,1,0,0,1,0,0,0,0,0,1,West Humber-Clairville (1),14635
8001753831,-8824746.99,5430771.625,80972185,2018,2018/09/21 04:00:00+00,2227,22,2265 MIDLAND  AVE,,3 m West of,Major Arterial,Scarborough,21.0,41,43.775538,-79.274051,Mid-Block,Non Intersection,No Control,Clear,Dark,Dry,Non-Fatal Injury,Pedestrian Collisions,unknown,2,,1,0,1,0,0,0,0,0,0,1,0,0,0,127,Bendale (127),14637
8001758272,-8818423.932,5425830.405,80972080,2018,2018/09/22 04:00:00+00,1635,16,EGLINTON AVE E,MARKHAM RD,100 m East of,Major Arterial,Scarborough,24.0,43,43.743479,-79.21725,Mid-Block,At/Near Private Drive,Stop Sign,Clear,Daylight,Dry,Non-Fatal Injury,Turning Movement,40 to 44,2,,0,0,1,1,0,0,0,0,0,1,0,0,0,139,Scarborough Village (139),14639
8001758367,-8852197.264,5416560.219,80975833,2018,2018/09/22 04:00:00+00,1655,16,EGLINTON AV W,RICHVIEW RD,400 m East of,Major Arterial,Etobicoke York,2.0,23,43.683287,-79.520641,Mid-Block,Non Intersection,Stop Sign,Clear,Daylight,Dry,Non-Fatal Injury,Turning Movement,45 to 49,2,,0,0,1,1,0,0,0,0,0,1,0,0,0,9,Edenbridge-Humber Valley (9),14641
8001764546,-8831236.471,5416271.292,80972041,2018,2018/09/23 04:00:00+00,1735,17,DANFORTH  AVE,GREENWOOD  AVE,28 m East of,Major Arterial,Toronto and East York,14.0,54,43.68141,-79.332347,Intersection,At/Near Private Drive,No Control,Clear,Daylight,Dry,Non-Fatal Injury,Cyclist Collisions,70 to 74,2,,0,1,1,0,0,0,0,0,0,1,0,0,0,65,Greenwood-Coxwell (65),14645
8001765943,-8860849.014,5412323.878,80972404,2018,2018/09/23 04:00:00+00,2228,22,CENTENNIAL PARK BLVD,EGLINTON  AVE W,,Major Arterial,Etobicoke York,2.0,22,43.65576,-79.598361,Intersection,At Intersection,Traffic Signal,Clear,"Dark, artificial",Dry,Non-Fatal Injury,Cyclist Collisions,55 to 59,2,,0,1,1,0,0,0,0,0,0,1,0,0,0,11,Eringate-Centennial-West Deane (11),14647
8001768874,-8832022.163999999,5416055.949,81270391,2018,2018/09/24 04:00:00+00,1143,11,DEWHURST BLVD,DANFORTH AVE,,Major Arterial,Toronto and East York,14.0,54,43.680011,-79.339405,Intersection,At Intersection,Stop Sign,Clear,Daylight,Dry,Non-Fatal Injury,Rear End,45 to 49,2,,0,0,1,0,0,0,0,0,0,0,0,0,0,66,Danforth (66),14649
8001771158,-8836243.956,5411094.907000001,80971826,2018,2018/09/23 04:00:00+00,1430,14,YONGE ST,WELLINGTON  ST E,,Major Arterial,Toronto and East York,13.0,51,43.647771999999996,-79.37733,Intersection,At Intersection,Traffic Signal,Clear,Daylight,Dry,Non-Fatal Injury,Cyclist Collisions,unknown,2,,0,1,1,0,0,0,0,0,0,1,0,0,0,75,Church-Yonge Corridor (75),14643
8001780816,-8837211.322999999,5412232.946,80971859,2018,2018/09/26 04:00:00+00,645,6,DUNDAS ST W,CHESTNUT ST,,Major Arterial,Toronto and East York,,52,43.655169,-79.38602,Intersection,At Intersection,Traffic Signal,Clear,"Dawn, artificial",Dry,Non-Fatal Injury,Pedestrian Collisions,55 to 59,2,,1,0,1,0,0,0,0,0,0,1,0,0,0,76,Bay Street Corridor (76),14651
8001780907,-8821741.364,5422146.289,80972614,2018,2018/09/26 04:00:00+00,709,7,ST CLAIR AVE E,JEANETTE ST,,Minor Arterial,Scarborough,20.0,41,43.719565,-79.247051,Intersection,At Intersection,Traffic Signal,Clear,Daylight,Dry,Fatal,Pedestrian Collisions,unknown,3,49.0,1,0,1,0,0,0,0,0,0,1,1,0,0,123,Cliffcrest (123),14653
8001781427,-8841281.162999999,5415190.471,80972829,2018,2018/09/26 04:00:00+00,900,9,CHRISTIE ST,MELITA AVE,,Minor Arterial,Toronto and East York,12.0,13,43.674388,-79.42258000000001,Intersection,At Intersection,No Control,Clear,Daylight,Dry,Non-Fatal Injury,Cyclist Collisions,35 to 39,2,,0,1,1,0,0,0,0,0,0,0,0,0,0,94,Wychwood (94),14655
8001784875,-8825377.17,5436237.9629999995,80972191,2018,2018/09/26 04:00:00+00,1755,17,BRIMLEY RD,BRIMWOOD  BLVD,,Major Arterial,Scarborough,23.0,42,43.810984000000005,-79.279712,Intersection,At Intersection,Traffic Signal,Clear,Daylight,Dry,Non-Fatal Injury,Cyclist Collisions,45 to 49,2,,0,1,1,0,0,0,0,0,0,0,0,0,0,129,Agincourt North (129),14657
8001785891,-8826800.612,5431803.235,80972617,2018,2018/09/26 04:00:00+00,2053,20,3850 SHEPPARD AVE E,,90 m East of ALLANFORD RD,Major Arterial,Scarborough,22.0,42,43.782229,-79.29249899999999,Mid-Block,Non Intersection,No Control,Clear,"Dark, artificial",Dry,Fatal,Pedestrian Collisions,unknown,3,52.0,1,0,1,0,0,0,0,0,0,1,0,0,0,118,Tam O'Shanter-Sullivan (118),14659
8001794335,-8824724.949,5423872.775,80972183,2018,2018/09/28 04:00:00+00,806,8,EGLINTON AVE E,ROSEMOUNT DR,,Major Arterial,Scarborough,,41,43.730773,-79.273853,Intersection,At Intersection,Traffic Signal,Clear,Daylight,Dry,Non-Fatal Injury,Pedestrian Collisions,unknown,2,,1,0,1,0,0,0,0,0,0,0,0,0,0,125,Ionview (125),14661
8001795037,-8849994.14,5417782.836,80972486,2018,2018/09/28 04:00:00+00,1018,10,1277 JANE ST,WESTON RD,4 m North of,Major Arterial,Etobicoke York,5.0,12,43.691229,-79.50085,Intersection,Intersection Related,Traffic Signal,Clear,Daylight,Dry,Non-Fatal Injury,Pedestrian Collisions,70 to 74,2,,1,0,1,0,0,0,0,0,0,0,0,0,0,115,Mount Dennis (115),15228
8001797776,-8838785.937,5416586.08,80972246,2018,2018/09/28 04:00:00+00,1723,17,AVENUE RD,FARNHAM AVE,4 m West of,Major Arterial,Toronto and East York,12.0,53,43.683455,-79.400165,Intersection,At Intersection,Stop Sign,Clear,Daylight,Dry,Non-Fatal Injury,Turning Movement,50 to 54,2,,0,0,1,0,0,0,0,1,1,1,0,0,0,97,Yonge-St.Clair (97),15537
8001801273,-8830103.572999999,5430446.485,80972287,2018,2018/09/29 04:00:00+00,820,8,ESQUIRE RD,VICTORIA PARK AVE,,Major Arterial,North York,,42,43.773429,-79.32217,Intersection,At Intersection,Stop Sign,Clear,Daylight,Dry,Non-Fatal Injury,Pedestrian Collisions,unknown,2,,1,0,1,0,0,0,0,0,0,1,0,0,0,118,Tam O'Shanter-Sullivan (118),15731
8001803881,-8839184.238,5410882.607999999,80972591,2018,2018/09/29 04:00:00+00,1730,17,161 BATHURST ST,,,Major Arterial,Toronto and East York,10.0,14,43.646392,-79.403743,Intersection,At Intersection,Traffic Signal,Clear,Daylight,Dry,Non-Fatal Injury,Pedestrian Collisions,55 to 59,2,,1,0,1,0,0,0,0,0,0,0,0,0,0,77,Waterfront Communities-The Island (77),15753
8001806381,-8838920.967,5410003.4629999995,80972766,2018,2018/09/30 04:00:00+00,310,3,BATHURST ST,FRONT ST W,,Major Arterial,Toronto and East York,10.0,14,43.640677000000004,-79.40137800000001,Intersection,At Intersection,Traffic Signal,Clear,"Dark, artificial",Dry,Non-Fatal Injury,Pedestrian Collisions,75 to 79,2,,1,0,1,0,0,0,0,0,0,0,0,0,0,77,Waterfront Communities-The Island (77),15821
8001812158,-8831202.519,5437290.86,80972221,2018,2018/10/01 04:00:00+00,600,6,STEELES AVE E,FIREBRACE RD,,Major Arterial,Scarborough,22.0,42,43.817809000000004,-79.332042,Intersection,At Intersection,Traffic Signal,Rain,"Dark, artificial",Wet,Non-Fatal Injury,Sideswipe,unknown,2,,0,0,0,1,0,0,0,0,0,0,0,0,0,116,Steeles (116),15823
8001812203,-8846480.563,5409469.557,80973076,2018,2018/10/01 04:00:00+00,622,6,THE QUEENSWAY,WINDERMERE AVE,,Major Arterial,Toronto and East York,4.0,11,43.637206,-79.469287,Mid-Block,Non Intersection,No Control,Rain,"Daylight, artificial",Wet,Fatal,Pedestrian Collisions,50 to 54,3,50.0,1,0,0,0,0,1,0,0,0,0,0,0,0,87,High Park-Swansea (87),15825
8001832356,-8832469.78,5413597.793,81241263,2018,2018/10/04 04:00:00+00,700,7,DUNDAS ST E,LOGAN AVE,35 m East of,Minor Arterial,Toronto and East York,14.0,55,43.664039,-79.34342600000001,Mid-Block,Non Intersection,No Control,Rain,Dawn,Wet,Non-Fatal Injury,Cyclist Collisions,25 to 29,2,,0,1,1,0,0,0,0,0,0,1,0,0,0,70,South Riverdale (70),15827
8001836170,-8862054.159,5427832.067000001,80973065,2018,2018/10/04 04:00:00+00,1630,16,5690 STEELES AVE W,,425 m East of,Major Arterial,Etobicoke York,1.0,23,43.756468,-79.609187,Mid-Block,Non Intersection,No Control,Clear,Daylight,Dry,Non-Fatal Injury,Pedestrian Collisions,55 to 59,2,,1,0,0,0,1,0,0,0,0,0,0,0,0,1,West Humber-Clairville (1),15829
8001842377,-8829891.175,5415326.067000001,80972996,2018,2018/10/05 04:00:00+00,1515,15,GERRARD ST E,COXWELL AVE,25 m East of,Minor Arterial,Toronto and East York,,55,43.675269,-79.320262,Intersection,Intersection Related,Traffic Signal,Clear,Daylight,Dry,Non-Fatal Injury,SMV Other,30 to 34,2,,0,0,1,0,0,0,0,1,1,1,0,0,0,64,Woodbine Corridor (64),15831
8001843657,-8852136.929,5418420.687000001,80973078,2018,2018/10/05 04:00:00+00,1852,18,708 SCARLETT RD,,LEGGETT AVE,Major Arterial,Etobicoke York,2.0,23,43.695372,-79.520099,Mid-Block,Non Intersection,No Control,Clear,Daylight,Dry,Fatal,Turning Movement,55 to 59,3,51.0,0,0,1,1,0,0,0,0,0,1,0,0,0,8,Humber Heights-Westmount (8),15834
8001845570,-8808888.861,5431556.847,80972658,2018,2018/10/06 04:00:00+00,125,1,LAWRENCE AVE E,EAST AVE,,Collector,Scarborough,25.0,43,43.780631,-79.13159499999999,Intersection,At Intersection,Traffic Signal,Clear,"Dark, artificial",Dry,Non-Fatal Injury,SMV Other,20 to 24,2,,0,0,1,0,0,0,0,1,1,1,0,0,0,131,Rouge (131),15836
8001846413,-8826572.185,5418591.126,80984080,2018,2018/10/06 04:00:00+00,635,6,VICTORIA PARK AVE,CRESCENT TOWN RD,,Major Arterial,Toronto and East York,,41,43.696479,-79.290447,Intersection,At Intersection,Traffic Signal,Rain,"Dawn, artificial",Wet,Non-Fatal Injury,Pedestrian Collisions,70 to 74,2,,1,0,1,0,0,0,0,0,0,0,0,0,0,121,Oakridge (121),15838
8001848907,-8843902.069,5431566.252,80973016,2018,2018/10/06 04:00:00+00,1630,16,ANTIBES DR,ANTIBES DR,15 m East of,Collector,North York,6.0,32,43.780691999999995,-79.446124,Intersection,Intersection Related,No Control,Clear,Daylight,Dry,Non-Fatal Injury,SMV Other,30 to 34,2,,0,0,1,0,0,0,0,0,1,1,0,0,0,35,Westminster-Branson (35),15839
8001849626,-8815914.234,5428675.302,80972684,2018,2018/10/06 04:00:00+00,1850,18,KINGSTON RD,GALLOWAY RD,,Major Arterial,Scarborough,24.0,43,43.761939,-79.194705,Intersection,At Intersection,Traffic Signal,Clear,Daylight,Dry,Non-Fatal Injury,Turning Movement,30 to 34,2,,0,0,1,1,0,0,0,1,1,1,0,0,0,136,West Hill (136),15843
8001851733,-8833411.654,5412377.4229999995,81164409,2018,2018/10/07 04:00:00+00,305,3,DON VALLEY PY N,EASTERN AVE,80 m South of,,Toronto and East York,,55,43.656108,-79.351887,Mid-Block,Non Intersection,No Control,Rain,"Dark, artificial",Wet,Non-Fatal Injury,Sideswipe,25 to 29,2,,0,0,1,0,0,0,0,1,1,1,0,0,0,70,South Riverdale (70),15846
8001856890,-8839463.65,5428749.2870000005,80973079,2018,2018/10/08 04:00:00+00,117,1,SHEPPARD AVE E,BONNINGTON PL,,Major Arterial,North York,18.0,32,43.762419,-79.406253,Mid-Block,Non Intersection,No Control,Clear,"Dark, artificial",Dry,Fatal,Pedestrian Collisions,unknown,3,53.0,1,0,1,0,0,0,0,0,0,0,0,0,0,51,Willowdale East (51),15848
8001860748,-8833306.235,5412747.779,80973081,2018,2018/10/08 04:00:00+00,2015,20,685 QUEEN ST E,,Near #685,Major Arterial,Toronto and East York,14.0,55,43.658515,-79.35094000000001,Intersection,At Intersection,No Control,Clear,"Dusk, artificial",Dry,Fatal,Cyclist Collisions,unknown,3,54.0,0,1,1,0,0,1,0,0,0,0,0,0,0,70,South Riverdale (70),15851
8001870911,-8841291.404,5412113.859,80972831,2018,2018/10/10 04:00:00+00,939,9,OSSINGTON AV,COLLEGE ST,,Major Arterial,Toronto and East York,,14,43.654395,-79.42267199999999,Intersection,Intersection Related,Traffic Signal,Clear,Daylight,Dry,Non-Fatal Injury,Pedestrian Collisions,75 to 79,2,,1,0,1,0,0,0,0,0,0,0,0,0,0,80,Palmerston-Little Italy (80),15853
8001881817,-8847256.793,5411601.522999999,80973254,2018,2018/10/11 04:00:00+00,2009,20,RUNNYMEDE RD,BLOOR ST W,,Major Arterial,Toronto and East York,4.0,11,43.651065,-79.47626,Intersection,At Intersection,Traffic Controller,Clear,"Daylight, artificial",Dry,Non-Fatal Injury,Turning Movement,25 to 29,2,,0,0,1,1,0,0,0,0,0,1,0,0,0,87,High Park-Swansea (87),15855
8001885947,-8826601.907,5416964.302,80973169,2018,2018/10/12 04:00:00+00,1335,13,GERRARD  ST E,LAWLOR AVE,,Minor Arterial,Toronto and East York,19.0,55,43.685912,-79.29071400000001,Intersection,Intersection Related,No Control,Clear,Daylight,Dry,Non-Fatal Injury,Pedestrian Collisions,20 to 24,2,,1,0,1,0,0,0,0,1,1,1,0,0,0,62,East End-Danforth (62),15858
8001891156,-8823438.207,5418051.334,80973146,2018,2018/10/13 04:00:00+00,907,9,BIRCHMOUNT RD,KINGSTON RD,,Major Arterial,Scarborough,20.0,41,43.692972999999995,-79.262294,Intersection,At Intersection,Traffic Signal,Clear,Daylight,Dry,Non-Fatal Injury,Pedestrian Collisions,65 to 69,2,,1,0,1,0,0,0,0,0,0,1,0,0,0,122,Birchcliffe-Cliffside (122),15862
8001903113,-8841103.609,5416444.616,80973908,2018,2018/09/15 04:00:00+00,940,9,555 ST CLAIR AVE W,,2 m South of,Major Arterial,Toronto and East York,12.0,13,43.682536,-79.420985,Mid-Block,Non Intersection,No Control,Rain,Daylight,Wet,Non-Fatal Injury,Pedestrian Collisions,75 to 79,2,,1,0,1,0,0,0,0,0,0,0,0,0,0,94,Wychwood (94),14603
8001903233,-8836829.162999999,5412998.436000001,80973412,2018,2018/10/15 04:00:00+00,1000,10,YONGE  ST,CARLTON ST,132 m South of,Major Arterial,Toronto and East York,,51,43.660144,-79.382587,Mid-Block,Non Intersection,No Control,Clear,Daylight,Wet,Non-Fatal Injury,Pedestrian Collisions,75 to 79,2,,1,0,1,0,0,0,0,0,0,0,0,0,0,75,Church-Yonge Corridor (75),15864
8001918049,-8847256.793,5411601.522999999,80973256,2018,2018/10/12 04:00:00+00,1630,16,BLOOR ST W,RUNNYMEDE RD,,Major Arterial,Toronto and East York,4.0,11,43.651065,-79.47626,Intersection,At Intersection,Traffic Controller,Clear,Daylight,Dry,Non-Fatal Injury,Cyclist Collisions,75 to 79,2,,0,1,1,0,0,0,0,0,0,1,0,0,0,87,High Park-Swansea (87),15860
8001922622,-8843669.411,5409342.199,80976797,2018,2018/10/18 04:00:00+00,840,8,1491 LAKE SHORE BLVD W,,900 m East of,Major Arterial,Toronto and East York,4.0,14,43.636378,-79.444034,Mid-Block,Non Intersection,No Control,Clear,Daylight,Dry,Non-Fatal Injury,Approaching,60 to 64,2,,0,0,1,0,1,0,0,0,1,1,0,0,0,85,South Parkdale (85),15866
8001923925,-8841687.145,5413483.15,80973936,2018,2018/10/18 04:00:00+00,1217,12,OSSINGTON AVE,NORTHUMBERLAND ST,,Minor Arterial,Toronto and East York,,14,43.663294,-79.426227,Mid-Block,Non Intersection,No Control,Clear,Daylight,Dry,Fatal,Pedestrian Collisions,Over 95,3,56.0,1,0,1,0,0,0,0,0,0,1,0,0,0,93,Dovercourt-Wallace Emerson-Junction (93),15868
8001927322,-8832721.919,5431392.181,80973213,2018,2018/10/18 04:00:00+00,2208,22,GODSTONE  RD,FAIRVIEW MALL  DR,,Minor Arterial,North York,17.0,33,43.779563,-79.345691,Intersection,At Intersection,Traffic Signal,Clear,"Dark, artificial",Dry,Non-Fatal Injury,Pedestrian Collisions,50 to 54,2,,1,0,1,0,0,0,0,0,0,0,0,0,0,47,Don Valley Village (47),15870
8001928612,-8841776.312,5420352.675,80973718,2018,2018/10/19 04:00:00+00,630,6,BATHURST ST,BRIAR HILL AVE,11 m North of,Major Arterial,North York,8.0,53,43.707919,-79.427028,Intersection,At Intersection,Traffic Signal,Clear,"Dark, artificial",Dry,Non-Fatal Injury,Pedestrian Collisions,30 to 34,2,,1,0,1,0,0,0,0,0,0,0,0,0,0,102,Forest Hill North (102),15872
8001932871,-8842467.606,5409541.081,80973730,2018,2018/10/19 04:00:00+00,1844,18,KING  ST W,DUNN AVE,,Major Arterial,Toronto and East York,4.0,14,43.637671000000005,-79.433238,Intersection,At Intersection,Traffic Signal,Clear,"Dark, artificial",Dry,Non-Fatal Injury,Pedestrian Collisions,65 to 69,2,,1,0,1,0,0,0,0,1,0,0,0,0,0,85,South Parkdale (85),15875
8001933015,-8824415.815,5429586.748,81070598,2018,2018/10/19 04:00:00+00,1904,19,ELLESMERE RD,MIDLAND  AVE,9 m East of,Major Arterial,Scarborough,21.0,41,43.767852000000005,-79.27107600000001,Intersection,At Intersection,Traffic Signal,Clear,"Dark, artificial",Dry,Non-Fatal Injury,Pedestrian Collisions,30 to 34,2,,1,0,1,0,0,0,0,0,0,0,0,0,0,127,Bendale (127),15877
8001943043,-8836926.011,5410283.427,81164305,2018,2018/10/21 04:00:00+00,1213,12,BREMNER BV,LOWER SIMCOE ST,44 m East of,Minor Arterial,Toronto and East York,10.0,52,43.642497,-79.38345699999999,Mid-Block,Non Intersection,No Control,Clear,Daylight,Dry,Non-Fatal Injury,Turning Movement,45 to 49,2,,0,0,1,1,0,0,0,0,0,1,0,0,0,77,Waterfront Communities-The Island (77),15879
8001947521,-8826796.382000001,5421203.851,80973618,2018,2018/10/22 04:00:00+00,755,7,PHARMACY  AVE,CAMILLA CRES,,Minor Arterial,Scarborough,20.0,41,43.713446000000005,-79.292461,Intersection,At Intersection,No Control,Clear,Daylight,Dry,Non-Fatal Injury,Pedestrian Collisions,50 to 54,2,,1,0,1,0,0,0,0,1,0,0,0,0,0,120,Clairlea-Birchmount (120),15882
8001951781,-8848327.798,5413831.391,80973691,2018,2018/10/22 04:00:00+00,1840,18,DUNDAS ST W,WINDERMERE AVE,7 m West of,Major Arterial,Toronto and East York,4.0,11,43.665557,-79.485881,Intersection,At/Near Private Drive,No Control,Clear,"Dark, artificial",Dry,Non-Fatal Injury,Pedestrian Collisions,75 to 79,2,,1,0,0,0,1,0,0,0,0,1,0,0,0,89,Runnymede-Bloor West Village (89),15884
8001961813,-8829790.988,5425475.5479999995,80974270,2018,2018/10/24 04:00:00+00,1026,10,1315 LAWRENCE AV E,RAILSIDE DRIVE,300 m East of,Major Arterial,North York,16.0,33,43.741176,-79.319362,Mid-Block,Non Intersection,No Control,Clear,Daylight,Dry,Non-Fatal Injury,SMV Other,unknown,2,,0,0,1,0,0,0,0,0,1,1,0,0,0,45,Parkwoods-Donalda (45),15886
8001963580,-8843873.237,5421301.494,80973689,2018,2018/10/24 04:00:00+00,1455,14,MARLEE AVE,DELL PARK AVE,,Minor Arterial,North York,8.0,13,43.714079999999996,-79.445865,Intersection,Intersection Related,No Control,Clear,Daylight,Dry,Non-Fatal Injury,Cyclist Collisions,30 to 34,2,,0,1,1,0,0,0,0,0,0,1,0,0,0,31,Yorkdale-Glen Park (31),15888
8001966302,-8837275.109,5411227.674,81270442,2018,2018/10/24 04:00:00+00,2238,22,SIMCOE ST,ADELAIDE ST W,,Major Arterial,Toronto and East York,10.0,52,43.648635,-79.386593,Intersection,At Intersection,Traffic Signal,Clear,"Dark, artificial",Dry,Non-Fatal Injury,Pedestrian Collisions,35 to 39,2,,1,0,1,0,0,0,0,1,0,0,0,0,0,76,Bay Street Corridor (76),15891
8001972538,-8838927.758,5431723.212,80974090,2018,2018/10/25 04:00:00+00,2020,20,WILFRED AVE,OLIVE AVE,20 m North of,Collector,North York,18.0,32,43.78171,-79.401439,Intersection,Intersection Related,No Control,Clear,"Dark, artificial",Dry,Non-Fatal Injury,Pedestrian Collisions,unknown,2,,1,0,0,0,0,0,0,0,0,0,0,0,0,51,Willowdale East (51),15893