ACCNUM,X,Y,Index_,YEAR,DATE,TIME,HOUR,STREET1,STREET2,OFFSET,ROAD_CLASS,District,WardNum,Division,LATITUDE,LONGITUDE,LOCCOORD,ACCLOC,TRAFFCTL,VISIBILITY,LIGHT,RDSFCOND,ACCLASS,IMPACTYPE,INVAGE,INJURY,FATAL_NO,PEDESTRIAN,CYCLIST,AUTOMOBILE,MOTORCYCLE,TRUCK,TRSN_CITY_VEH,EMERG_VEH,PASSENGER,SPEEDING,AG_DRIV,REDLIGHT,ALCOHOL,DISABILITY,Hood_ID,Neighbourhood,ObjectId
8001972979,-8855141.776,5404663.477000001,80974208,2018,2018/10/25 04:00:00+00,2209,22,BROWNS LINE,VALERMO DR,,Major Arterial,Etobicoke York,3.0,22,43.605952,-79.547092,Intersection,At Intersection,Traffic Signal,Clear,"Dark, artificial",Dry,Non-Fatal Injury,Turning Movement,50 to 54,2,,0,0,1,1,0,0,0,1,0,1,0,0,0,20,Alderwood (20),15896
8001975971,-8834184.434,5415458.741,80975181,2018,2018/10/26 04:00:00+00,1157,11,DANFORTH  AVE,BROADVIEW AVE,12 m East of,Major Arterial,Toronto and East York,14.0,54,43.676131,-79.358829,Intersection,Intersection Related,Traffic Signal,Clear,Daylight,Dry,Non-Fatal Injury,Other,unknown,2,,0,0,1,0,0,0,0,0,0,0,0,0,0,68,North Riverdale (68),15898
8001993193,-8845781.587000001,5415048.26,80974186,2018,2018/10/29 04:00:00+00,535,5,ST CLAIR AVE W,OLD WESTON RD,,Major Arterial,Toronto and East York,9.0,12,43.673464,-79.463008,Intersection,At Intersection,Traffic Signal,Clear,"Dark, artificial",Dry,Non-Fatal Injury,Pedestrian Collisions,30 to 34,2,,1,0,1,0,0,0,0,0,0,1,0,0,0,91,Weston-Pellam Park (91),15900
8002001180,-8830351.482,5437561.007,80974030,2018,2018/10/30 04:00:00+00,1037,10,STEELES AVE E,WARDEN AVE,,Major Arterial,Scarborough,22.0,42,43.819559999999996,-79.32439699999999,Intersection,At Intersection,Traffic Signal,Clear,Daylight,Dry,Non-Fatal Injury,Cyclist Collisions,80 to 84,2,,0,1,1,0,0,0,0,0,0,0,0,0,0,116,Steeles (116),15902
8002006621,-8831798.746,5412189.557,80974941,2018,2018/10/31 04:00:00+00,609,6,CARLAW AVE,LAKE SHORE BLVD E,,Major Arterial,Toronto and East York,14.0,55,43.654887,-79.337398,Intersection,At Intersection,Traffic Signal,Rain,"Dark, artificial",Wet,Non-Fatal Injury,Pedestrian Collisions,30 to 34,2,,1,0,1,0,0,0,0,0,0,1,0,0,0,70,South Riverdale (70),15904
8002006909,-8835538.191,5412702.541,80974068,2018,2018/10/31 04:00:00+00,727,7,DUNDAS  ST E,SHERBOURNE ST,17 m West of,Major Arterial,Toronto and East York,13.0,51,43.658221000000005,-79.37099,Intersection,Intersection Related,No Control,Rain,Dark,Wet,Non-Fatal Injury,Pedestrian Collisions,40 to 44,2,,1,0,1,0,0,0,0,0,0,1,0,0,0,73,Moss Park (73),15906
8002008114,-8843847.745,5409432.026000001,80974347,2018,2018/10/31 04:00:00+00,1100,11,1491 LAKE SHORE BLVD,,25 m West of,Major Arterial,Toronto and East York,4.0,14,43.636962,-79.445636,Mid-Block,Non Intersection,No Control,Rain,"Daylight, artificial",Wet,Non-Fatal Injury,Sideswipe,40 to 44,2,,0,0,1,0,0,0,0,1,0,0,0,0,0,85,South Parkdale (85),15909
8002016979,-8840536.324,5422666.296,80975003,2018,2018/11/01 04:00:00+00,1712,17,AVENUE RD,GLENGARRY AVE,,Major Arterial,North York,8.0,32,43.722941,-79.415889,Intersection,Intersection Related,No Control,Rain,Dark,Dry,Fatal,Rear End,unknown,3,57.0,0,0,1,0,0,1,0,1,0,0,0,0,0,39,Bedford Park-Nortown (39),15910
8002017467,-8828188.321,5417204.451,81142730,2018,2018/11/01 04:00:00+00,1835,18,DANFORTH AVE,WESTLAKE AV,,Major Arterial,North York,19.0,54,43.687472,-79.304965,Intersection,Intersection Related,Traffic Signal,Rain,"Dark, artificial",Wet,Non-Fatal Injury,Pedestrian Collisions,75 to 79,2,,1,0,1,0,0,0,0,1,0,0,0,0,0,62,East End-Danforth (62),15013
8002018204,-8859445.163999999,5426965.6389999995,80975445,2018,2018/11/01 04:00:00+00,2043,20,KIPLING  AVE,ANNABELLE  DR,,Major Arterial,Etobicoke York,1.0,23,43.750846,-79.58575,Intersection,At Intersection,Traffic Signal,Clear,Dark,Dry,Fatal,Pedestrian Collisions,90 to 94,3,59.0,1,0,1,0,0,0,0,0,0,0,0,0,0,2,Mount Olive-Silverstone-Jamestown (2),15221
8002018629,-8847417.316,5423459.609,80974830,2018,2018/11/01 04:00:00+00,2215,22,WILSON AVE,DUBRAY  AVE,,Major Arterial,North York,6.0,31,43.728091,-79.47770200000001,Intersection,At Intersection,Traffic Signal,Rain,"Daylight, artificial",Wet,Non-Fatal Injury,Turning Movement,50 to 54,2,,0,0,1,0,0,0,0,0,0,0,0,0,0,26,Downsview-Roding-CFB (26),15329
8002018661,-8863480.273,5426353.7020000005,81337026,2018,2018/11/01 04:00:00+00,2222,22,ALBION RD,HUMBERLINE DR,1 m South of,Major Arterial,Etobicoke York,1.0,23,43.746875,-79.621998,Mid-Block,Non Intersection,Traffic Signal,Rain,Dark,Wet,Non-Fatal Injury,Pedestrian Collisions,50 to 54,2,,1,0,1,0,0,0,0,0,0,0,0,0,0,1,West Humber-Clairville (1),15432
8002024697,-8831528.685,5435202.925,80974895,2018,2018/11/02 04:00:00+00,1940,19,MCNICOLL AVE,VICTORIA PARK AVE,100 m East of,Minor Arterial,Scarborough,22.0,42,43.804274,-79.334972,Mid-Block,Non Intersection,No Control,Clear,"Dark, artificial",Wet,Non-Fatal Injury,SMV Other,30 to 34,2,,0,0,1,0,0,0,0,0,0,0,0,0,0,116,Steeles (116),15434
8002039812,-8827080.915,5430559.951,80974777,2018,2018/11/05 05:00:00+00,912,9,BIRCHMOUNT RD,ALLANFORD RD,,Major Arterial,Scarborough,22.0,42,43.774165,-79.295017,Intersection,At Intersection,Traffic Signal,Rain,Daylight,Wet,Non-Fatal Injury,Pedestrian Collisions,75 to 79,2,,1,0,1,0,0,0,0,0,0,0,0,0,0,118,Tam O'Shanter-Sullivan (118),15535
8002043584,-8844604.495,5419711.149,80974755,2018,2018/11/05 05:00:00+00,1855,18,DUFFERIN  ST,WINGOLD  AVE,15 m South of,Major Arterial,North York,8.0,13,43.703753000000006,-79.452434,Intersection,Intersection Related,No Control,Clear,"Dark, artificial",Wet,Non-Fatal Injury,Pedestrian Collisions,70 to 74,2,,1,0,1,0,0,0,0,0,0,0,0,0,0,31,Yorkdale-Glen Park (31),15540
8002051381,-8847786.006000001,5432173.293,80976595,2018,2018/11/06 05:00:00+00,2315,23,STEELES AVE W,ALNESS ST,,Major Arterial,North York,6.0,32,43.784628999999995,-79.481014,Intersection,At Intersection,Traffic Signal,Rain,"Dark, artificial",Wet,Non-Fatal Injury,Cyclist Collisions,20 to 24,2,,0,1,1,0,0,0,0,0,0,0,0,0,0,27,York University Heights (27),15542
8002056791,-8823016.083999999,5436357.517000001,80974779,2018,2018/11/07 05:00:00+00,1850,18,MIDDLEFIELD RD,ARBOR LOW  GT,20 m North of,Minor Arterial,Scarborough,23.0,42,43.811759,-79.25850200000001,Intersection,Intersection Related,No Control,Clear,"Dark, artificial",Dry,Non-Fatal Injury,Pedestrian Collisions,80 to 84,2,,1,0,1,0,0,0,0,0,0,0,0,0,0,130,Milliken (130),15544
8002061586,-8852946.332999999,5416683.058999999,80975221,2018,2018/11/08 05:00:00+00,1400,14,LA ROSE  AVE,ROYAL YORK  RD,,Minor Arterial,Etobicoke York,2.0,23,43.684084999999996,-79.52736999999999,Intersection,At Intersection,Traffic Signal,Clear,"Daylight, artificial",Dry,Non-Fatal Injury,Pedestrian Collisions,65 to 69,2,,1,0,1,0,0,0,0,0,0,1,0,0,0,8,Humber Heights-Westmount (8),15546
8002063591,-8839294.667000001,5414344.466,80975433,2018,2018/11/08 05:00:00+00,1900,19,LOWTHER AVE,SPADINA RD,,Minor Arterial,Toronto and East York,11.0,53,43.668890999999995,-79.404735,Intersection,At Intersection,Traffic Signal,Clear,Dark,Dry,Non-Fatal Injury,Cyclist Collisions,25 to 29,2,,0,1,1,0,0,0,0,0,0,0,0,0,0,95,Annex (95),15548
8002065935,-8826667.252,5428889.244,80975006,2018,2018/11/09 05:00:00+00,650,6,ELLESMERE RD,BIRCHMOUNT RD,,Major Arterial,Scarborough,21.0,41,43.763327000000004,-79.291301,Intersection,Intersection Related,No Control,Snow,Daylight,Dry,Fatal,Pedestrian Collisions,unknown,3,58.0,1,0,1,0,0,1,0,0,0,0,0,0,0,126,Dorset Park (126),15552
8002080527,-8815476.86,5429200.918,80975331,2018,2018/11/11 05:00:00+00,1420,14,235 POPLAR RD,,30 m North of,Collector,Scarborough,24.0,43,43.765349,-79.190776,Mid-Block,Non Intersection,No Control,Clear,"Daylight, artificial",Dry,Non-Fatal Injury,Pedestrian Collisions,unknown,2,,1,0,1,0,0,0,0,0,1,1,0,0,0,136,West Hill (136),15554
8002088057,-8851697.884,5419146.655,80975192,2018,2018/11/12 05:00:00+00,1754,17,WESTON  RD,LAWRENCE  AVE W,,Major Arterial,Etobicoke York,5.0,12,43.700086999999996,-79.516155,Intersection,At Intersection,Traffic Signal,Clear,Dark,Dry,Non-Fatal Injury,Pedestrian Collisions,75 to 79,2,,1,0,1,0,0,0,0,0,0,1,0,0,0,113,Weston (113),15556
8002088211,-8816755.03,5431944.935,80975010,2018,2018/11/12 05:00:00+00,1822,18,ELLESMERE  RD,NEILSON  RD,,Major Arterial,Scarborough,24.0,43,43.783148,-79.202258,Mid-Block,Non Intersection,No Control,Clear,"Dark, artificial",Dry,Fatal,Pedestrian Collisions,75 to 79,3,60.0,1,0,1,0,0,0,0,0,0,0,0,0,0,135,Morningside (135),15558
8002097783,-8848965.659,5429246.2360000005,80975228,2018,2018/11/14 05:00:00+00,827,8,KEELE ST,FOUR WINDS  DR,,Major Arterial,Etobicoke York,,31,43.765643,-79.49161099999999,Intersection,At Intersection,Traffic Signal,Clear,Daylight,Dry,Non-Fatal Injury,Pedestrian Collisions,50 to 54,2,,1,0,1,0,0,0,0,0,0,1,1,0,0,27,York University Heights (27),15562
8002098708,-8834031.593,5427362.472,80975671,2018,2018/11/14 05:00:00+00,1107,11,YORK MILLS RD,SCARSDALE  RD,,Major Arterial,North York,16.0,33,43.753421,-79.357456,Intersection,At Intersection,Traffic Signal,Clear,Daylight,Dry,Non-Fatal Injury,Pedestrian Collisions,45 to 49,2,,1,0,0,0,1,0,0,0,0,1,0,0,0,42,Banbury-Don Mills (42),15564
8002111291,-8842511.8,5422233.776000001,80975744,2018,2018/11/16 05:00:00+00,1011,10,BRUCEWOOD  CRES,COVINGTON RD,4 m South of,Collector,North York,8.0,32,43.720133000000004,-79.433635,Intersection,At Intersection,Stop Sign,Snow,Daylight,Slush,Non-Fatal Injury,Pedestrian Collisions,25 to 29,2,,1,0,1,0,0,0,0,0,0,0,0,0,0,32,Englemount-Lawrence (32),15566
8002114840,-8838343.442,5435036.96,81127591,2018,2018/11/16 05:00:00+00,2016,20,STEELES AVE E,BAYVIEW AVE,,Major Arterial,North York,,33,43.803197999999995,-79.39619,Intersection,At Intersection,Traffic Signal,Snow,"Dark, artificial",Wet,Non-Fatal Injury,Pedestrian Collisions,20 to 24,2,,1,0,1,0,0,0,0,0,0,1,0,0,0,49,Bayview Woods-Steeles (49),15568
8002123284,-8838110.673,5414306.762,81241034,2018,2018/11/18 05:00:00+00,720,7,BLOOR ST W,AVENUE RD,,Major Arterial,Toronto and East York,11.0,53,43.668646,-79.394099,Intersection,At Intersection,Traffic Signal,Clear,Daylight,Dry,Non-Fatal Injury,Angle,30 to 34,2,,0,0,1,0,0,0,0,1,0,1,1,0,0,76,Bay Street Corridor (76),15572
8002128352,-8824735.97,5438004.12,80975533,2018,2018/11/19 05:00:00+00,617,6,MCCOWAN  RD,ALTON TOWERS  CRCL,,Major Arterial,Scarborough,23.0,42,43.822432,-79.27395200000001,Intersection,At Intersection,Traffic Signal,Clear,Dark,Dry,Non-Fatal Injury,Pedestrian Collisions,60 to 64,2,,1,0,1,0,0,0,0,1,0,1,0,0,0,130,Milliken (130),15575
8002129020,-8830664.957,5415199.244,80975913,2018,2018/11/19 05:00:00+00,847,8,WALPOLE AVE,GLENSIDE AVE,9 m West of,Collector,Toronto and East York,14.0,55,43.674445,-79.327213,Intersection,Intersection Related,No Control,Clear,Daylight,Dry,Non-Fatal Injury,Pedestrian Collisions,60 to 64,2,,1,0,1,0,0,0,0,0,0,0,0,0,0,65,Greenwood-Coxwell (65),15577
8002130924,-8839772.895,5411697.217999999,81241239,2018,2018/11/19 05:00:00+00,1353,13,828 DUNDAS ST W,EUCLID AVE,26 m East of,Major Arterial,Toronto and East York,,14,43.651687,-79.409031,Mid-Block,Non Intersection,No Control,Clear,Daylight,Dry,Non-Fatal Injury,Cyclist Collisions,65 to 69,2,,0,0,1,0,0,0,0,0,0,0,0,0,1,81,Trinity-Bellwoods (81),15578
8002132961,-8842383.56,5416096.431,81241077,2018,2018/11/19 05:00:00+00,1837,18,ST CLAIR AV W,WINONA DR              (133),,Major Arterial,Toronto and East York,,13,43.680274,-79.43248299999999,Intersection,Intersection Related,Traffic Controller,Clear,"Dark, artificial",Dry,Non-Fatal Injury,Pedestrian Collisions,65 to 69,2,,1,0,1,0,0,0,0,0,0,0,0,0,0,94,Wychwood (94),15580
8002134677,-8821545.108,5427607.515,81335157,2018,2018/11/20 05:00:00+00,130,1,MCCOWAN RD,LAWRENCE AVE,50 m South of,Major Arterial,Scarborough,21.0,43,43.755010999999996,-79.245288,Mid-Block,Non Intersection,No Control,Clear,"Dark, artificial",Dry,Non-Fatal Injury,Pedestrian Collisions,20 to 24,2,,1,0,1,0,0,0,0,0,0,0,0,0,0,127,Bendale (127),15582
8002138681,-8846038.068,5428619.351,80976180,2018,2018/11/20 05:00:00+00,1606,16,DUFFERIN  ST,STEEPROCK DR,52 m North of,Major Arterial,North York,6.0,32,43.761576,-79.465312,Mid-Block,Non Intersection,No Control,Clear,"Dusk, artificial",Dry,Non-Fatal Injury,Pedestrian Collisions,60 to 64,2,,1,0,1,0,0,0,0,0,0,0,0,0,0,34,Bathurst Manor (34),15584
8002139374,-8843770.49,5421574.562000001,80975446,2018,2018/11/20 05:00:00+00,1804,18,665 LAWRENCE AVE W,,,Major Arterial,North York,8.0,13,43.715853,-79.444942,Intersection,At Intersection,Traffic Signal,Clear,"Dark, artificial",Dry,Fatal,Pedestrian Collisions,55 to 59,3,61.0,1,0,0,0,0,1,0,0,0,0,0,0,0,31,Yorkdale-Glen Park (31),15586
8002144295,-8848729.55,5417119.937000001,80976308,2018,2018/11/21 05:00:00+00,1306,13,EGLINTON  AVE W,WESTON RD,30 m East of,Major Arterial,Etobicoke York,5.0,12,43.686923,-79.48949,Intersection,Intersection Related,No Control,Clear,Daylight,Loose Sand or Gravel,Non-Fatal Injury,Sideswipe,45 to 49,2,,0,0,1,0,0,0,0,0,0,1,0,0,0,115,Mount Dennis (115),15588
8002146919,-8823276.015,5421408.379,80975528,2018,2018/11/21 05:00:00+00,1952,19,DANFORTH RD,KENNEDY RD,,Minor Arterial,Scarborough,20.0,41,43.714774,-79.260837,Intersection,At Intersection,Traffic Signal,Clear,Dark,Wet,Non-Fatal Injury,Pedestrian Collisions,unknown,2,,1,0,1,0,0,0,0,0,0,0,0,0,0,120,Clairlea-Birchmount (120),15590
8002149511,-8827639.739,5438438.461,80984565,2018,2018/11/22 05:00:00+00,900,9,STEELES AVE E,SILVER STAR BLVD,3 m  of,Major Arterial,Scarborough,22.0,42,43.825247,-79.300037,Intersection,At Intersection,Traffic Signal,Clear,Daylight,Dry,Non-Fatal Injury,Cyclist Collisions,65 to 69,2,,0,1,1,0,0,0,0,1,0,1,0,0,0,130,Milliken (130),15593
8002159261,-8825967.386,5429590.756,80976239,2018,2018/11/23 05:00:00+00,1739,17,DUNDALK DR,GLAMORGAN AVE,30 m South of,Collector,Scarborough,21.0,41,43.767878,-79.285014,Mid-Block,Non Intersection,No Control,Clear,Daylight,Dry,Non-Fatal Injury,Pedestrian Collisions,unknown,2,,1,0,1,0,0,0,0,0,0,0,0,0,0,126,Dorset Park (126),15596
8002165186,-8828850.783,5432293.256,80976029,2018,2018/11/24 05:00:00+00,1731,17,WARDEN AVE,HUNTINGWOOD DR,,Major Arterial,Scarborough,22.0,42,43.785407,-79.310916,Intersection,At Intersection,Traffic Signal,Rain,"Dark, artificial",Wet,Non-Fatal Injury,Pedestrian Collisions,60 to 64,2,,1,0,1,0,0,0,0,1,0,0,0,0,0,118,Tam O'Shanter-Sullivan (118),15600
8002165675,-8834349.187,5412105.089,80976319,2018,2018/11/24 05:00:00+00,1855,18,KING ST E,SACKVILLE ST,,Major Arterial,Toronto and East York,13.0,51,43.654338,-79.360309,Intersection,At Intersection,Pedestrian Crossover,Rain,"Dark, artificial",Wet,Non-Fatal Injury,Pedestrian Collisions,55 to 59,2,,1,0,1,0,0,0,0,0,0,1,0,0,0,73,Moss Park (73),15602
8002171142,-8820130.237,5425530.71,80976403,2018,2018/11/25 05:00:00+00,1750,17,BELLAMY RD N,CEDAR BRAE BLVD,,Minor Arterial,Scarborough,21.0,43,43.741534,-79.232578,Intersection,At Intersection,Stop Sign,Clear,"Dark, artificial",Dry,Fatal,Pedestrian Collisions,80 to 84,3,62.0,1,0,1,0,0,0,0,0,0,1,0,0,0,138,Eglinton East (138),15604
8002177170,-8836824.933,5412462.509,80976374,2018,2018/11/26 05:00:00+00,1651,16,EDWARD ST,BAY ST [EDWARD STREET EAST OF BAY,150 m East of,Collector,Toronto and East York,11.0,52,43.656661,-79.382549,Mid-Block,Non Intersection,No Control,Rain,"Dark, artificial",Wet,Non-Fatal Injury,Pedestrian Collisions,unknown,2,,1,0,1,0,0,0,0,1,0,0,0,0,0,76,Bay Street Corridor (76),15607
8002190612,-8831635.662999999,5419461.542,80976058,2018,2018/11/28 05:00:00+00,1812,18,DON MILLS RD,DVP S DON MILLS RD N RAMP,15 m South of,Major Arterial,Toronto and East York,14.0,54,43.702132,-79.335933,Mid-Block,Non Intersection,No Control,Clear,Dark,Dry,Non-Fatal Injury,Approaching,40 to 44,2,,0,0,1,0,0,0,0,1,0,0,0,0,0,58,Old East York (58),15611
8002192666,-8821779.547,5438247.2870000005,80976247,2018,2018/11/29 05:00:00+00,253,2,MCNICOLL AVE,MARKHAM RD,39 m East of,Minor Arterial,Scarborough,23.0,42,43.824008,-79.247394,Mid-Block,Non Intersection,No Control,Clear,"Dark, artificial",Dry,Non-Fatal Injury,SMV Other,20 to 24,2,,0,0,1,0,0,0,0,0,0,0,0,1,0,131,Rouge (131),15612
8002196256,-8832665.035,5436804.121,80976561,2018,2018/11/29 05:00:00+00,1538,15,3120 STEELES AVE E,,,Major Arterial,North York,17.0,33,43.814654,-79.34518,Mid-Block,At/Near Private Drive,No Control,Clear,Daylight,Dry,Non-Fatal Injury,SMV Other,85 to 89,2,,0,0,1,0,0,0,0,1,0,0,0,0,0,48,Hillcrest Village (48),15616
8002197002,-8828085.572999999,5437144.295,80976722,2018,2018/11/29 05:00:00+00,1705,17,KENNEDY  RD,PASSMORE AVE,169 m South of,Major Arterial,Scarborough,22.0,42,43.816859,-79.30404200000001,Mid-Block,At/Near Private Drive,No Control,Clear,Dusk,Dry,Non-Fatal Injury,Cyclist Collisions,70 to 74,2,,0,1,1,0,0,0,0,1,0,1,0,0,0,130,Milliken (130),15620
8002198438,-8844224.005,5410863.223999999,80976609,2018,2018/11/29 05:00:00+00,2232,22,HIGH PARK BLVD,RONCESVALLES AVE,,Minor Arterial,Toronto and East York,4.0,11,43.646266,-79.449016,Intersection,At Intersection,Traffic Signal,Clear,Dark,Dry,Non-Fatal Injury,Pedestrian Collisions,80 to 84,2,,1,0,1,0,0,0,0,0,0,0,0,0,0,86,Roncesvalles (86),15622
8002202544,-8846912.927000001,5416940.749,80976685,2018,2018/11/30 05:00:00+00,1440,14,KEELE ST,ROTHERHAM  AVE,,Major Arterial,Etobicoke York,5.0,12,43.685759000000004,-79.473171,Intersection,At Intersection,Stop Sign,Clear,Daylight,Dry,Non-Fatal Injury,Angle,55 to 59,2,,0,0,1,0,0,0,0,0,0,1,0,0,0,110,Keelesdale-Eglinton West (110),15624
8002203656,-8849763.931,5416732.318,80976654,2018,2018/11/30 05:00:00+00,1720,17,EGLINTON  AVE W,JANE ST,,Major Arterial,Etobicoke York,5.0,12,43.684405,-79.49878199999999,Intersection,At Intersection,Traffic Signal,Clear,Dusk,Dry,Non-Fatal Injury,Turning Movement,80 to 84,2,,0,0,1,0,0,0,0,1,0,1,0,0,0,115,Mount Dennis (115),15536
8002203899,-8856961.849,5419866.214,80976690,2018,2018/11/30 05:00:00+00,1750,17,KIPLING AVE,BELFIELD RD,,Major Arterial,Etobicoke York,1.0,23,43.70476,-79.56344200000001,Intersection,At Intersection,Traffic Signal,Clear,Dark,Dry,Non-Fatal Injury,Pedestrian Collisions,65 to 69,2,,1,0,1,0,0,0,0,0,0,1,0,0,0,1,West Humber-Clairville (1),15632
8002209662,-8824793.745,5422483.612000001,80976491,2018,2018/12/01 05:00:00+00,1555,15,BIRCHMOUNT  RD,FOXRIDGE DR,,Minor Arterial,Scarborough,20.0,41,43.721755,-79.27447099999999,Intersection,At Intersection,Traffic Signal,Clear,Daylight,Dry,Non-Fatal Injury,Turning Movement,70 to 74,2,,0,0,1,0,0,0,0,1,1,1,0,0,0,124,Kennedy Park (124),15638
8002229899,-8824030.204,5428127.2129999995,80976405,2018,2018/12/04 05:00:00+00,1932,19,MIDLAND AVE,DORCOT AVE,,Major Arterial,Scarborough,21.0,41,43.758383,-79.267612,Mid-Block,Non Intersection,No Control,Clear,Dark,Dry,Fatal,Pedestrian Collisions,55 to 59,3,63.0,1,0,1,0,0,0,0,0,0,1,0,0,0,127,Bendale (127),15640
8002244914,-8837839.832,5431897.907000001,80984418,2018,2018/12/07 05:00:00+00,27,2,BAYVIEW AVE,HOLMES AVE,,Major Arterial,North York,,33,43.782843,-79.391666,Intersection,Intersection Related,No Control,Snow,"Dark, artificial",Wet,Non-Fatal Injury,Approaching,35 to 39,2,,0,0,1,0,0,0,0,0,0,0,0,0,0,52,Bayview Village (52),15643
8002245364,-8832971.608,5412870.414,81070833,2018,2018/12/07 05:00:00+00,300,3,758 QUEEN ST E,Queen St E,,Minor Arterial,Scarborough,14.0,55,43.659312,-79.347934,Mid-Block,Non Intersection,No Control,Drifting Snow,"Dark, artificial",Loose Snow,Non-Fatal Injury,Cyclist Collisions,unknown,2,,0,1,1,0,0,0,0,0,0,0,0,0,0,70,South Riverdale (70),15646
8002245661,-8858820.105,5420941.882999999,80984304,2018,2018/12/07 05:00:00+00,600,6,MARTIN GROV RD,REXDALE BLVD,250 m South of,Major Arterial,Etobicoke York,1.0,23,43.711745,-79.580135,Mid-Block,Non Intersection,No Control,Clear,"Dark, artificial",Dry,Non-Fatal Injury,Pedestrian Collisions,65 to 69,2,,1,0,1,0,0,0,0,0,0,0,0,0,0,1,West Humber-Clairville (1),15648
8002248508,-8824149.093,5428548.9120000005,80984300,2018,2018/12/07 05:00:00+00,1520,15,1750 MIDLAND AVE,,,Major Arterial,Scarborough,21.0,41,43.761119,-79.26868,Mid-Block,Non Intersection,No Control,Clear,Daylight,Dry,Non-Fatal Injury,Rear End,45 to 49,2,,0,0,1,0,0,0,0,1,0,0,0,0,0,127,Bendale (127),15655
8002249590,-8827587.864,5434602.78,80985325,2018,2018/12/07 05:00:00+00,1830,18,FINCH AVE E,WAYSIDE AVE,,Major Arterial,Scarborough,22.0,42,43.800383000000004,-79.299571,Intersection,At Intersection,Traffic Signal,Clear,Dark,Dry,Fatal,Pedestrian Collisions,80 to 84,3,64.0,1,0,1,0,0,0,0,0,0,0,0,0,0,117,L'Amoreaux (117),15657
8002254764,-8861318.671,5428060.785,80984400,2018,2018/12/08 05:00:00+00,1601,16,STEELES AVE W,MARTIN GROVE RD,50 m East of,Major Arterial,Etobicoke York,1.0,23,43.757952,-79.60258,Mid-Block,Non Intersection,No Control,Clear,Daylight,Dry,Non-Fatal Injury,Other,50 to 54,2,,0,0,0,0,0,1,0,1,0,0,0,0,0,2,Mount Olive-Silverstone-Jamestown (2),15659
8002257421,-8858942.446,5411586.292,81163660,2018,2018/12/09 05:00:00+00,49,4,CENTENNIAL PARK DR,RATHBURN RD,25 m North of,Minor Arterial,Etobicoke York,2.0,22,43.650966,-79.581234,Intersection,At Intersection,No Control,Clear,"Dark, artificial",Dry,Non-Fatal Injury,SMV Other,25 to 29,2,,0,0,1,0,0,0,0,0,0,0,0,0,0,11,Eringate-Centennial-West Deane (11),15660
8002260892,-8837995.234,5423286.307,80984325,2018,2018/12/09 05:00:00+00,1650,16,176 LAWRENCE AVE E,,50 m East of,Major Arterial,North York,15.0,32,43.726966,-79.393062,Mid-Block,Non Intersection,No Control,Clear,Daylight,Dry,Non-Fatal Injury,SMV Unattended Vehicle,65 to 69,2,,0,0,1,0,0,0,0,0,0,1,0,0,0,103,Lawrence Park South (103),15661
8002266856,-8826205.276,5431993.812999999,81239831,2018,2018/12/10 05:00:00+00,1617,16,SHEPPARD AVENUE EAST,KENNEDY ROAD,100 m East of,Major Arterial,Scarborough,22.0,42,43.783465,-79.287151,Mid-Block,Non Intersection,No Control,Clear,Daylight,Dry,Non-Fatal Injury,Pedestrian Collisions,50 to 54,2,,1,0,1,0,0,0,0,0,0,0,0,0,0,128,Agincourt South-Malvern West (128),15663
8002273924,-8843520.8,5420096.583,80984434,2018,2018/12/11 05:00:00+00,1811,18,MARLEE AVE,ROMAR  CRES,,Minor Arterial,North York,8.0,13,43.706255999999996,-79.442699,Intersection,At Intersection,No Control,Clear,"Dark, artificial",Wet,Non-Fatal Injury,Pedestrian Collisions,50 to 54,2,,1,0,1,0,0,0,0,1,0,1,0,0,0,31,Yorkdale-Glen Park (31),15667
8002279692,-8820388.387,5433709.19,80984039,2018,2018/12/12 05:00:00+00,1538,15,PROGRESS  AVE,SHEPPARD AVE E,,Major Arterial,Scarborough,23.0,42,43.794589,-79.234897,Intersection,At Intersection,Traffic Signal,Clear,Daylight,Dry,Non-Fatal Injury,Pedestrian Collisions,60 to 64,2,,1,0,0,0,0,1,0,0,0,1,0,0,0,132,Malvern (132),15669
8002279854,-8852451.183,5429639.005,80984718,2018,2018/12/12 05:00:00+00,1602,16,GOSFORD  BLVD,SHOREHAM DR,5 m South of,Collector,Etobicoke York,7.0,31,43.768190999999995,-79.522922,Intersection,At Intersection,Stop Sign,Clear,"Dark, artificial",Wet,Non-Fatal Injury,Pedestrian Collisions,65 to 69,2,,1,0,1,0,0,0,0,0,0,1,0,0,0,24,Black Creek (24),15671
8002281849,-8833562.715,5432367.27,80984818,2018,2018/12/12 05:00:00+00,2205,22,3030 DON MILLS RD W,,160 m South of,Major Arterial,North York,17.0,33,43.785887,-79.35324399999999,Mid-Block,Non Intersection,No Control,Clear,"Dark, artificial",Other,Non-Fatal Injury,SMV Other,20 to 24,2,,0,0,1,0,0,0,0,1,1,1,0,0,0,47,Don Valley Village (47),15675