ACCNUM,X,Y,Index_,YEAR,DATE,TIME,HOUR,STREET1,STREET2,OFFSET,ROAD_CLASS,District,WardNum,Division,LATITUDE,LONGITUDE,LOCCOORD,ACCLOC,TRAFFCTL,VISIBILITY,LIGHT,RDSFCOND,ACCLASS,IMPACTYPE,INVAGE,INJURY,FATAL_NO,PEDESTRIAN,CYCLIST,AUTOMOBILE,MOTORCYCLE,TRUCK,TRSN_CITY_VEH,EMERG_VEH,PASSENGER,SPEEDING,AG_DRIV,REDLIGHT,ALCOHOL,DISABILITY,Hood_ID,Neighbourhood,ObjectId
8002286980,-8839851.821,5413208.476,81239602,2018,2018/12/13 05:00:00+00,1737,17,BATHURST ST,HARBORD ST,,Major Arterial,Toronto and East York,11.0,14,43.661509,-79.40974,Intersection,At Intersection,Traffic Signal,Clear,Dark,Dry,Non-Fatal Injury,Pedestrian Collisions,55 to 59,2,,1,0,1,0,0,0,0,1,0,0,0,0,0,79,University (79),15679
8002306569,-8861414.629,5422081.597999999,80984707,2018,2018/12/15 05:00:00+00,2000,20,REXDALE BLVD,QUEENS PLATE DR,,Major Arterial,Etobicoke York,1.0,23,43.719145000000005,-79.603442,Intersection,At Intersection,Traffic Signal,Clear,"Dark, artificial",Dry,Non-Fatal Injury,Pedestrian Collisions,unknown,2,,1,0,1,0,0,0,0,0,0,1,0,0,0,1,West Humber-Clairville (1),15681
8002315042,-8845181.13,5423279.837,80984672,2018,2018/12/18 05:00:00+00,612,6,DUFFERIN  ST,BRIDGELAND AVE,,Major Arterial,North York,8.0,32,43.726924,-79.457614,Intersection,At Intersection,Traffic Signal,Clear,"Dark, artificial",Dry,Non-Fatal Injury,Angle,70 to 74,2,,0,0,1,0,0,0,0,1,0,1,1,0,0,31,Yorkdale-Glen Park (31),15684
8002325561,-8832045.875,5432312.685,81337321,2018,2018/12/19 05:00:00+00,1740,17,85 EDMONTON DR,EDMONTON DR,2 m East of,Local,North York,17.0,33,43.785533,-79.339618,Mid-Block,Non Intersection,No Control,Clear,"Dark, artificial",Dry,Non-Fatal Injury,Pedestrian Collisions,65 to 69,2,,1,0,1,0,0,0,0,1,0,1,0,0,0,46,Pleasant View (46),15687
8002334933,-8820689.061,5434513.941000001,80984942,2018,2018/12/21 05:00:00+00,710,7,MCLEVIN AVE,MALVERN ST,,Minor Arterial,Scarborough,23.0,42,43.799807,-79.23759799999999,Intersection,Intersection Related,No Control,Rain,"Dark, artificial",Wet,Non-Fatal Injury,Pedestrian Collisions,45 to 49,2,,1,0,1,0,0,0,0,0,0,0,0,0,0,132,Malvern (132),15689
8002341194,-8838138.725,5415300.826,80985328,2018,2018/12/22 05:00:00+00,623,6,DAVENPORT  RD,HAZELTON  AVE,42.9 M EAST OF,Major Arterial,Toronto and East York,11.0,53,43.675105,-79.394351,Mid-Block,Non Intersection,No Control,Clear,"Dawn, artificial",Dry,Fatal,Pedestrian Collisions,55 to 59,3,65.0,1,0,1,0,0,0,0,0,1,1,0,0,0,95,Annex (95),15692
8002342250,-8851786.161,5408187.598999999,80985314,2018,2018/12/22 05:00:00+00,1205,12,ISLINGTON AVE,JUTLAND RD,25 m South of,Major Arterial,Etobicoke York,3.0,22,43.628871000000004,-79.516948,Intersection,Intersection Related,Traffic Signal,Clear,Daylight,Dry,Non-Fatal Injury,Rear End,55 to 59,2,,0,0,1,0,0,0,0,1,0,1,0,0,0,16,Stonegate-Queensway (16),15695
8002343129,-8838124.365,5411307.981000001,80985233,2018,2018/12/22 05:00:00+00,1514,15,QUEEN ST W,PETER ST,40 m West of,Major Arterial,Toronto and East York,10.0,52,43.649157,-79.394222,Mid-Block,Non Intersection,No Control,Clear,Daylight,Dry,Non-Fatal Injury,Pedestrian Collisions,35 to 39,2,,1,0,1,0,0,0,0,0,0,0,0,0,0,77,Waterfront Communities-The Island (77),15697
8002355627,-8859978.496,5424835.977000001,80985251,2018,2018/12/24 05:00:00+00,2050,20,FINCH  AVE W,MARTIN GROVE RD,89 m East of,Major Arterial,Etobicoke York,1.0,23,43.737025,-79.590541,Mid-Block,Non Intersection,No Control,Clear,"Dark, artificial",Dry,Non-Fatal Injury,Approaching,40 to 44,2,,0,0,1,0,0,0,0,1,0,1,0,1,0,2,Mount Olive-Silverstone-Jamestown (2),15702
8002359893,-8829847.872000001,5418488.277000001,80985070,2018,2018/12/25 05:00:00+00,2130,21,COSBURN AVE,WOODMOUNT AVE,,Minor Arterial,Toronto and East York,19.0,54,43.695811,-79.319873,Intersection,At Intersection,Stop Sign,Clear,"Dark, artificial",Wet,Non-Fatal Injury,Angle,unknown,2,,0,0,1,0,0,0,1,1,1,1,0,0,0,59,Danforth East York (59),15709
8002363781,-8853213.832999999,5411056.293,80985217,2018,2018/12/26 05:00:00+00,1853,18,4968 DUNDAS ST W,,,Major Arterial,Etobicoke York,3.0,22,43.647521000000005,-79.52977299999999,Mid-Block,Non Intersection,No Control,Clear,"Dark, artificial",Dry,Fatal,Pedestrian Collisions,75 to 79,3,66.0,1,0,1,0,0,0,0,0,0,0,0,0,0,14,Islington-City Centre West (14),15711
8002388715,-8823533.385,5430721.057,81070988,2018,2018/12/31 05:00:00+00,650,6,BRIMLEY RD,PROGRESS AVE,,Major Arterial,Scarborough,21.0,43,43.775209999999994,-79.263149,Intersection,At Intersection,Traffic Signal,Clear,"Dark, artificial",Wet,Non-Fatal Injury,Angle,60 to 64,2,,0,0,1,0,0,0,0,1,0,1,1,0,0,127,Bendale (127),15714
8008069034,-8859248.908,5417359.473999999,80877080,2018,2018/05/04 04:00:00+00,2354,23,DIXON RD,27 S DIXON W RAMP,,Major Arterial,Etobicoke York,1.0,23,43.688479,-79.583987,Mid-Block,Overpass or Bridge,No Control,,Dark,,Fatal,Pedestrian Collisions,60 to 64,3,22.0,1,0,1,0,0,0,0,0,0,0,0,0,0,1,West Humber-Clairville (1),14165
9000001415,-8843559.873,5415740.101,81070256,2019,2019/01/01 05:00:00+00,438,4,ST CLAIR AVE W,DUFFERIN ST,5 m East of,Major Arterial,Toronto and East York,9.0,13,43.677959,-79.44305,Intersection,Intersection Related,Traffic Signal,Clear,"Dark, artificial",Wet,Non-Fatal Injury,Pedestrian Collisions,unknown,2,,1,0,0,0,0,0,0,0,0,0,0,0,0,92,Corso Italia-Davenport (92),15716
9000008532,-8861222.714,5425937.959,81071310,2019,2019/01/02 05:00:00+00,1405,14,LEXINGTON AVE,SILVERSTONE DR,W of,Local,Etobicoke York,1.0,23,43.744177,-79.601718,Mid-Block,Non Intersection,No Control,Clear,Daylight,Dry,Fatal,SMV Other,unknown,3,9.0,0,0,1,0,0,0,0,1,0,1,0,0,0,1,West Humber-Clairville (1),15718
9000021101,-8842919.563,5426952.0770000005,81071130,2019,2019/01/04 05:00:00+00,1325,13,BATHURST ST,BAINBRIDGE AVE,,Major Arterial,North York,6.0,32,43.750758000000005,-79.437298,Intersection,At Intersection,Traffic Signal,Clear,Daylight,Dry,Non-Fatal Injury,Pedestrian Collisions,35 to 39,2,,1,0,1,0,0,0,0,0,0,1,0,0,0,38,Lansing-Westgate (38),15720
9000023080,-8837364.275,5413054.754,81071486,2019,2019/01/04 05:00:00+00,1920,19,COLLEGE ST,ELIZABETH ST,,Major Arterial,Toronto and East York,11.0,52,43.660509999999995,-79.387394,Intersection,At Intersection,Traffic Signal,Clear,"Dark, artificial",Dry,Non-Fatal Injury,Pedestrian Collisions,60 to 64,2,,1,0,1,0,0,0,0,0,0,1,0,0,0,76,Bay Street Corridor (76),15722
9000040914,-8842719.856,5409832.721,81070924,2019,2019/01/07 05:00:00+00,2012,20,CLOSE  AVE,QUEEN  ST W,119 m south,Local,Toronto and East York,4.0,14,43.639567,-79.43550400000001,Mid-Block,Non Intersection,No Control,Rain,"Dark, artificial",Wet,Fatal,Pedestrian Collisions,65 to 69,3,1.0,1,0,1,0,0,0,0,0,1,1,0,0,0,85,South Parkdale (85),15724
9000047172,-8828945.962000001,5420171.115,81071306,2019,2019/01/08 05:00:00+00,1838,18,O CONNOR DR,ST CLAIR AVE E,190 metre north of,Major Arterial,Toronto and East York,19.0,54,43.70674,-79.311771,Mid-Block,Non Intersection,No Control,Rain,"Dark, artificial",Wet,Fatal,Pedestrian Collisions,65 to 69,3,4.0,1,0,1,0,0,0,0,0,0,0,0,0,0,54,O'Connor-Parkview (54),15726
9000054230,-8826787.811,5431811.561000001,81070392,2019,2019/01/09 05:00:00+00,1853,18,3825 SHEPPARD AV E,ALANFORD RD,99 m East of,Major Arterial,Scarborough,22.0,42,43.782283,-79.292384,Mid-Block,Non Intersection,PXO - No Ped,Clear,"Dark, artificial",Dry,Non-Fatal Injury,Pedestrian Collisions,unknown,2,,1,0,1,0,0,0,0,0,1,1,0,0,0,118,Tam O'Shanter-Sullivan (118),15009
9000067447,-8818408.681,5431421.012,81070580,2019,2019/01/11 05:00:00+00,1836,18,ELLESMERE RD,MILITARY TRAIL,,Major Arterial,Scarborough,24.0,43,43.77975,-79.217113,Intersection,At Intersection,Traffic Signal,Clear,"Dark, artificial",Dry,Non-Fatal Injury,Pedestrian Collisions,50 to 54,2,,1,0,1,0,0,0,0,0,0,0,0,0,0,135,Morningside (135),15116
9000074527,-8821909.457,5429056.794,81070925,2019,2019/01/12 05:00:00+00,2213,22,MCCOWAN  RD,BRIMORTON  DR,100 m south,Major Arterial,Scarborough,,43,43.764414,-79.248561,Mid-Block,Non Intersection,No Control,Clear,"Dark, artificial",Dry,Fatal,Sideswipe,40 to 44,3,2.0,0,0,1,0,0,0,0,0,1,1,0,0,0,137,Woburn (137),15126
9000085978,-8816756.032,5434388.0879999995,81242004,2019,2019/01/14 05:00:00+00,1900,19,MURISON BLVD,MILNER AVE,2 m East of,Minor Arterial,Scarborough,25.0,42,43.798991,-79.202267,Intersection,At Intersection,Traffic Signal,Clear,"Dark, artificial",Dry,Non-Fatal Injury,Pedestrian Collisions,25 to 29,2,,1,0,1,0,0,0,0,1,0,1,0,0,0,132,Malvern (132),15130
9000088115,-8837132.286,5411201.828,81070928,2019,2019/01/15 05:00:00+00,555,5,155 UNIVERSITY AVE,,,Major Arterial,Toronto and East York,10.0,52,43.648467,-79.38531,Mid-Block,Laneway,No Control,Clear,"Dark, artificial",Dry,Fatal,Pedestrian Collisions,55 to 59,3,3.0,1,0,0,0,1,0,0,0,0,0,0,0,0,76,Bay Street Corridor (76),15132
9000093036,-8818027.412,5437307.367000001,81070764,2019,2019/01/08 05:00:00+00,2110,21,HALFWAY AVE,MORNINGSIDE AVE,,Minor Arterial,Scarborough,25.0,42,43.817916,-79.213688,Intersection,At Intersection,Stop Sign,Rain,"Dark, artificial",Wet,Non-Fatal Injury,Pedestrian Collisions,70 to 74,2,,1,0,1,0,0,0,0,0,0,0,0,0,0,131,Rouge (131),15728
9000097480,-8843770.49,5421577.026000001,81071307,2019,2019/01/16 05:00:00+00,1303,13,ALLEN X S LAWRENCE E RAMP,LAWRENCE AVE W,,Major Arterial,North York,8.0,32,43.715869,-79.444942,Intersection,At Intersection,Traffic Signal,Clear,Daylight,Dry,Fatal,Pedestrian Collisions,unknown,3,5.0,1,0,0,0,1,0,0,0,0,0,0,0,0,31,Yorkdale-Glen Park (31),15134
9000097665,-8844342.894,5418401.903,81071308,2019,2019/01/16 05:00:00+00,1332,13,2350 DUFFERIN ST,,,Major Arterial,Toronto and East York,,13,43.69525,-79.45008399999999,Mid-Block,Non Intersection,No Control,Clear,Daylight,Dry,Fatal,Pedestrian Collisions,75 to 79,3,8.0,1,0,0,0,1,0,0,0,0,0,0,0,0,107,Oakwood Village (107),15136
9000106457,-8825006.031,5418325.691000001,81070998,2019,2019/01/17 05:00:00+00,1900,19,DANFORTH RD,PATTERSON AVE,,Minor Arterial,Scarborough,20.0,41,43.694755,-79.27637800000001,Intersection,Intersection Related,Stop Sign,Clear,"Dark, artificial",Dry,Non-Fatal Injury,Pedestrian Collisions,unknown,2,,1,0,1,0,0,0,0,0,0,1,0,0,0,121,Oakridge (121),15138
9000107139,-8839956.239,5413554.244,81071311,2019,2019/01/17 05:00:00+00,2122,21,LENNOX  ST,BATHURST  ST,,Major Arterial,Toronto and East York,11.0,14,43.663756,-79.410678,Intersection,At Intersection,Traffic Signal,Clear,"Dark, artificial",Dry,Fatal,Pedestrian Collisions,65 to 69,3,6.0,1,0,0,0,1,0,0,0,0,1,0,0,0,79,University (79),15140
9000115545,-8834243.879,5419472.628,81071309,2019,2019/01/19 05:00:00+00,530,5,MILLWOOD RD,LAIRD DR,,Major Arterial,North York,15.0,53,43.702203999999995,-79.359363,Mid-Block,Non Intersection,No Control,Clear,"Dark, artificial",Dry,Fatal,SMV Other,20 to 24,3,7.0,0,0,1,0,0,0,0,1,1,1,0,0,0,55,Thorncliffe Park (55),15142
9000119525,-8838975.402,5410192.515,81071050,2019,2019/01/19 05:00:00+00,2115,21,BATHURST ST,NIAGARA ST,,Major Arterial,Toronto and East York,10.0,14,43.641906,-79.40186700000001,Intersection,At Intersection,Traffic Signal,Snow,"Dark, artificial",Packed Snow,Non-Fatal Injury,Pedestrian Collisions,40 to 44,2,,1,0,1,0,0,0,0,0,0,0,0,0,0,77,Waterfront Communities-The Island (77),15144
9000121241,-8857138.513,5426377.278,81126166,2019,2019/01/20 05:00:00+00,515,5,FINCH AV W,ISLINGTON AV,300 m East of,Major Arterial,Etobicoke York,7.0,31,43.747028,-79.56502900000001,Mid-Block,Non Intersection,No Control,Snow,"Dark, artificial",Loose Snow,Non-Fatal Injury,Approaching,55 to 59,2,,0,0,1,0,0,0,0,1,0,0,0,0,0,22,Humbermede (22),15147
9000128132,-8836507.338,5411026.91,81242274,2019,2019/01/21 05:00:00+00,1125,11,BAY ST,WELLINGTON ST W,5 m North of,Major Arterial,Toronto and East York,,52,43.64733,-79.379696,Intersection,At Intersection,Traffic Signal,Clear,Daylight,Dry,Non-Fatal Injury,Pedestrian Collisions,65 to 69,2,,1,0,1,0,0,0,0,0,0,1,1,0,0,76,Bay Street Corridor (76),15149
9000146770,-8842954.295,5416727.084,81071189,2019,2019/01/24 05:00:00+00,639,6,284 OAKWOOD AVE,,2 m South of,Minor Arterial,Toronto and East York,9.0,13,43.684371,-79.43760999999999,Mid-Block,Non Intersection,No Control,Freezing Rain,"Dark, artificial",Ice,Non-Fatal Injury,Pedestrian Collisions,50 to 54,2,,1,0,1,0,0,0,0,0,0,0,0,0,0,107,Oakwood Village (107),15151
9000160108,-8823903.634,5435781.5139999995,81071409,2019,2019/01/26 05:00:00+00,230,2,MCCOWAN RD,FINCH AVE E,8 m North of,Major Arterial,Scarborough,23.0,42,43.808025,-79.266475,Mid-Block,Non Intersection,Traffic Signal,Clear,"Dark, artificial",Dry,Non-Fatal Injury,SMV Other,55 to 59,2,,0,0,1,0,0,0,0,0,0,0,0,1,0,129,Agincourt North (129),15152
9000181850,-8829877.706,5431717.507,81071484,2019,2019/01/29 05:00:00+00,1527,15,PHARMACY AVE,HUNTINGWOOD DR,,Minor Arterial,Scarborough,22.0,42,43.781673,-79.320141,Intersection,Intersection Related,Traffic Signal,Clear,Daylight,Wet,Non-Fatal Injury,Angle,50 to 54,2,,0,0,1,0,0,0,0,1,0,1,1,0,0,118,Tam O'Shanter-Sullivan (118),15156
9000194955,-8843746.777999999,5415682.535,81136390,2019,2019/01/31 05:00:00+00,1345,13,ST CLAIR AVE WEST,ST CLAIR GDNS,27 m East of,Major Arterial,Toronto and East York,9.0,13,43.677585,-79.44472900000001,Intersection,Intersection Related,No Control,Clear,Daylight,Loose Snow,Non-Fatal Injury,Pedestrian Collisions,65 to 69,2,,1,0,0,0,0,1,0,0,0,0,0,0,0,92,Corso Italia-Davenport (92),15158
9000198863,-8813024.937,5435184.107999999,81075003,2019,2019/02/01 05:00:00+00,258,2,MEADOWVALE RD,GENERATION BLVD,,Minor Arterial,Scarborough,25.0,42,43.804152,-79.16875,Intersection,At Intersection,Traffic Signal,Clear,"Dark, artificial",Loose Snow,Fatal,Angle,40 to 44,3,10.0,0,0,1,0,0,0,0,1,0,0,0,0,0,131,Rouge (131),15161
9000211864,-8823102.802000001,5424868.948,81163649,2019,2019/02/02 05:00:00+00,2326,23,MIDLAND AV,945 MIDLAND AV,40 m North of,Major Arterial,Scarborough,21.0,41,43.737239,-79.259281,Mid-Block,Non Intersection,No Control,Snow,"Dark, artificial",Wet,Non-Fatal Injury,Approaching,40 to 44,2,,0,0,1,0,0,0,0,0,0,0,0,1,0,138,Eglinton East (138),15163
9000212648,-8825074.047,5416601.472999999,81134888,2019,2019/02/03 05:00:00+00,255,2,KINGSTON RD,HUNT CLUB RD,18 m West of,Major Arterial,Scarborough,20.0,41,43.683555,-79.276989,Mid-Block,Non Intersection,No Control,Rain,"Dark, artificial",Wet,Non-Fatal Injury,Approaching,30 to 34,2,,0,0,1,0,0,0,0,1,0,0,0,1,0,122,Birchcliffe-Cliffside (122),15167
9000219394,-8847723.111,5411468.289,81242398,2019,2019/02/04 05:00:00+00,854,8,BLOOR STREET WEST,WINDERMERE AVENUE,3 m North of,Major Arterial,Toronto and East York,4.0,11,43.650199,-79.480449,Intersection,At Intersection,Traffic Signal,Clear,Daylight,Wet,Non-Fatal Injury,Pedestrian Collisions,60 to 64,2,,1,0,0,0,1,0,0,1,0,1,0,0,0,89,Runnymede-Bloor West Village (89),15170
9000223499,-8829877.594,5435254.752,81141024,2019,2019/02/04 05:00:00+00,1904,19,WARDEN AV,GLEN SPRINGS DR,,Major Arterial,Scarborough,22.0,42,43.80461,-79.32014000000001,Intersection,At Intersection,No Control,Rain,"Dark, artificial",Wet,Non-Fatal Injury,Pedestrian Collisions,unknown,2,,1,0,1,0,0,0,0,0,0,0,0,0,0,117,L'Amoreaux (117),15174
9000232559,-8842420.963,5424904.231000001,81136294,2019,2019/02/06 05:00:00+00,619,6,WILSON AVENUE,BATHURST STREET,94 m East of,Major Arterial,North York,6.0,32,43.737468,-79.432819,Mid-Block,Non Intersection,No Control,Clear,"Dark, artificial",Dry,Non-Fatal Injury,Turning Movement,5 to 9,2,,0,0,1,0,0,0,0,1,0,0,0,0,0,38,Lansing-Westgate (38),15177
9000242055,-8828456.824,5426842.817000001,81119127,2019,2019/02/07 05:00:00+00,1642,16,PHARMACY AVE,TRESTLESIDE GROVE,73 m South of,Minor Arterial,Scarborough,21.0,41,43.750049,-79.307377,Mid-Block,Non Intersection,No Control,Rain,"Dark, artificial",Ice,Non-Fatal Injury,Approaching,40 to 44,2,,0,0,1,0,0,0,0,1,1,1,0,0,0,119,Wexford/Maryvale (119),15180
9000244817,-8837189.281,5413101.685,81122183,2019,2019/02/08 05:00:00+00,330,3,COLLEGE ST,BAY ST,,Major Arterial,Toronto and East York,,52,43.660815,-79.38582199999999,Intersection,Intersection Related,Traffic Signal,Clear,"Dark, artificial",Dry,Non-Fatal Injury,Approaching,65 to 69,2,,0,0,1,0,0,0,1,1,0,1,0,0,1,76,Bay Street Corridor (76),15185
9000283937,-8839593.671,5426419.501,81075198,2019,2019/02/14 05:00:00+00,1112,11,YONGE ST,WILLIAM CARSON CRES,2 m South of,Major Arterial,North York,,32,43.747302000000005,-79.407421,Intersection,At Intersection,Traffic Signal,Clear,Daylight,Wet,Non-Fatal Injury,Turning Movement,60 to 64,2,,0,0,1,0,0,0,0,0,0,1,1,0,0,40,St.Andrew-Windfields (40),15187
9000294499,-8847308.668,5416300.846,81145410,2019,2019/02/15 05:00:00+00,2049,20,WESTON RD,ROGERS RD,,Major Arterial,Etobicoke York,5.0,12,43.681602000000005,-79.476726,Intersection,At Intersection,Traffic Signal,Clear,"Dark, artificial",Wet,Non-Fatal Injury,Pedestrian Collisions,60 to 64,2,,1,0,0,0,1,0,0,1,0,1,0,0,0,111,Rockcliffe-Smythe (111),15190
9000296843,-8830377.864,5436918.282000001,81075007,2019,2019/02/16 05:00:00+00,907,9,WARDEN  AVE,BAMBURGH  CRCL,89.5 m south,Major Arterial,Scarborough,22.0,42,43.815394,-79.324634,Mid-Block,Non Intersection,No Control,Clear,Daylight,Wet,Fatal,Pedestrian Collisions,85 to 89,3,12.0,1,0,1,0,0,0,0,0,0,0,0,0,0,116,Steeles (116),15192
9000320789,-8831868.432,5414315.072000001,81137179,2019,2019/02/20 05:00:00+00,815,8,GERRARD ST E,MARJORY AV,39 m West of,Minor Arterial,Toronto and East York,14.0,55,43.6687,-79.338024,Mid-Block,Non Intersection,No Control,Clear,Daylight,Wet,Non-Fatal Injury,Pedestrian Collisions,70 to 74,2,,1,0,0,0,1,0,0,0,0,1,0,0,0,70,South Riverdale (70),15194
9000355790,-8844475.476,5409797.034,81128251,2019,2019/02/25 05:00:00+00,1452,14,THE QUEENSWAY,GLENDALE AVE,,Major Arterial,Toronto and East York,4.0,11,43.639334999999996,-79.451275,Intersection,At Intersection,Traffic Signal,Clear,Daylight,Dry,Non-Fatal Injury,Pedestrian Collisions,35 to 39,2,,1,0,1,0,0,0,0,1,0,0,0,0,0,87,High Park-Swansea (87),15197
9000357586,-8856836.058,5426480.062000001,81075006,2019,2019/02/25 05:00:00+00,1949,19,FINCH AVE W,PEARLDALE AVE,,Major Arterial,Etobicoke York,7.0,31,43.747695,-79.562312,Intersection,At Intersection,Traffic Signal,Other,Dark,Other,Fatal,Pedestrian Collisions,80 to 84,3,11.0,1,0,1,0,0,0,0,0,0,0,0,0,0,22,Humbermede (22),15199
9000359952,-8832739.841,5426272.031,81146967,2019,2019/02/26 05:00:00+00,835,8,DON MILLS RD,BOND AVE [333],10 m South of,Major Arterial,North York,16.0,33,43.746345,-79.34585200000001,Intersection,Intersection Related,No Control,Clear,Daylight,Dry,Non-Fatal Injury,Turning Movement,60 to 64,2,,0,0,1,0,0,0,0,1,0,0,0,0,0,42,Banbury-Don Mills (42),15202
9000365892,-8830983.442,5433525.67,81116800,2019,2019/02/27 05:00:00+00,602,6,2930 FINCH AVE E,2930 FINCH AVE E,,Major Arterial,Scarborough,22.0,42,43.793399,-79.330074,Mid-Block,Non Intersection,No Control,Clear,Daylight,Dry,Non-Fatal Injury,Pedestrian Collisions,65 to 69,2,,1,0,1,0,0,0,0,1,0,0,0,0,0,117,L'Amoreaux (117),15205
9000380935,-8858914.393,5421219.252,81075287,2019,2019/03/01 05:00:00+00,1105,11,MARTIN GROVE RD,REXDALE BLVD,34 m South of,Major Arterial,Etobicoke York,1.0,23,43.713546,-79.58098199999999,,At/Near Private Drive,No Control,Clear,Daylight,Dry,Non-Fatal Injury,Angle,80 to 84,2,,0,0,1,0,0,0,0,0,0,1,0,0,0,1,West Humber-Clairville (1),15207
9000383019,-8830264.096,5430924.1,81075422,2019,2019/03/01 05:00:00+00,1609,16,2721 VICTORIA PARK AV,VICTORIA PARK AV,,Major Arterial,North York,,42,43.776527,-79.323612,Mid-Block,Non Intersection,No Control,Clear,Daylight,Dry,Non-Fatal Injury,Pedestrian Collisions,65 to 69,2,,1,0,1,0,0,0,0,1,0,0,0,0,0,117,L'Amoreaux (117),15213
9000402520,-8836126.848,5410469.407000001,81262860,2019,2019/03/04 05:00:00+00,1755,17,GARDINER X E,COOPER ST,55 m West of,Major Arterial,Toronto and East York,10.0,52,43.643706,-79.376278,Mid-Block,Non Intersection,No Control,Clear,Daylight,Dry,Non-Fatal Injury,Pedestrian Collisions,25 to 29,2,,1,0,1,0,0,0,0,0,0,0,0,0,0,77,Waterfront Communities-The Island (77),15215
9000405023,-8861188.873,5423825.172,81075283,2019,2019/03/05 05:00:00+00,547,5,27 HWY N,HUMBER COLLEGE BLVD,,Major Arterial,Etobicoke York,1.0,23,43.730464000000005,-79.601414,Intersection,At Intersection,Traffic Signal,Clear,"Dark, artificial",Dry,Non-Fatal Injury,Sideswipe,60 to 64,2,,0,0,1,0,0,1,0,0,0,0,0,0,0,1,West Humber-Clairville (1),15218
9000408644,-8822210.131000001,5420109.517999999,81075073,2019,2019/03/05 05:00:00+00,1640,16,KINGSTON RD,SHARPE ST,,Major Arterial,Scarborough,20.0,41,43.706340000000004,-79.251262,Intersection,At Intersection,Traffic Signal,Clear,Daylight,Dry,Non-Fatal Injury,Pedestrian Collisions,20 to 24,2,,1,0,1,0,0,0,0,0,0,0,0,0,0,122,Birchcliffe-Cliffside (122),15220
9000419013,-8845476.683,5418115.381,81099903,2019,2019/03/07 05:00:00+00,901,9,EGLINTON  AVE W,MCROBERTS  AVE,,Major Arterial,North York,,13,43.693389,-79.460269,Mid-Block,Non Intersection,No Control,,Daylight,Other,Fatal,Pedestrian Collisions,75 to 79,3,13.0,1,0,0,0,0,1,0,0,0,0,0,0,0,109,Caledonia-Fairbank (109),15121
9000431673,-8836295.831,5410360.341,81153395,2019,2019/03/09 05:00:00+00,231,2,LAKE SHORE BOULEVARD WEST,BAY STREET  (523),3 m East of,Major Arterial,Toronto and East York,10.0,52,43.642996999999994,-79.37779599999999,Mid-Block,Non Intersection,Traffic Signal,Clear,"Dark, artificial",Dry,Non-Fatal Injury,Rear End,50 to 54,2,,0,0,1,0,0,0,0,1,0,1,0,1,0,77,Waterfront Communities-The Island (77),15333
9000449704,-8825426.485,5418059.647999999,81334075,2019,2019/03/12 04:00:00+00,44,4,DANFORTH AVE,BYNG AVE,8 m North of,Major Arterial,Scarborough,20.0,41,43.693027,-79.28015500000001,Mid-Block,Non Intersection,No Control,Clear,Dark,Dry,Non-Fatal Injury,Approaching,45 to 49,2,,0,0,1,0,0,0,0,1,0,1,0,0,0,121,Oakridge (121),15338
9000454509,-8811019.85,5432612.137999999,81100439,2019,2019/03/12 04:00:00+00,1830,18,LAWSON RD,CENTENNIAL RD,,Collector,Scarborough,25.0,43,43.787475,-79.150738,Intersection,At Intersection,Stop Sign,Clear,Daylight,Dry,Non-Fatal Injury,Pedestrian Collisions,70 to 74,2,,1,0,1,0,0,0,0,0,0,1,0,0,0,133,Centennial Scarborough (133),15341
9000456825,-8817745.44,5441608.762,81262854,2019,2019/03/13 04:00:00+00,555,5,STEELES AVE E,SEWELLS RD,159 m West of,Minor Arterial,Scarborough,25.0,42,43.84579,-79.211155,Mid-Block,Non Intersection,No Control,Clear,Dark,Ice,Non-Fatal Injury,Approaching,50 to 54,2,,0,0,1,0,0,0,0,1,1,1,0,0,0,131,Rouge (131),15347
9000457599,-8851463.446,5411978.925,81163226,2019,2019/03/13 04:00:00+00,915,9,ROYAL YORK RD,KINGSGROVE BLVD,23 m North of,Minor Arterial,Etobicoke York,3.0,22,43.653518,-79.514049,Mid-Block,Non Intersection,No Control,Clear,Daylight,Dry,Non-Fatal Injury,Sideswipe,70 to 74,2,,0,0,1,0,0,0,0,0,0,1,0,0,0,15,Kingsway South (15),15350
9000460326,-8836684.781,5411606.754,81163776,2019,2019/03/13 04:00:00+00,1650,16,BAY ST,RICHMOND ST W,,Major Arterial,Toronto and East York,,52,43.651099,-79.38129,Intersection,At Intersection,Traffic Signal,Clear,Daylight,Dry,Non-Fatal Injury,Pedestrian Collisions,55 to 59,2,,1,0,0,0,0,1,0,0,0,0,0,0,0,76,Bay Street Corridor (76),15352
9000461892,-8839434.038999999,5411792.915,81162711,2019,2019/03/13 04:00:00+00,2128,21,BATHURST ST,DUNDAS ST W,3 m West of,Major Arterial,Toronto and East York,,14,43.652309,-79.405987,Intersection,Intersection Related,Traffic Signal,Clear,"Dark, artificial",Dry,Non-Fatal Injury,Pedestrian Collisions,70 to 74,2,,1,0,1,0,0,0,0,0,0,0,0,0,0,78,Kensington-Chinatown (78),15354