ACCNUM,X,Y,Index_,YEAR,DATE,TIME,HOUR,STREET1,STREET2,OFFSET,ROAD_CLASS,District,WardNum,Division,LATITUDE,LONGITUDE,LOCCOORD,ACCLOC,TRAFFCTL,VISIBILITY,LIGHT,RDSFCOND,ACCLASS,IMPACTYPE,INVAGE,INJURY,FATAL_NO,PEDESTRIAN,CYCLIST,AUTOMOBILE,MOTORCYCLE,TRUCK,TRSN_CITY_VEH,EMERG_VEH,PASSENGER,SPEEDING,AG_DRIV,REDLIGHT,ALCOHOL,DISABILITY,Hood_ID,Neighbourhood,ObjectId
9000475774,-8824735.97,5438014.304,81162630,2019,2019/03/15 04:00:00+00,2246,22,MCCOWAN RD,ALTON TOWERS CRCL,14 m North of,Major Arterial,Scarborough,23.0,42,43.822497999999996,-79.27395200000001,Intersection,At Intersection,No Control,Rain,"Dark, artificial",Wet,Non-Fatal Injury,Pedestrian Collisions,80 to 84,2,,1,0,1,0,0,0,0,0,0,0,0,0,0,130,Milliken (130),15356
9000481898,-8836507.338,5411026.91,81162860,2019,2019/03/16 04:00:00+00,2155,21,BAY ST,WELLINGTON ST W,,Major Arterial,Toronto and East York,,52,43.64733,-79.379696,Intersection,Intersection Related,Traffic Signal,Clear,"Dark, artificial",Wet,Non-Fatal Injury,Pedestrian Collisions,60 to 64,2,,1,0,1,0,0,0,0,0,0,0,0,0,0,76,Bay Street Corridor (76),15358
9000483734,-8834714.426,5411828.147000001,81270016,2019,2019/03/17 04:00:00+00,630,6,KING ST E,PARLIAMENT ST,36 m West of,Major Arterial,Toronto and East York,13.0,51,43.652538,-79.36359,Mid-Block,Non Intersection,No Control,Clear,"Dark, artificial",Dry,Non-Fatal Injury,SMV Other,20 to 24,2,,0,0,1,0,0,0,0,1,1,1,0,0,0,73,Moss Park (73),15361
9000490113,-8832105.431,5416034.245,81163698,2019,2019/03/18 04:00:00+00,914,9,DANFORTH AV,JONES AV,,Major Arterial,Toronto and East York,14.0,54,43.67987,-79.340153,Intersection,At Intersection,Traffic Signal,Clear,Daylight,Dry,Non-Fatal Injury,Pedestrian Collisions,50 to 54,2,,1,0,1,0,0,0,0,0,0,1,0,0,0,66,Danforth (66),15363
9000492756,-8835208.685,5433002.738,81162689,2019,2019/03/18 04:00:00+00,1545,15,LESLIE ST,FINCH AVE E,,Major Arterial,North York,17.0,33,43.790008,-79.36803,Intersection,At Intersection,Traffic Signal,Clear,Daylight,Dry,Non-Fatal Injury,Pedestrian Collisions,50 to 54,2,,1,0,1,0,0,0,0,1,0,0,0,0,0,48,Hillcrest Village (48),15366
9000494467,-8836956.624,5412439.122,81116055,2019,2019/03/18 04:00:00+00,2016,20,EDWARD ST,BAY ST,25 m East of,Major Arterial,Toronto and East York,11.0,52,43.656509,-79.383732,Mid-Block,Non Intersection,No Control,Clear,"Dark, artificial",Dry,Non-Fatal Injury,Cyclist Collisions,unknown,2,,0,1,1,0,0,0,0,0,0,1,0,0,0,76,Bay Street Corridor (76),15368
9000505193,-8854957.542000001,5407033.757999999,81163667,2019,2019/03/20 04:00:00+00,1222,12,NORTH QUEEN ST,MEDULLA AV,,Minor Arterial,Etobicoke York,3.0,22,43.621368,-79.54543699999999,Intersection,Intersection Related,No Control,Clear,Daylight,Dry,Non-Fatal Injury,Pedestrian Collisions,60 to 64,2,,1,0,1,0,0,0,0,1,0,0,0,0,0,14,Islington-City Centre West (14),15371
9000507586,-8838054.679,5414335.079,81162872,2019,2019/03/20 04:00:00+00,1822,18,BLOOR STREET WEST,AVENUE ROAD,43 m East of,Major Arterial,Toronto and East York,11.0,53,43.66883,-79.393596,Mid-Block,Non Intersection,Traffic Signal,Clear,Daylight,Dry,Non-Fatal Injury,Turning Movement,50 to 54,2,,0,0,1,0,0,0,0,1,0,1,0,0,0,95,Annex (95),15374
9000524060,-8849065.846,5425819.311000001,81099904,2019,2019/03/23 04:00:00+00,330,3,SHEPPARD AVE W,SUNFIELD RD,,Major Arterial,North York,6.0,31,43.743407,-79.492511,Intersection,At Intersection,Stop Sign,Other,Other,,Fatal,Turning Movement,35 to 39,3,14.0,0,0,1,0,0,1,0,0,0,1,0,0,0,26,Downsview-Roding-CFB (26),15376
9000525520,-8856928.676,5415203.4,81151422,2019,2019/03/23 04:00:00+00,1112,11,EGLINTON AVE W,MARTIN GROVE RD,,Major Arterial,Etobicoke York,,23,43.674471999999994,-79.563144,Intersection,At Intersection,Traffic Signal,Clear,Daylight,Dry,Non-Fatal Injury,Rear End,65 to 69,2,,0,0,1,0,1,0,0,1,0,1,0,0,0,7,Willowridge-Martingrove-Richview (7),15379
9000528494,-8837201.972000001,5413507.31,81262922,2019,2019/03/23 04:00:00+00,1950,19,BREADALBANE ST,BAY ST,54 m East of,Local,Toronto and East York,13.0,52,43.663451,-79.385936,Mid-Block,At/Near Private Drive,No Control,Clear,Daylight,Dry,Non-Fatal Injury,Cyclist Collisions,60 to 64,2,,0,1,1,0,0,0,0,0,0,0,0,0,0,76,Bay Street Corridor (76),15381
9000541174,-8842832.066,5431903.92,81121035,2019,2019/03/25 04:00:00+00,1900,19,DREWRY AVENUE,CHELMSFORD AVENUE,10 m North of,Minor Arterial,North York,18.0,32,43.782882,-79.436512,Intersection,At Intersection,Stop Sign,Clear,Daylight,Dry,Non-Fatal Injury,Pedestrian Collisions,65 to 69,2,,1,0,1,0,0,0,0,0,0,0,0,0,0,36,Newtonbrook West (36),15383
9000544201,-8837495.076,5412277.72,81163079,2019,2019/03/26 04:00:00+00,930,9,UNIVERSITY AV,EDWARD ST,,Major Arterial,Toronto and East York,11.0,52,43.65546,-79.38856899999999,Intersection,At Intersection,Stop Sign,Clear,Daylight,Dry,Non-Fatal Injury,Angle,60 to 64,2,,0,0,1,1,0,0,0,0,0,1,0,0,0,76,Bay Street Corridor (76),15385
9000563702,-8836186.181,5414866.958,81163377,2019,2019/03/29 04:00:00+00,630,6,BLOOR  ST E,SHERBOURNE ST,,Major Arterial,Toronto and East York,,53,43.672286,-79.376811,Intersection,At Intersection,Traffic Signal,Other,Other,Other,Fatal,Pedestrian Collisions,60 to 64,3,15.0,1,0,0,0,0,1,0,0,0,0,0,0,0,74,North St.James Town (74),15387
9000568934,-8834328.036,5414544.687000001,81164018,2019,2019/03/29 04:00:00+00,2022,20,BAYVIEW AVE,ROSEDALE VALLEY RD,,Major Arterial,Toronto and East York,,51,43.670192,-79.360119,Intersection,At Intersection,Traffic Signal,Clear,Daylight,Dry,Non-Fatal Injury,Turning Movement,25 to 29,2,,0,0,1,1,0,0,0,0,0,1,0,0,0,71,Cabbagetown-South St.James Town (71),15389
9000570843,-8828662.32,5420087.805,81262817,2019,2019/03/30 04:00:00+00,352,3,2747 ST CLAIR AV E,HODDER ST,50 m West of,Major Arterial,Toronto and East York,19.0,54,43.706199,-79.309223,Mid-Block,Non Intersection,No Control,Clear,"Dark, artificial",Dry,Non-Fatal Injury,SMV Other,30 to 34,2,,0,0,1,0,0,0,0,0,1,1,0,0,0,54,O'Connor-Parkview (54),15390
9000583629,-8833447.277,5412718.39,81164016,2019,2019/04/01 04:00:00+00,848,8,QUEEN STREET EAST,CARROLL STREET,13 m East of,Major Arterial,Toronto and East York,14.0,55,43.658324,-79.35220699999999,Intersection,Intersection Related,Pedestrian Crossover,Clear,Daylight,Dry,Non-Fatal Injury,Pedestrian Collisions,40 to 44,2,,1,0,1,0,0,1,0,0,0,1,0,0,0,70,South Riverdale (70),15393
9000588881,-8822233.062,5430246.536,81239441,2019,2019/04/01 04:00:00+00,2343,23,MCCOWAN RD,ELLESMERE RD,,Major Arterial,Scarborough,,43,43.772132,-79.251468,Intersection,At Intersection,Traffic Signal,Clear,"Dark, artificial",Dry,Non-Fatal Injury,Pedestrian Collisions,20 to 24,2,,1,0,1,0,0,0,0,0,1,1,0,0,0,137,Woburn (137),15395
9000589078,-8835088.126,5436051.617000001,81153554,2019,2019/04/02 04:00:00+00,55,5,STEELES AV E,ASPENWOOD DR,65 m East of,Major Arterial,North York,17.0,33,43.809776,-79.366947,Mid-Block,Non Intersection,No Control,Clear,Dark,Dry,Non-Fatal Injury,Pedestrian Collisions,65 to 69,2,,1,0,1,0,0,0,0,0,0,1,0,0,0,48,Hillcrest Village (48),15397
9000618194,-8822390.134,5436206.802,81163379,2019,2019/04/06 04:00:00+00,907,9,SCOTTFIELD DR,FINCH AVE E,,Major Arterial,Scarborough,23.0,42,43.810782,-79.25287900000001,Intersection,At Intersection,Traffic Signal,Clear,Daylight,Dry,Fatal,Pedestrian Collisions,85 to 89,3,16.0,1,0,1,0,0,0,0,0,0,1,0,0,0,129,Agincourt North (129),15399
9000618680,-8831127.824,5433469.69,81239214,2019,2019/04/06 04:00:00+00,1041,10,VICTORIA PARK AVE,FINCH AVE E,20 metres north,Major Arterial,North York,,42,43.793036,-79.33137099999999,Intersection,Intersection Related,Traffic Signal,Clear,Daylight,Dry,Fatal,Approaching,65 to 69,3,17.0,0,0,1,0,0,0,0,0,1,1,0,0,0,117,L'Amoreaux (117),15402
9000625948,-8809754.37,5432404.432,81163026,2019,2019/04/07 04:00:00+00,1330,13,PORT UNION RD,CONFERENCE BLVD,4 m  of,Minor Arterial,Scarborough,25.0,43,43.786128000000005,-79.13937,Intersection,At Intersection,Traffic Signal,Clear,Daylight,Dry,Non-Fatal Injury,Pedestrian Collisions,65 to 69,2,,1,0,1,0,0,0,0,0,0,1,0,0,0,131,Rouge (131),15404
9000637791,-8849769.162999999,5416742.94,81163374,2019,2019/04/09 04:00:00+00,853,8,JANE ST,EGLINTON AVE W,68 m North of,Major Arterial,Etobicoke York,5.0,12,43.684474,-79.498829,Intersection,At Intersection,Traffic Signal,Clear,Daylight,Dry,Non-Fatal Injury,Pedestrian Collisions,20 to 24,2,,1,0,1,0,0,0,0,0,0,0,0,0,0,115,Mount Dennis (115),15406
9000638923,-8838111.675,5417297.896000001,81240301,2019,2019/04/09 04:00:00+00,1132,11,ST CLAIR AVE E,YONGE ST,,Major Arterial,Toronto and East York,12.0,53,43.688078999999995,-79.394108,Intersection,At Intersection,Traffic Signal,Clear,Daylight,Dry,Non-Fatal Injury,Pedestrian Collisions,45 to 49,2,,1,0,1,0,0,0,0,0,0,1,0,0,0,98,Rosedale-Moore Park (98),15408
9000650063,-8821572.381000001,5425282.177999999,81330343,2019,2019/04/10 04:00:00+00,2138,21,DANFORTH RD,TRUDELLE ST,50 m North of,Major Arterial,Scarborough,21.0,43,43.739921,-79.245533,,At/Near Private Drive,No Control,Clear,"Dark, artificial",Dry,Non-Fatal Injury,Turning Movement,50 to 54,2,,0,0,1,0,0,0,0,1,1,1,0,0,0,138,Eglinton East (138),15414
9000657461,-8851080.395,5410760.615,81238886,2019,2019/04/11 04:00:00+00,2355,23,ROYAL YORK RD,MEADOWVALE DR,,Minor Arterial,Etobicoke York,3.0,22,43.645599,-79.51060799999999,Intersection,At Intersection,No Control,Clear,"Dark, artificial",Dry,Non-Fatal Injury,Approaching,unknown,2,,0,0,1,0,0,0,0,1,1,1,0,0,0,16,Stonegate-Queensway (16),15418
9000660367,-8850767.921,5424060.262,81270234,2019,2019/04/12 04:00:00+00,1228,12,AUSTREY CT,15 AUSTREY CT,1 m South of,Local,North York,6.0,31,43.73199,-79.507801,Mid-Block,Non Intersection,No Control,Clear,Daylight,Dry,Non-Fatal Injury,SMV Other,50 to 54,2,,0,0,1,0,0,0,0,0,0,0,0,0,1,26,Downsview-Roding-CFB (26),15419
9000663260,-8840618.812,5410616.164,81321925,2019,2019/04/10 04:00:00+00,1515,15,QUEEN ST W,SHAW ST,30 m West of,Major Arterial,Toronto and East York,10.0,14,43.644659999999995,-79.41663,Intersection,Intersection Related,Traffic Signal,Clear,Daylight,Dry,Non-Fatal Injury,Cyclist Collisions,unknown,2,,0,1,1,0,0,0,0,0,0,1,0,0,0,81,Trinity-Bellwoods (81),15410
9000685425,-8832850.27,5426847.44,81164398,2019,2019/04/16 04:00:00+00,1000,10,DON MILLS RD,KERN RD,,Major Arterial,North York,16.0,33,43.750079,-79.34684399999999,Intersection,Intersection Related,Stop Sign,Clear,Daylight,Dry,Non-Fatal Injury,Turning Movement,80 to 84,2,,0,0,1,0,0,0,0,1,0,1,0,0,0,42,Banbury-Don Mills (42),15425
9000691466,-8827071.564,5431736.318,81163701,2019,2019/04/17 04:00:00+00,805,8,SHEPPARD AV E,KENNEDY ROAD,264 m West of,Major Arterial,Scarborough,22.0,42,43.781795,-79.294933,Mid-Block,Non Intersection,No Control,Clear,Daylight,Dry,Non-Fatal Injury,Pedestrian Collisions,Over 95,2,,1,0,1,0,0,0,0,1,0,0,0,0,0,118,Tam O'Shanter-Sullivan (118),15428
9000700060,-8836258.428,5411638.447000001,81240570,2019,2019/04/18 04:00:00+00,1145,11,VICTORIA ST,LOMBARD ST,,Collector,Toronto and East York,13.0,51,43.651305,-79.37746,Intersection,Intersection Related,Stop Sign,Clear,Daylight,Dry,Non-Fatal Injury,Pedestrian Collisions,unknown,2,,1,0,1,0,0,0,0,0,0,0,0,0,0,75,Church-Yonge Corridor (75),15429
9000709404,-8842612.099,5408874.005,81238831,2019,2019/04/19 04:00:00+00,2145,21,WB LAKE SHORE BLVD W,JAMESON AVE,,Major Arterial,Toronto and East York,4.0,14,43.633334000000005,-79.434536,Intersection,At Intersection,Traffic Signal,Rain,"Dark, artificial",Wet,Non-Fatal Injury,Pedestrian Collisions,25 to 29,2,,1,0,1,0,0,0,0,0,0,1,1,0,0,85,South Parkdale (85),15226
9000716051,-8850203.086000001,5407165.697000001,81240626,2019,2019/04/21 04:00:00+00,108,1,FRED GARDINER EXPRESSWAY,ROYAL YORK RD,151 m West of,Local,Etobicoke York,3.0,22,43.622226,-79.50272700000001,Mid-Block,Non Intersection,No Control,Clear,"Dark, artificial",Dry,Non-Fatal Injury,Sideswipe,20 to 24,2,,0,0,1,0,0,0,0,1,1,1,0,0,0,17,Mimico (includes Humber Bay Shores) (17),15233
9000727833,-8826753.079,5417650.899,81239070,2019,2019/04/23 04:00:00+00,552,5,DANFORTH AVE,SIBLEY AVE,50 m East of,Major Arterial,Toronto and East York,19.0,54,43.690371999999996,-79.29207199999999,Mid-Block,Non Intersection,Traffic Signal,Clear,"Dark, artificial",Dry,Non-Fatal Injury,Turning Movement,50 to 54,2,,0,0,1,1,0,0,0,0,0,0,0,0,0,61,Taylor-Massey (61),15235
9000731621,-8821172.299,5423359.17,81240683,2019,2019/04/23 04:00:00+00,1632,16,COMRIE TER,BRIMLEY RD,200 m East of,Collector,Scarborough,20.0,43,43.727439000000004,-79.241939,Mid-Block,Non Intersection,No Control,Clear,Daylight,Dry,Non-Fatal Injury,Pedestrian Collisions,20 to 24,2,,1,0,1,0,0,0,0,0,0,0,0,0,0,123,Cliffcrest (123),15237
9000736096,-8837463.572,5412174.325,81238775,2019,2019/04/24 04:00:00+00,1005,10,DUNDAS ST W,UNIVERSITY AVE,,Major Arterial,Toronto and East York,,52,43.654788,-79.388286,Intersection,At Intersection,Traffic Signal,Clear,Daylight,Dry,Non-Fatal Injury,Pedestrian Collisions,60 to 64,2,,1,0,1,0,0,0,0,0,0,0,0,0,0,76,Bay Street Corridor (76),15239
9000738008,-8822923.577,5436067.506,81238675,2019,2019/04/24 04:00:00+00,1500,15,FINCH AV E,MIDDLEFIELD RD,,Major Arterial,Scarborough,23.0,42,43.809878999999995,-79.257671,Intersection,At Intersection,Traffic Signal,Clear,Daylight,Dry,Non-Fatal Injury,Turning Movement,60 to 64,2,,0,0,0,0,1,0,0,0,0,1,0,0,0,129,Agincourt North (129),15241
9000755866,-8833547.464,5412428.505,81321912,2019,2019/04/27 04:00:00+00,309,3,EASTERN AVE,LEWIS STREET,30 m East of,Major Arterial,Toronto and East York,,51,43.65644,-79.353107,Mid-Block,Non Intersection,No Control,Clear,"Dark, artificial",Dry,Non-Fatal Injury,SMV Other,25 to 29,2,,0,0,1,0,0,0,0,0,1,1,0,0,0,73,Moss Park (73),15242
9000775776,-8820008.787999999,5440196.8610000005,81240805,2019,2019/04/30 04:00:00+00,725,7,STAINES RD,SOLSTICE DR,10 m South of,Collector,Scarborough,23.0,42,43.836642,-79.231487,Mid-Block,Non Intersection,Stop Sign,Clear,Daylight,Dry,Non-Fatal Injury,Pedestrian Collisions,40 to 44,2,,1,0,0,0,0,1,0,0,0,0,0,0,0,131,Rouge (131),15244
9000786500,-8825713.578,5421624.617000001,81240719,2019,2019/05/01 04:00:00+00,1634,16,FAIRFAX CRES,WARDEN AVE,,Major Arterial,Scarborough,20.0,41,43.716178,-79.28273399999999,Intersection,Intersection Related,Traffic Signal,Rain,Daylight,Wet,Non-Fatal Injury,Pedestrian Collisions,55 to 59,2,,1,0,1,0,0,0,0,0,0,1,0,0,0,120,Clairlea-Birchmount (120),15246
9000789111,-8854934.61,5404007.359,81241149,2019,2019/05/02 04:00:00+00,200,2,BROWN'S LINE,HORNER AVE,,Major Arterial,Etobicoke York,3.0,22,43.601684000000006,-79.545231,Intersection,Intersection Related,Traffic Signal,Clear,"Dark, artificial",Wet,Non-Fatal Injury,SMV Other,30 to 34,2,,0,0,1,0,0,0,0,0,0,0,0,1,0,20,Alderwood (20),15247
9000794551,-8851197.615,5407490.017999999,81240419,2019,2019/05/02 04:00:00+00,1755,17,THE QUEENSWAY,LADY BANK RD,,Major Arterial,Etobicoke York,3.0,22,43.624334999999995,-79.511661,Intersection,At Intersection,Traffic Signal,Clear,Daylight,Dry,Non-Fatal Injury,Pedestrian Collisions,35 to 39,2,,1,0,1,0,0,0,0,0,0,0,0,0,0,16,Stonegate-Queensway (16),15249
9000795261,-8843157.342,5414424.339,81269889,2019,2019/05/02 04:00:00+00,1940,19,DUFFERIN ST,GEARY AV,,Major Arterial,Toronto and East York,9.0,13,43.66941,-79.43943399999999,Intersection,Intersection Related,No Control,Clear,Dusk,Dry,Non-Fatal Injury,Turning Movement,unknown,2,,0,0,1,1,0,0,0,0,0,1,0,0,0,93,Dovercourt-Wallace Emerson-Junction (93),15251
9000814288,-8846382.156,5427307.145,81321798,2019,2019/05/05 04:00:00+00,1530,15,SHEPPARD AV W,1140 SHEPPARD AV W,,Major Arterial,North York,6.0,32,43.753062,-79.46840300000001,Mid-Block,Non Intersection,No Control,Clear,Daylight,Dry,Non-Fatal Injury,Approaching,50 to 54,2,,0,0,1,0,0,0,0,1,1,1,0,0,0,27,York University Heights (27),15255
9000814604,-8862194.422,5426790.421,81331155,2019,2019/05/05 04:00:00+00,1630,16,HWY 27,ROYALCREST RD,,Major Arterial,Etobicoke York,1.0,23,43.749709,-79.610447,Intersection,At Intersection,Traffic Signal,Clear,Daylight,Dry,Non-Fatal Injury,SMV Other,50 to 54,2,,0,0,1,1,0,0,0,0,0,1,0,0,0,1,West Humber-Clairville (1),15257
9000820433,-8839846.7,5411676.14,81241586,2019,2019/05/06 04:00:00+00,1320,13,DUNDAS ST W,EUCLID AVE,,Major Arterial,Toronto and East York,,14,43.65155,-79.40969399999999,Intersection,At Intersection,Stop Sign,Clear,Daylight,Dry,Non-Fatal Injury,Cyclist Collisions,70 to 74,2,,0,1,1,0,0,0,0,1,0,1,0,0,0,81,Trinity-Bellwoods (81),15260
9000824432,-8828184.982,5414009.2870000005,81240794,2019,2019/05/07 04:00:00+00,211,2,WOODBINE AV,QUEEN ST E,235 m South of,Major Arterial,Toronto and East York,19.0,55,43.666713,-79.304935,Mid-Block,Non Intersection,No Control,Clear,"Dark, artificial",Dry,Non-Fatal Injury,SMV Unattended Vehicle,25 to 29,2,,0,0,1,0,0,0,0,1,1,1,0,0,0,63,The Beaches (63),15262
9000846736,-8825654.912,5437080.732999999,81241928,2019,2019/05/10 04:00:00+00,124,1,BRIMLEY RD,MCNICOLL AVE,,Major Arterial,Scarborough,23.0,42,43.816447,-79.282207,Mid-Block,Non Intersection,No Control,Rain,"Dark, artificial",Wet,Fatal,SMV Other,15 to 19,3,18.0,0,0,1,0,0,0,0,1,1,1,0,0,0,130,Milliken (130),15265
9000865737,-8851782.821,5403470.723999999,81242204,2019,2019/05/12 04:00:00+00,2045,20,LAKESHORE BL W,KIPLING AV,,Major Arterial,Etobicoke York,3.0,22,43.598193,-79.516918,Intersection,Intersection Related,Traffic Signal,Rain,"Dark, artificial",Wet,Non-Fatal Injury,Pedestrian Collisions,40 to 44,2,,1,0,1,0,0,0,0,0,0,0,0,0,0,18,New Toronto (18),15271
9000885812,-8845741.735,5413499.0,81242364,2019,2019/05/15 04:00:00+00,1559,15,91 ANNETTE ST,,40 m East of,Minor Arterial,Toronto and East York,4.0,11,43.663396999999996,-79.46265,Mid-Block,At/Near Private Drive,No Control,Clear,Daylight,Dry,Non-Fatal Injury,Cyclist Collisions,40 to 44,2,,0,1,1,0,0,0,0,0,0,1,0,0,0,90,Junction Area (90),15273
9000902435,-8841952.197,5410238.355,81270894,2019,2019/05/17 04:00:00+00,2100,21,QUEEN ST W,DUFFEREIN ST,,Major Arterial,Toronto and East York,,14,43.642204,-79.428608,Intersection,At Intersection,Traffic Signal,Clear,"Dark, artificial",Dry,Non-Fatal Injury,Turning Movement,65 to 69,2,,0,0,1,1,0,0,0,0,0,1,0,0,0,85,South Parkdale (85),15275
9000912450,-8842775.961000001,5409464.942000001,81241067,2019,2019/05/19 04:00:00+00,1154,11,KING ST W,JAMESON AV,,Major Arterial,Toronto and East York,4.0,14,43.637176000000004,-79.436008,Intersection,Intersection Related,Traffic Signal,Clear,Daylight,Dry,Non-Fatal Injury,Pedestrian Collisions,65 to 69,2,,1,0,1,0,0,0,0,0,0,1,0,0,0,85,South Parkdale (85),15278
9000918002,-8836559.992,5409893.1729999995,81241881,2019,2019/05/20 04:00:00+00,920,9,QUEENS QUAY WEST,YORK STREET,10 m West of,Minor Arterial,Toronto and East York,10.0,52,43.639959999999995,-79.380169,Intersection,Intersection Related,Traffic Signal,Clear,Daylight,Dry,Non-Fatal Injury,Pedestrian Collisions,45 to 49,2,,1,0,0,0,0,1,0,0,0,0,0,0,0,77,Waterfront Communities-The Island (77),15280
9000925412,-8840578.848,5410624.932,81262548,2019,2019/05/21 04:00:00+00,1143,11,QUEEN ST W,SHAW ST,,Major Arterial,Toronto and East York,10.0,14,43.644717,-79.416271,Intersection,Intersection Related,Traffic Signal,Clear,Daylight,Dry,Non-Fatal Injury,Pedestrian Collisions,80 to 84,2,,1,0,1,0,0,0,0,0,0,1,0,0,0,81,Trinity-Bellwoods (81),15282
9000931177,-8827253.349,5434738.816000001,81241523,2019,2019/05/22 04:00:00+00,724,7,KENNEDY ROAD,FINCH AVE,,Major Arterial,Scarborough,22.0,42,43.801265,-79.296566,Intersection,Intersection Related,Traffic Signal,Clear,Daylight,Dry,Non-Fatal Injury,Angle,35 to 39,2,,0,0,1,1,0,0,0,0,0,1,1,0,0,117,L'Amoreaux (117),15284
9000933967,-8838695.1,5411027.525,81241571,2019,2019/05/22 04:00:00+00,1439,14,RICHMOND ST W,AUGUSTA AVE,,Major Arterial,Toronto and East York,10.0,14,43.647334,-79.399349,Intersection,Intersection Related,No Control,Clear,Daylight,Dry,Non-Fatal Injury,Pedestrian Collisions,45 to 49,2,,1,0,0,0,1,0,0,0,0,0,0,0,0,77,Waterfront Communities-The Island (77),15286
9000941507,-8837895.937,5409639.216,81242463,2019,2019/05/23 04:00:00+00,1535,15,QUEENS QUAY W,350 QUEENS QUAY W,20 m East of,Major Arterial,Toronto and East York,10.0,52,43.638309,-79.39217,Intersection,At Intersection,Traffic Signal,Clear,Daylight,Dry,Non-Fatal Injury,Approaching,30 to 34,2,,0,0,1,0,0,1,0,1,1,1,0,0,0,77,Waterfront Communities-The Island (77),15289
9000942318,-8833447.277,5412718.39,81329633,2019,2019/05/23 04:00:00+00,1730,17,QUEEN ST E,CARROLL ST,,Major Arterial,Toronto and East York,14.0,55,43.658324,-79.35220699999999,Intersection,At Intersection,Pedestrian Crossover,Clear,Daylight,Dry,Non-Fatal Injury,Pedestrian Collisions,70 to 74,2,,1,0,1,0,0,0,0,0,0,1,0,0,0,70,South Riverdale (70),15291
9000946918,-8834193.785,5412246.024,81262776,2019,2019/05/24 04:00:00+00,1100,11,KING ST E,BRIGHT ST,,Major Arterial,Toronto and East York,13.0,51,43.655254,-79.358913,Intersection,Intersection Related,Stop Sign,Clear,Daylight,Dry,Non-Fatal Injury,Cyclist Collisions,55 to 59,2,,0,1,1,0,0,0,0,0,0,1,0,0,0,73,Moss Park (73),15293
9000983985,-8838736.622000001,5425235.03,81242492,2019,2019/05/29 04:00:00+00,1328,13,14 PLYMBRIDGE RD,,,Local,North York,15.0,32,43.739615,-79.399722,Mid-Block,Non Intersection,No Control,Clear,Daylight,Dry,Fatal,SMV Other,25 to 29,3,19.0,0,0,0,0,1,0,0,1,0,0,0,0,0,41,Bridle Path-Sunnybrook-York Mills (41),15295
9000994854,-8840967.019,5408426.443,81321777,2019,2019/05/30 04:00:00+00,2236,22,E/B LAKESHORE BLVD WEST,ONTARIO DRIVE,,Major Arterial,Toronto and East York,10.0,14,43.630424,-79.419758,Intersection,At Intersection,Traffic Signal,Clear,"Dark, artificial",Dry,Non-Fatal Injury,Turning Movement,20 to 24,2,,0,0,1,1,0,0,0,1,0,1,0,0,0,82,Niagara (82),15298
9001001982,-8828829.633,5416175.703,81262422,2019,2019/05/31 04:00:00+00,2123,21,WOODBINE AVE,GERRARD ST E,,Major Arterial,Toronto and East York,19.0,55,43.680789000000004,-79.310726,Intersection,Intersection Related,Traffic Signal,Clear,Daylight,Dry,Non-Fatal Injury,Turning Movement,45 to 49,2,,0,0,1,1,0,0,0,1,1,1,1,0,0,62,East End-Danforth (62),15301
9001003042,-8849239.171,5419894.547,81332428,2019,2019/06/01 04:00:00+00,45,4,BLACK CREEK,LAWRENCE AVE W,13 m South of,Major Arterial,Etobicoke York,5.0,12,43.704944,-79.494068,Intersection,Intersection Related,Traffic Signal,Clear,"Dark, artificial",Dry,Non-Fatal Injury,Rear End,55 to 59,2,,0,0,1,0,0,0,0,0,1,1,0,1,0,30,Brookhaven-Amesbury (30),15303
9001006697,-8845448.742,5412162.017000001,81242057,2019,2019/06/01 04:00:00+00,1515,15,BLOOR ST W,KEELE ST,,Major Arterial,Toronto and East York,4.0,11,43.654708,-79.460018,Intersection,At Intersection,Traffic Signal,Clear,Daylight,Dry,Non-Fatal Injury,Cyclist Collisions,60 to 64,2,,0,1,1,0,0,0,0,0,0,1,0,0,0,88,High Park North (88),15305
9001007644,-8845306.031,5413655.192000001,81269752,2019,2019/06/01 04:00:00+00,1827,18,DUNDAS ST W,ANNETTE ST,,Major Arterial,,4.0,11,43.664412,-79.458736,Intersection,At Intersection,Traffic Signal,Clear,Daylight,Dry,Non-Fatal Injury,Cyclist Collisions,25 to 29,2,,0,1,1,0,0,0,0,0,0,0,0,0,0,90,Junction Area (90),15307
9001012160,-8818729.727,5436138.002,81262296,2019,2019/06/02 04:00:00+00,1247,12,MCLEVIN AV,HUPFIELD TL,,Minor Arterial,Scarborough,25.0,42,43.810336,-79.21999699999999,Intersection,At Intersection,Traffic Signal,Clear,Daylight,Dry,Non-Fatal Injury,Pedestrian Collisions,75 to 79,2,,1,0,1,0,0,0,0,0,0,1,0,0,0,132,Malvern (132),15309