ACCNUM,X,Y,Index_,YEAR,DATE,TIME,HOUR,STREET1,STREET2,OFFSET,ROAD_CLASS,District,WardNum,Division,LATITUDE,LONGITUDE,LOCCOORD,ACCLOC,TRAFFCTL,VISIBILITY,LIGHT,RDSFCOND,ACCLASS,IMPACTYPE,INVAGE,INJURY,FATAL_NO,PEDESTRIAN,CYCLIST,AUTOMOBILE,MOTORCYCLE,TRUCK,TRSN_CITY_VEH,EMERG_VEH,PASSENGER,SPEEDING,AG_DRIV,REDLIGHT,ALCOHOL,DISABILITY,Hood_ID,Neighbourhood,ObjectId
9001020471,-8825409.453,5432826.172,81242424,2019,2019/06/03 04:00:00+00,1524,15,MIDLAND AVE,LOCKIE AVE,5 m  of,Major Arterial,Scarborough,,42,43.788863,-79.280002,Intersection,Intersection Related,Traffic Signal,Clear,Daylight,Dry,Non-Fatal Injury,Pedestrian Collisions,60 to 64,2,,1,0,1,0,0,0,0,1,0,0,0,0,0,128,Agincourt South-Malvern West (128),15313
9001020911,-8836915.769,5435481.958,81270433,2019,2019/06/03 04:00:00+00,1624,16,STEELES AV E,BESTVIEW DR,12 m West of,Major Arterial,North York,17.0,33,43.806083,-79.383365,Mid-Block,Non Intersection,Stop Sign,Clear,Daylight,Dry,Non-Fatal Injury,Pedestrian Collisions,5 to 9,2,,1,0,1,0,0,0,0,1,0,0,0,0,0,49,Bayview Woods-Steeles (49),15317
9001022166,-8839977.501,5408738.504,81321754,2019,2019/06/03 04:00:00+00,1936,19,LAKSHORE BLVD,NEWFOUNDLAND DR,,Major Arterial,Toronto and East York,10.0,14,43.632453000000005,-79.41086899999999,Intersection,At Intersection,Traffic Signal,Clear,Daylight,Dry,Non-Fatal Injury,Cyclist Collisions,25 to 29,2,,0,1,1,0,0,0,0,0,0,1,0,0,0,82,Niagara (82),15319
9001042474,-8840691.726,5432534.421,81271047,2019,2019/06/06 04:00:00+00,1550,15,3 DREWRY AVE,,25 m West of YONGE ST,Minor Arterial,North York,18.0,32,43.786971,-79.41728499999999,Mid-Block,At/Near Private Drive,No Control,Clear,Daylight,Dry,Non-Fatal Injury,Pedestrian Collisions,70 to 74,2,,1,0,1,0,0,0,0,0,0,0,0,0,0,50,Newtonbrook East (50),15321
9001044395,-8844114.467,5427367.095,81269659,2019,2019/06/06 04:00:00+00,2124,21,SHEPPARD AVE W,GODDARD ST,,Major Arterial,North York,6.0,32,43.753451,-79.448032,Intersection,At Intersection,Traffic Signal,Clear,Dark,Dry,Fatal,Turning Movement,85 to 89,3,20.0,0,0,1,1,0,0,0,0,0,1,1,0,0,33,Clanton Park (33),15323
9001051544,-8830269.216,5416579.153,81270237,2019,2019/06/07 04:00:00+00,1925,19,DANFORTH AVENUE,COXWELL AVENUE,60 m North of,Major Arterial,Toronto and East York,,54,43.683409999999995,-79.323658,Mid-Block,Non Intersection,Traffic Signal,Clear,"Daylight, artificial",Dry,Non-Fatal Injury,Pedestrian Collisions,55 to 59,2,,1,0,1,0,0,0,0,1,0,0,0,0,0,66,Danforth (66),15326
9001051786,-8855720.192,5426826.3270000005,81270560,2019,2019/06/07 04:00:00+00,2018,20,FINCH AV W,MILVAN DR,,Major Arterial,Etobicoke York,7.0,31,43.749942,-79.552288,Intersection,At Intersection,Traffic Signal,Clear,Dusk,Dry,Non-Fatal Injury,Pedestrian Collisions,unknown,2,,1,0,1,0,0,0,0,0,0,1,0,0,0,21,Humber Summit (21),15011
9001064376,-8847051.409,5409218.996,81335138,2019,2019/06/09 04:00:00+00,1812,18,SOUTH KINGSWAY,FRED GARDINER EXPRESSWAY,135 m West of,Major Arterial Ramp,Toronto and East York,4.0,11,43.635577000000005,-79.47441500000001,Mid-Block,Non Intersection,No Control,Clear,Daylight,Dry,Non-Fatal Injury,SMV Other,25 to 29,2,,0,0,1,0,0,0,0,0,1,1,0,0,0,87,High Park-Swansea (87),15015
9001065418,-8835765.839,5410279.427,81271108,2019,2019/06/09 04:00:00+00,2132,21,QUEENS QY E,FREELAND ST,10 m East of,Minor Arterial,Toronto and East York,10.0,51,43.642471,-79.373035,Mid-Block,Non Intersection,No Control,Clear,"Dark, artificial",Dry,Non-Fatal Injury,Turning Movement,55 to 59,2,,0,0,1,1,0,0,0,0,0,1,0,0,0,77,Waterfront Communities-The Island (77),15017
9001076374,-8823929.126,5421482.46,81269788,2019,2019/06/11 04:00:00+00,1305,13,ST CLAIR AVE E,NORTH WOODROW BLVD,,Major Arterial,Scarborough,20.0,41,43.715255,-79.266704,Intersection,Intersection Related,Stop Sign,Clear,Daylight,Dry,Non-Fatal Injury,Pedestrian Collisions,55 to 59,2,,1,0,1,0,0,0,0,1,0,1,0,0,0,120,Clairlea-Birchmount (120),15021
9001080301,-8845783.368999999,5415058.418,81269816,2019,2019/06/11 04:00:00+00,2313,23,ST.CLAIR AVE WEST,OLD WESTON RD,,Major Arterial,Toronto and East York,9.0,12,43.67353,-79.463024,Intersection,At Intersection,Traffic Signal,Clear,"Dark, artificial",Dry,Non-Fatal Injury,Pedestrian Collisions,75 to 79,2,,1,0,1,0,0,0,0,0,0,0,0,0,0,91,Weston-Pellam Park (91),15023
9001086071,-8854232.184,5410042.842,81270075,2019,2019/06/12 04:00:00+00,1750,17,BLOOR ST W,JOPLING AV N,26 m East of,Major Arterial,Etobicoke York,,22,43.640933000000004,-79.538921,Mid-Block,At/Near Private Drive,No Control,Clear,Daylight,Dry,Non-Fatal Injury,Pedestrian Collisions,55 to 59,2,,1,0,1,0,0,0,0,0,0,1,0,0,0,14,Islington-City Centre West (14),15026
9001093937,-8832214.079,5430864.59,81270266,2019,2019/06/13 04:00:00+00,1934,19,SHEPPARD AVE E,FAIRVIEW MALL DR,,Major Arterial,North York,17.0,33,43.776140999999996,-79.34112900000001,Intersection,At Intersection,Traffic Signal,Clear,Daylight,Wet,Fatal,Turning Movement,80 to 84,3,22.0,0,0,1,0,0,0,0,1,0,0,0,0,1,53,Henry Farm (53),15031
9001103097,-8841952.197,5410238.355,81269874,2019,2019/06/15 04:00:00+00,48,4,QUEEN ST W,DUFFERIN ST,,Major Arterial,Toronto and East York,,14,43.642204,-79.428608,Intersection,At Intersection,Traffic Signal,Clear,"Dark, artificial",Dry,Non-Fatal Injury,Cyclist Collisions,45 to 49,2,,0,1,1,0,0,0,0,0,0,1,0,0,0,85,South Parkdale (85),15033
9001113942,-8851995.107,5406360.866,81270537,2019,2019/06/16 04:00:00+00,1710,17,EVANS AV,HORNER AV,,Major Arterial,Etobicoke York,3.0,22,43.616991999999996,-79.518825,Intersection,Intersection Related,Traffic Signal,Clear,Daylight,Dry,Non-Fatal Injury,Cyclist Collisions,70 to 74,2,,0,1,1,0,0,0,0,0,0,0,0,0,0,17,Mimico (includes Humber Bay Shores) (17),15035
9001127498,-8856145.655,5405923.266,81270269,2019,2019/06/18 04:00:00+00,1200,12,THE QUEENSWAY,NORTH QUEEN ST,,Major Arterial,Etobicoke York,3.0,22,43.614146000000005,-79.55611,Intersection,At Intersection,Traffic Signal,Clear,Daylight,Dry,Fatal,Turning Movement,75 to 79,3,21.0,0,0,1,1,0,0,0,1,0,1,0,0,0,14,Islington-City Centre West (14),15038
9001143584,-8834508.819,5413020.592999999,81269664,2019,2019/06/20 04:00:00+00,1315,13,REGENT PARK BLVD,DUNDAS ST E,,Major Arterial,Toronto and East York,13.0,51,43.660288,-79.361743,Intersection,At Intersection,Traffic Signal,Clear,Daylight,Dry,Fatal,Pedestrian Collisions,40 to 44,3,23.0,1,0,1,0,0,0,0,0,0,0,0,0,0,72,Regent Park (72),15040
9001144678,-8824177.146,5418418.531,81322491,2019,2019/06/20 04:00:00+00,1532,15,DANFORTH AV,BYRON AV,110 m West of,Minor Arterial,Scarborough,20.0,41,43.695358,-79.26893199999999,Mid-Block,Non Intersection,No Control,Clear,Daylight,Dry,Non-Fatal Injury,Turning Movement,70 to 74,2,,0,0,1,1,0,0,0,1,0,0,0,0,0,122,Birchcliffe-Cliffside (122),15043
9001146932,-8824416.706,5421312.121,81331475,2019,2019/06/20 04:00:00+00,2204,22,ST. CLAIR AV E,BIRCHMOUNT RD,2 m East of,Major Arterial,Scarborough,20.0,41,43.714149,-79.271084,Intersection,At Intersection,Traffic Signal,Rain,"Dark, artificial",Wet,Non-Fatal Injury,Pedestrian Collisions,unknown,2,,1,0,1,0,0,0,0,0,0,0,0,0,0,120,Clairlea-Birchmount (120),15045
9001150354,-8852420.682,5410345.727999999,81321893,2019,2019/06/21 04:00:00+00,1230,12,ISLINGTON AV,MEADOWVALE DR,,Major Arterial,Etobicoke York,3.0,22,43.642902,-79.522648,Intersection,At Intersection,No Control,Clear,Daylight,Dry,Non-Fatal Injury,Turning Movement,65 to 69,2,,0,0,1,1,0,0,0,0,0,1,0,0,0,16,Stonegate-Queensway (16),15047
9001160017,-8818262.63,5428650.64,81270758,2019,2019/06/22 04:00:00+00,1909,19,LAWRENCE AVE E,SCARBOROUGH GOLF CLUB RD,3 metres east,Major Arterial,Scarborough,24.0,43,43.761779,-79.215801,Intersection,At Intersection,Traffic Signal,Clear,Daylight,Dry,Fatal,Angle,75 to 79,3,24.0,0,0,1,0,0,0,0,1,0,1,1,0,0,137,Woburn (137),15052
9001177168,-8828594.415,5427320.091,81278220,2019,2019/06/25 04:00:00+00,820,8,PHARMACY AVE,PRINCEWAY DR,2 m North of,Minor Arterial,Scarborough,21.0,41,43.753146,-79.308613,Intersection,Intersection Related,Stop Sign,Clear,Daylight,Dry,Non-Fatal Injury,Turning Movement,30 to 34,2,,0,0,1,1,0,0,0,0,0,0,0,0,0,119,Wexford/Maryvale (119),15054
9001180401,-8847010.555,5415883.247,81333196,2019,2019/06/25 04:00:00+00,1609,16,NORTHLAND AV,WESTON RD,,Major Arterial,Etobicoke York,5.0,12,43.678889,-79.474048,Intersection,At Intersection,Traffic Signal,Clear,Daylight,Dry,Non-Fatal Injury,Cyclist Collisions,50 to 54,2,,0,1,1,0,0,0,0,0,0,0,0,0,0,90,Junction Area (90),15056
9001182119,-8824354.701,5429282.152000001,81278210,2019,2019/06/25 04:00:00+00,2002,20,MIDLAND AVENUE,MIDWEST ROAD,,Major Arterial,Scarborough,21.0,41,43.765876,-79.270527,Mid-Block,Non Intersection,No Control,Clear,Daylight,Dry,Non-Fatal Injury,Pedestrian Collisions,55 to 59,2,,1,0,1,0,0,0,0,1,0,0,0,0,0,127,Bendale (127),15064
9001182674,-8845729.824,5429893.667,81271125,2019,2019/06/25 04:00:00+00,2213,22,FINCH AVE W,715 FINCH AVE W,6 m North of,Major Arterial,North York,6.0,32,43.769843,-79.46254300000001,Mid-Block,Non Intersection,No Control,Clear,"Dark, artificial",Dry,Non-Fatal Injury,Turning Movement,65 to 69,2,,0,0,1,1,0,0,0,0,0,1,0,0,0,34,Bathurst Manor (34),15066
9001184914,-8836324.662999999,5411839.225,81270268,2019,2019/06/26 04:00:00+00,902,9,VICTORIA ST,QUEEN ST E,,Major Arterial,Toronto and East York,13.0,51,43.652609999999996,-79.378055,Intersection,At Intersection,Traffic Signal,Clear,Daylight,Dry,Fatal,Pedestrian Collisions,55 to 59,3,25.0,1,0,0,0,1,0,0,0,0,0,0,0,0,75,Church-Yonge Corridor (75),15068
9001196370,-8850857.979,5403750.49,81278367,2019,2019/06/27 04:00:00+00,1850,18,LAKE SHORE BLVD W,TENTH ST,6 m West of,Major Arterial,Etobicoke York,3.0,22,43.600013,-79.50861,Intersection,Intersection Related,Traffic Signal,Clear,Daylight,Dry,Non-Fatal Injury,Pedestrian Collisions,80 to 84,2,,1,0,1,0,0,0,0,0,0,1,0,0,0,18,New Toronto (18),15070
9001201240,-8834843.557,5411897.382,81278248,2019,2019/06/28 04:00:00+00,1222,12,ADELAIDE STREET,AT BERKELEY STREET,1 m West of,Major Arterial,Toronto and East York,13.0,51,43.652988,-79.36475,Intersection,At Intersection,Traffic Signal,Clear,Daylight,Dry,Non-Fatal Injury,Cyclist Collisions,60 to 64,2,,0,1,1,0,0,0,0,1,0,0,0,0,0,73,Moss Park (73),15074
9001220436,-8842739.447999999,5415990.069,81334488,2019,2019/07/01 04:00:00+00,719,7,ST CLAIR AVE W,OAKWOOD AVE,,Major Arterial,Toronto and East York,9.0,13,43.679583,-79.43568,Intersection,At Intersection,Traffic Signal,Clear,Daylight,Dry,Non-Fatal Injury,Pedestrian Collisions,60 to 64,2,,1,0,1,0,0,0,0,0,0,0,0,0,0,94,Wychwood (94),15076
9001227477,-8820993.186,5421938.972,81333138,2019,2019/07/02 04:00:00+00,1015,10,BRIMLEY ROAD,KINGSTON ROAD,,Major Arterial,Scarborough,20.0,43,43.718219,-79.24033,Intersection,At Intersection,Traffic Signal,Clear,Daylight,Dry,Non-Fatal Injury,Angle,60 to 64,2,,0,0,1,0,0,0,0,1,0,1,1,0,0,123,Cliffcrest (123),15081
9001233814,-8829396.917000001,5418025.007999999,81408531,2019,2019/07/03 04:00:00+00,635,6,WOODBINE AVE,MORTIMER AVE,19 m East of,Major Arterial,Toronto and East York,19.0,54,43.692802,-79.315822,Mid-Block,Non Intersection,No Control,Clear,Daylight,Dry,Non-Fatal Injury,SMV Other,40 to 44,2,,0,0,1,0,0,0,0,0,0,0,0,0,1,60,Woodbine-Lumsden (60),15082
9001234049,-8841445.137,5415334.379,81271058,2019,2019/07/03 04:00:00+00,735,7,DAVENPORT ROAD,HECTOR AVENUE,,Minor Arterial,Toronto and East York,12.0,13,43.675323,-79.424053,Intersection,At Intersection,No Control,Clear,"Daylight, artificial",Dry,Non-Fatal Injury,Cyclist Collisions,45 to 49,2,,0,1,1,0,0,0,0,0,0,1,0,0,0,94,Wychwood (94),15084
9001234628,-8847447.929,5420451.387,81270924,2019,2019/07/03 04:00:00+00,920,9,LAWRENCE AV W,KEELE ST,10 m East of,Major Arterial,Etobicoke York,5.0,12,43.70856,-79.477977,Mid-Block,Non Intersection,No Control,Clear,Daylight,Dry,Non-Fatal Injury,Pedestrian Collisions,50 to 54,2,,1,0,1,0,0,0,0,0,0,0,0,0,0,30,Brookhaven-Amesbury (30),15086
9001246543,-8840949.988,5433975.685,81321774,2019,2019/07/04 04:00:00+00,1915,19,YONGE ST,ABITIBI AVE,,Major Arterial,North York,18.0,32,43.796316999999995,-79.419605,Intersection,Intersection Related,Stop Sign,Clear,Daylight,Dry,Non-Fatal Injury,Turning Movement,70 to 74,2,,0,0,1,0,0,0,0,1,1,1,0,0,0,50,Newtonbrook East (50),15089
9001268275,-8818466.456,5434253.446,81321610,2019,2019/07/07 04:00:00+00,2010,20,SHEPPARD AVE E,NEILSON RD,,Major Arterial,Scarborough,,42,43.798118,-79.217632,Intersection,Intersection Related,Traffic Signal,Clear,Daylight,Dry,Non-Fatal Injury,Pedestrian Collisions,25 to 29,2,,1,0,1,0,0,0,0,0,0,0,0,0,0,132,Malvern (132),15091
9001270000,-8845182.911,5411173.058999999,81322162,2019,2019/07/08 04:00:00+00,251,2,PARKSIDE DR,CONSTANCE ST,,Major Arterial,Toronto and East York,4.0,11,43.64828,-79.45763000000001,Intersection,At Intersection,Stop Sign,Clear,"Dark, artificial",Dry,Non-Fatal Injury,Pedestrian Collisions,45 to 49,2,,1,0,1,0,0,0,0,1,0,0,0,0,0,87,High Park-Swansea (87),15094
9001287128,-8852020.6,5427917.913,81278473,2019,2019/07/10 04:00:00+00,1221,12,FINCH AVE W,JANE ST,west of,Major Arterial,Etobicoke York,7.0,31,43.757025,-79.519054,Mid-Block,Non Intersection,No Control,Clear,Daylight,Dry,Fatal,Pedestrian Collisions,60 to 64,3,26.0,1,0,1,0,0,0,0,0,0,0,0,0,0,25,Glenfield-Jane Heights (25),15097
9001303685,-8846573.18,5432050.401000001,81331023,2019,2019/07/12 04:00:00+00,1415,14,DUFFERIN ST,GERRY FITZGERALD DR,,Major Arterial,North York,6.0,32,43.783832000000004,-79.470119,Intersection,At Intersection,Traffic Signal,Clear,Daylight,Dry,Non-Fatal Injury,Pedestrian Collisions,80 to 84,2,,1,0,1,0,0,0,0,0,0,1,0,0,0,34,Bathurst Manor (34),15099
9001305617,-8855626.795,5427852.719,81331106,2019,2019/07/12 04:00:00+00,1820,18,TORYORK DR,113 TORYORK DR,,Collector,Etobicoke York,7.0,31,43.756602,-79.551449,Mid-Block,Non Intersection,No Control,Clear,Daylight,Dry,Non-Fatal Injury,Turning Movement,35 to 39,2,,0,0,1,1,0,0,0,0,0,1,0,0,0,21,Humber Summit (21),15101
9001317528,-8828455.933,5425701.281,81322189,2019,2019/07/14 04:00:00+00,1309,13,LAWRENCE AV E,TOWNLEY AV,4 m West of,Major Arterial,Scarborough,21.0,41,43.742641,-79.307369,Mid-Block,Non Intersection,No Control,Clear,Daylight,Dry,Non-Fatal Injury,Sideswipe,70 to 74,2,,0,0,1,1,0,0,0,1,1,1,0,0,0,119,Wexford/Maryvale (119),15107
9001332621,-8833814.965,5435249.507,81278475,2019,2019/07/16 04:00:00+00,1401,14,BARKWOOD CRES,CLIFFWOOD RD,,Local,North York,17.0,33,43.804576000000004,-79.35551,Intersection,At Intersection,No Control,Clear,Daylight,Dry,Fatal,Pedestrian Collisions,65 to 69,3,27.0,1,0,0,0,1,0,0,0,0,1,0,0,0,48,Hillcrest Village (48),15109
9001351159,-8852643.098,5411924.306,81322095,2019,2019/07/18 04:00:00+00,2240,22,DUNDAS ST W,DONNYBROOK LANE,,Major Arterial,Etobicoke York,2.0,22,43.653163,-79.52464599999999,Intersection,Intersection Related,No Control,Clear,"Dark, artificial",Dry,Fatal,Turning Movement,55 to 59,3,28.0,0,0,1,1,0,0,0,0,0,1,0,0,0,15,Kingsway South (15),15111
9001359532,-8838352.793,5415130.601,81330472,2019,2019/07/20 04:00:00+00,110,1,AVENUE RD,BERNARD AV,5 m South of,Major Arterial,Toronto and East York,11.0,53,43.673999,-79.396274,Mid-Block,Non Intersection,No Control,Clear,"Dark, artificial",Dry,Non-Fatal Injury,Pedestrian Collisions,50 to 54,2,,1,0,1,0,0,0,0,0,0,0,0,0,0,95,Annex (95),15113
9001359659,-8837467.023,5414501.749,81330504,2019,2019/07/20 04:00:00+00,135,1,BLOOR ST W,BALMUTO ST,28 m West of,Major Arterial,Toronto and East York,11.0,53,43.669913,-79.388317,Mid-Block,Non Intersection,No Control,Clear,"Dark, artificial",Dry,Non-Fatal Injury,Pedestrian Collisions,40 to 44,2,,1,0,1,0,0,0,0,0,0,0,0,0,0,95,Annex (95),15115
9001388316,-8829245.745,5427714.011,81330889,2019,2019/07/24 04:00:00+00,549,5,VICTORIA PARK AVENUE,IVORDALE CRESENT,,Major Arterial,North York,,41,43.755702,-79.314464,Intersection,Intersection Related,Stop Sign,Clear,Daylight,Dry,Non-Fatal Injury,Turning Movement,45 to 49,2,,0,0,1,0,0,0,0,0,0,1,0,0,0,119,Wexford/Maryvale (119),15224
9001400690,-8842398.922,5424907.158,81333255,2019,2019/07/25 04:00:00+00,1857,18,WILSON AV,BATHURST ST,110 m East of,Major Arterial,North York,6.0,32,43.737487,-79.432621,,At/Near Private Drive,Stop Sign,Clear,Daylight,Dry,Non-Fatal Injury,Turning Movement,30 to 34,2,,0,0,1,0,0,0,0,0,0,1,0,0,0,38,Lansing-Westgate (38),15447
9001401954,-8810252.08,5434071.612000001,81333273,2019,2019/07/25 04:00:00+00,2245,22,KINGSTON RD,PORT UNION RD,290 m East of,Minor Arterial,Scarborough,25.0,43,43.796939,-79.14384100000001,Mid-Block,Non Intersection,No Control,Clear,"Dark, artificial",Dry,Non-Fatal Injury,Turning Movement,unknown,2,,0,0,1,0,0,0,0,0,0,1,0,0,0,131,Rouge (131),15538
9001407311,-8852471.555,5407092.346,81331262,2019,2019/07/26 04:00:00+00,1436,14,THE QUEENSWAY,TRUEMAN AV,20 m West of,Major Arterial,Etobicoke York,3.0,22,43.621749,-79.523105,Mid-Block,Non Intersection,Stop Sign,Clear,Daylight,Dry,Non-Fatal Injury,Cyclist Collisions,50 to 54,2,,0,1,1,0,0,0,0,1,0,0,0,0,0,14,Islington-City Centre West (14),15627
9001409746,-8829329.012,5428047.377,81332965,2019,2019/07/26 04:00:00+00,2310,23,ELLESMERE RD,VICTORIA PARK AV,,Major Arterial,North York,,41,43.757865,-79.315212,Intersection,At Intersection,Traffic Signal,Clear,"Dark, artificial",Dry,Non-Fatal Injury,Turning Movement,30 to 34,2,,0,0,1,0,0,0,0,1,0,1,0,1,0,119,Wexford/Maryvale (119),15730
9001417397,-8823372.863,5425270.93,81322435,2019,2019/07/28 04:00:00+00,148,1,FITZGIBBON AV,LORD ROBERTS DR,85 m South of,Local,Scarborough,21.0,41,43.739847999999995,-79.261707,,At/Near Private Drive,No Control,Clear,"Dark, artificial",Dry,Non-Fatal Injury,SMV Other,25 to 29,2,,0,0,1,0,0,0,0,1,1,1,0,0,0,138,Eglinton East (138),15733
9001419121,-8857889.252,5428369.503,81322614,2019,2019/07/28 04:00:00+00,1054,10,ISLINGTON AVE,MILLWICK DR,,Major Arterial,Etobicoke York,7.0,31,43.759955,-79.571773,Intersection,At Intersection,Traffic Signal,Clear,Daylight,Dry,Fatal,Pedestrian Collisions,70 to 74,3,29.0,1,0,1,0,0,0,0,0,0,1,0,0,0,21,Humber Summit (21),15736
9001429449,-8832394.194,5414151.329,81322218,2019,2019/07/29 04:00:00+00,1937,19,GERRARD ST E,CARLAW AVE,,Minor Arterial,Toronto and East York,14.0,55,43.667636,-79.342747,Intersection,At Intersection,Traffic Signal,Clear,Daylight,Dry,Non-Fatal Injury,Cyclist Collisions,55 to 59,2,,0,1,1,0,0,0,0,1,0,0,0,0,0,70,South Riverdale (70),15739
9001431003,-8837130.727,5412270.027000001,81322429,2019,2019/07/30 04:00:00+00,39,3,GERRARD ST.W,ELIZABETH ST.,63 m East of,Major Arterial,Toronto and East York,,52,43.655409999999996,-79.385296,Mid-Block,Non Intersection,No Control,Rain,"Dark, artificial",Wet,Non-Fatal Injury,Pedestrian Collisions,50 to 54,2,,1,0,1,0,0,0,0,0,0,1,0,1,0,76,Bay Street Corridor (76),15741
9001442933,-8841444.246,5411072.754,81330175,2019,2019/07/31 04:00:00+00,1748,17,220 DOVERCOURT RD,220 DOVERCOURT RD,,Collector,Toronto and East York,,14,43.647628000000005,-79.42404499999999,Mid-Block,Non Intersection,No Control,Clear,Daylight,Dry,Non-Fatal Injury,Cyclist Collisions,30 to 34,2,,0,1,1,0,0,0,0,1,0,1,0,0,0,81,Trinity-Bellwoods (81),15745
9001444522,-8841756.831,5410221.896000001,81330486,2019,2019/07/31 04:00:00+00,2147,21,QUEEN ST W,GLADSTONE AVE,51 m East of,Pending,Toronto and East York,9.0,14,43.642097,-79.42685300000001,Mid-Block,Non Intersection,No Control,Clear,"Dark, artificial",Dry,Non-Fatal Injury,Pedestrian Collisions,35 to 39,2,,1,0,1,0,0,1,0,1,0,0,0,0,0,84,Little Portugal (84),15749
9001460001,-8857435.736,5425663.53,81322616,2019,2019/08/02 04:00:00+00,2237,22,ISLINGTON AVE,BEAUMONDE HEIGHTS DR,,Major Arterial,Etobicoke York,1.0,23,43.742396,-79.567699,Intersection,At Intersection,Traffic Signal,Clear,Dark,Dry,Fatal,Turning Movement,65 to 69,3,30.0,0,0,1,1,0,0,0,0,0,1,0,0,0,3,Thistletown-Beaumond Heights (3),15751
9001462666,-8827790.911,5428961.535,81278474,2019,2019/08/03 04:00:00+00,917,9,WARDEN AVE,SYLLA AVE,,Major Arterial,Scarborough,21.0,41,43.763796,-79.301395,Intersection,At Intersection,No Control,Clear,Daylight,Dry,Fatal,SMV Other,55 to 59,3,31.0,0,0,1,0,0,0,0,0,0,0,0,0,0,119,Wexford/Maryvale (119),15754
9001464052,-8847941.408,5420293.386,81330070,2019,2019/08/03 04:00:00+00,1435,14,LAWRENCE AV W,PIMLICO RD,,Major Arterial,Etobicoke York,5.0,12,43.707534,-79.48241,Intersection,Intersection Related,Traffic Signal,Clear,Daylight,Dry,Non-Fatal Injury,SMV Other,25 to 29,2,,0,0,0,1,0,0,0,0,0,0,0,0,0,30,Brookhaven-Amesbury (30),15755
9001464095,-8844747.207,5420561.804,81330558,2019,2019/08/03 04:00:00+00,1435,14,2929 DUFFERIN STREET,GLENBROOK AVENUE,20 m North of,Major Arterial,North York,8.0,13,43.709277,-79.453716,Mid-Block,Non Intersection,No Control,Clear,"Daylight, artificial",Dry,Non-Fatal Injury,Cyclist Collisions,45 to 49,2,,0,1,1,0,0,0,0,0,0,0,0,0,0,31,Yorkdale-Glen Park (31),15757
9001464192,-8836791.871,5411163.675,81335109,2019,2019/08/03 04:00:00+00,1500,15,55 KING ST W,Bay Street,100 m West of,Major Arterial,Toronto and East York,10.0,52,43.648219,-79.38225200000001,Mid-Block,Non Intersection,No Control,Clear,Daylight,Dry,Non-Fatal Injury,Pedestrian Collisions,25 to 29,2,,1,0,1,0,0,0,0,0,0,0,0,0,0,76,Bay Street Corridor (76),15761
9001466378,-8846547.688,5409470.172,81329709,2019,2019/08/03 04:00:00+00,2027,20,WINDERMIRE AV,THE QUEENSWAY,,Major Arterial,Toronto and East York,4.0,11,43.637209999999996,-79.46989,Intersection,At Intersection,Traffic Signal,Clear,"Dark, artificial",Dry,Non-Fatal Injury,Turning Movement,20 to 24,2,,0,0,1,1,0,0,0,1,1,1,0,0,0,87,High Park-Swansea (87),15764
9001468146,-8839928.297,5413450.989,81332614,2019,2019/08/04 04:00:00+00,257,2,BATHURST ST,BLOOR ST W,233 m South of,Major Arterial,Toronto and East York,11.0,14,43.663084999999995,-79.410427,Mid-Block,Non Intersection,No Control,Clear,Daylight,Dry,Non-Fatal Injury,Pedestrian Collisions,30 to 34,2,,1,0,1,0,0,0,0,0,0,0,0,0,0,79,University (79),15767
9001473932,-8834868.159,5412504.207,81329643,2019,2019/08/05 04:00:00+00,41,4,PARLIAMENT ST,SHUTER ST,,Minor Arterial,Toronto and East York,13.0,51,43.656932,-79.364971,Intersection,At Intersection,Traffic Signal,Clear,"Dark, artificial",Dry,Non-Fatal Injury,Angle,unknown,2,,0,0,1,0,0,0,0,1,1,1,1,0,0,72,Regent Park (72),15772
9001478077,-8836102.135,5435721.972,81329538,2019,2019/08/05 04:00:00+00,1648,16,STEELES AVE E,BLUFFWOOD DR,,Major Arterial,North York,17.0,33,43.807639,-79.376056,Intersection,At Intersection,Traffic Signal,Clear,Daylight,Dry,Fatal,Turning Movement,40 to 44,3,32.0,0,0,1,1,0,0,0,0,0,1,0,0,0,49,Bayview Woods-Steeles (49),15774
9001479866,-8828925.59,5426409.485,81329877,2019,2019/08/05 04:00:00+00,2220,22,NB VICTORIA PARK AVE,CURLEW DR,81 m South of,Major Arterial,North York,,41,43.747237,-79.311588,Mid-Block,Non Intersection,No Control,Clear,"Dark, artificial",Dry,Non-Fatal Injury,Rear End,25 to 29,2,,0,0,1,1,0,0,0,0,1,1,0,0,0,119,Wexford/Maryvale (119),15776
9001504654,-8840237.432,5431487.465,81330297,2019,2019/08/09 04:00:00+00,945,9,31  FINCH AVE E,,,Major Arterial,North York,18.0,32,43.780181,-79.41320400000001,Mid-Block,Non Intersection,No Control,Clear,Daylight,Dry,Fatal,Pedestrian Collisions,65 to 69,3,33.0,1,0,1,0,0,0,0,0,0,0,0,0,0,51,Willowdale East (51),15778