ACCNUM,X,Y,Index_,YEAR,DATE,TIME,HOUR,STREET1,STREET2,OFFSET,ROAD_CLASS,District,WardNum,Division,LATITUDE,LONGITUDE,LOCCOORD,ACCLOC,TRAFFCTL,VISIBILITY,LIGHT,RDSFCOND,ACCLASS,IMPACTYPE,INVAGE,INJURY,FATAL_NO,PEDESTRIAN,CYCLIST,AUTOMOBILE,MOTORCYCLE,TRUCK,TRSN_CITY_VEH,EMERG_VEH,PASSENGER,SPEEDING,AG_DRIV,REDLIGHT,ALCOHOL,DISABILITY,Hood_ID,Neighbourhood,ObjectId
9001520840,-8850804.434,5422070.507999999,81331699,2019,2019/08/11 04:00:00+00,1505,15,JANE ST,BEVERLY HILLS DR,,Major Arterial,Etobicoke York,,31,43.719073,-79.508129,Intersection,Intersection Related,Traffic Signal,Clear,Daylight,Dry,Non-Fatal Injury,Turning Movement,5 to 9,2,,0,0,1,0,0,0,0,1,0,0,0,0,0,26,Downsview-Roding-CFB (26),15784
9001526087,-8837237.705,5411449.52,81330387,2019,2019/08/12 04:00:00+00,1044,10,RICHMOND ST W,UNIVERSITY AV,,Major Arterial,Toronto and East York,10.0,52,43.650077,-79.386257,Intersection,At Intersection,Traffic Signal,Clear,Daylight,Dry,Non-Fatal Injury,Cyclist Collisions,45 to 49,2,,0,1,1,0,0,0,0,0,0,1,0,0,0,76,Bay Street Corridor (76),15786
9001534741,-8824870.11,5439322.017000001,81330298,2019,2019/08/13 04:00:00+00,1329,13,STEELES AVE E,MCCOWAN RD,,Major Arterial,Scarborough,23.0,42,43.830973,-79.275157,Intersection,At Intersection,Traffic Signal,Clear,Daylight,Dry,Fatal,Turning Movement,40 to 44,3,34.0,0,0,1,1,0,0,0,0,0,1,0,0,0,130,Milliken (130),15788
9001541492,-8844655.479,5420022.051,81330444,2019,2019/08/14 04:00:00+00,1149,11,DUFFERINN ST,TYCOS DR,7 m West of,Major Arterial,North York,8.0,13,43.705771999999996,-79.452892,Intersection,At Intersection,Stop Sign,Clear,Daylight,Dry,Non-Fatal Injury,Turning Movement,25 to 29,2,,0,0,1,1,0,0,0,1,0,1,0,0,0,31,Yorkdale-Glen Park (31),15791
9001547206,-8837500.085,5411501.828,81330938,2019,2019/08/15 04:00:00+00,648,6,QUEEN ST W,ST PATRICK STREET,7 m North of,Major Arterial,Toronto and East York,10.0,52,43.650417,-79.388614,Intersection,At Intersection,Traffic Signal,Clear,Daylight,Dry,Non-Fatal Injury,Pedestrian Collisions,60 to 64,2,,1,0,1,0,0,0,0,1,0,1,1,0,0,78,Kensington-Chinatown (78),15794
9001563776,-8832723.7,5431402.819,81331537,2019,2019/08/17 04:00:00+00,1235,12,GODSTONE RD,FAIRVIEW MALL DR,,Minor Arterial,North York,17.0,33,43.779632,-79.34570699999999,Intersection,At Intersection,Traffic Signal,Clear,Daylight,Dry,Non-Fatal Injury,Pedestrian Collisions,75 to 79,2,,1,0,1,0,0,0,0,0,0,0,0,0,0,47,Don Valley Village (47),15797
9001567652,-8823903.634,5435781.5139999995,81332393,2019,2019/08/17 04:00:00+00,2305,23,FINCH AVE E,MCCOWAN RD,,Major Arterial,Scarborough,23.0,42,43.808025,-79.266475,Intersection,At Intersection,Traffic Signal,Clear,"Dark, artificial",Dry,Non-Fatal Injury,Pedestrian Collisions,35 to 39,2,,1,0,1,0,0,0,0,0,0,0,0,0,0,129,Agincourt North (129),15799
9001579618,-8824482.05,5417168.121,81330762,2019,2019/08/19 04:00:00+00,1730,17,KINGSTON RD,HAIG AVE,3 m West of,Major Arterial,Scarborough,20.0,41,43.687236,-79.271671,Mid-Block,Non Intersection,Stop Sign,Clear,Daylight,Dry,Non-Fatal Injury,Sideswipe,35 to 39,2,,0,0,1,1,0,0,0,0,0,0,0,0,0,122,Birchcliffe-Cliffside (122),15801
9001581091,-8821518.837000001,5437264.941000001,81331277,2019,2019/08/19 04:00:00+00,2118,21,MARKHAM RD,NASHDENE RD,300 m South of,Major Arterial,Scarborough,23.0,42,43.817640999999995,-79.245052,Mid-Block,Non Intersection,No Control,Clear,"Dark, artificial",Dry,Non-Fatal Injury,Rear End,25 to 29,2,,0,0,1,1,0,0,0,1,1,1,0,0,0,131,Rouge (131),15804
9001585918,-8820813.962000001,5433596.919,81330336,2019,2019/08/20 04:00:00+00,1515,15,SHEPPARD AVE E,MARKHAM RD,,Major Arterial,Scarborough,23.0,42,43.793861,-79.23872,Intersection,Intersection Related,Traffic Signal,Clear,Daylight,Dry,Non-Fatal Injury,Pedestrian Collisions,70 to 74,2,,1,0,1,0,0,0,0,0,0,1,0,0,0,132,Malvern (132),15806
9001588399,-8837180.71,5435391.877,81330299,2019,2019/08/20 04:00:00+00,2112,21,STEELES AVE E,LAURELEAF RD S,,Major Arterial,North York,17.0,33,43.805499,-79.385745,Intersection,At Intersection,Traffic Signal,Clear,"Dark, artificial",Dry,Fatal,Pedestrian Collisions,60 to 64,3,35.0,1,0,1,0,0,0,0,0,0,0,0,0,0,49,Bayview Woods-Steeles (49),15808
9001591969,-8825245.479,5432273.211,81330776,2019,2019/08/21 04:00:00+00,1130,11,SHEPPARD AVE E,MIDLAND AVE,,Major Arterial,Scarborough,,42,43.785277,-79.278529,Intersection,At Intersection,Traffic Signal,Clear,Daylight,Dry,Fatal,Pedestrian Collisions,unknown,3,36.0,1,0,1,0,1,0,0,0,0,1,0,0,0,128,Agincourt South-Malvern West (128),15811
9001598052,-8853462.743999999,5413634.725,81331076,2019,2019/08/22 04:00:00+00,815,8,ISLINGTON AV,ANGLESEY BV,,Major Arterial,Etobicoke York,2.0,22,43.664279,-79.532009,Intersection,Intersection Related,Stop Sign,Clear,Daylight,Dry,Non-Fatal Injury,Angle,65 to 69,2,,0,0,1,1,0,0,0,0,0,1,0,0,0,9,Edenbridge-Humber Valley (9),15813
9001600712,-8837189.281,5413101.685,81330948,2019,2019/08/22 04:00:00+00,1521,15,BAY ST,COLLEGE ST,,Major Arterial,Toronto and East York,,52,43.660815,-79.38582199999999,Intersection,At Intersection,Traffic Signal,Clear,Daylight,Dry,Non-Fatal Injury,Pedestrian Collisions,65 to 69,2,,1,0,1,0,0,0,0,1,0,1,1,0,0,76,Bay Street Corridor (76),15819
9001602169,-8829287.379,5413324.807,81330890,2019,2019/08/22 04:00:00+00,1823,18,LAKE SHORE BV E,COXWELL AV,,Major Arterial,Toronto and East York,,55,43.662265000000005,-79.314838,Intersection,Intersection Related,Traffic Controller,Clear,Dusk,Dry,Non-Fatal Injury,Rear End,50 to 54,2,,0,0,0,1,0,0,0,0,0,0,0,0,0,70,South Riverdale (70),15014
9001605294,-8840521.074,5415550.473999999,81331616,2019,2019/08/23 04:00:00+00,752,7,DAVENPORT RD,BATHURST ST,,Major Arterial,Toronto and East York,12.0,13,43.676727,-79.415752,Intersection,At Intersection,Traffic Signal,Clear,Daylight,Dry,Non-Fatal Injury,Rear End,60 to 64,2,,0,0,0,0,1,1,0,1,0,1,0,0,0,96,Casa Loma (96),15594
9001618361,-8822452.25,5439160.915,81330712,2019,2019/08/25 04:00:00+00,20,2,PASSMORE AV,DYNAMIC DR,14 m East of,Collector,Scarborough,23.0,42,43.829929,-79.253437,Mid-Block,Non Intersection,No Control,Clear,Dark,Dry,Non-Fatal Injury,Pedestrian Collisions,35 to 39,2,,1,0,1,0,0,0,0,0,0,0,0,0,0,130,Milliken (130),15752
9001620635,-8857459.559,5409297.132,81331187,2019,2019/08/25 04:00:00+00,1115,11,RENFORTH DR,BRIODGEOWN DR,,Collector,Etobicoke York,2.0,22,43.636084999999994,-79.567913,Intersection,At Intersection,Stop Sign,Clear,Daylight,Dry,Non-Fatal Injury,Pedestrian Collisions,unknown,2,,1,0,1,0,0,0,0,0,0,1,0,0,0,13,Etobicoke West Mall (13),15912
9001623743,-8814980.932,5430085.284,81330778,2019,2019/08/25 04:00:00+00,2035,20,KINGSTON RD,MORNINGSIDE AVE,,Major Arterial,Scarborough,25.0,43,43.771086,-79.18632099999999,Mid-Block,Non Intersection,No Control,Clear,Dark,Dry,Fatal,Pedestrian Collisions,70 to 74,3,37.0,1,0,1,0,0,0,0,0,0,0,0,0,0,136,West Hill (136),15914
9001661234,-8829178.618999999,5431040.347,81330779,2019,2019/08/30 04:00:00+00,2023,20,SHEPPARD AVE E,ABBOTSFIELD GT,,Major Arterial,Scarborough,22.0,42,43.777281,-79.313861,Mid-Block,Non Intersection,No Control,Clear,Dark,Dry,Fatal,Pedestrian Collisions,unknown,3,38.0,1,0,1,0,0,0,0,0,0,0,0,0,0,118,Tam O'Shanter-Sullivan (118),15916
9001663278,-8836558.211000001,5415213.404,81331555,2019,2019/08/31 04:00:00+00,740,7,MOUNT PLEASANT RD,ELM AV,2 m North of,Major Arterial,Toronto and East York,11.0,53,43.674537,-79.380153,Intersection,Intersection Related,Traffic Signal,Clear,Daylight,Dry,Non-Fatal Injury,Pedestrian Collisions,70 to 74,2,,1,0,1,0,0,0,0,0,0,1,0,0,0,98,Rosedale-Moore Park (98),15918
9001679481,-8828438.901,5432852.695,81331852,2019,2019/09/02 04:00:00+00,1802,18,GARYBROOK DR,HUNTINGWOOD DR,3 m North of,Minor Arterial,Scarborough,22.0,42,43.789035,-79.307216,Intersection,At Intersection,Stop Sign,Clear,Daylight,Dry,Non-Fatal Injury,Cyclist Collisions,30 to 34,2,,0,1,1,0,0,0,0,0,0,1,0,0,0,118,Tam O'Shanter-Sullivan (118),15920
9001687107,-8843689.783,5413306.65,81334354,2019,2019/09/03 04:00:00+00,1910,19,LANSDOWNE AVE,WALLACE AVE,27 m South of,Minor Arterial,Toronto and East York,9.0,11,43.662147,-79.44421700000001,,At/Near Private Drive,Traffic Signal,Clear,Daylight,Dry,Non-Fatal Injury,Pedestrian Collisions,25 to 29,2,,1,0,1,0,0,0,0,0,0,0,0,0,0,93,Dovercourt-Wallace Emerson-Junction (93),15924
9001689966,-8828428.771,5424592.086,81331274,2019,2019/09/04 04:00:00+00,800,8,1750 VICTORIA PARK AVENUE,SURREY AVENUE,27 m South of,Major Arterial,North York,,41,43.735442,-79.307125,Mid-Block,Non Intersection,No Control,Clear,Daylight,Dry,Non-Fatal Injury,Cyclist Collisions,55 to 59,2,,0,1,1,0,0,0,0,0,0,1,0,0,0,119,Wexford/Maryvale (119),15926
9001693858,-8828129.767,5422043.554,81330881,2019,2019/09/04 04:00:00+00,1722,17,O'CONNOR DR,SUNRISE AV,,Major Arterial,North York,,54,43.718897999999996,-79.304439,Intersection,At Intersection,Traffic Signal,Clear,Daylight,Dry,Non-Fatal Injury,Angle,50 to 54,2,,0,0,1,0,0,0,0,1,1,1,1,1,0,43,Victoria Village (43),15929
9001695892,-8847308.668,5416300.846,81332220,2019,2019/09/04 04:00:00+00,2307,23,WESTON RD,ROGERS RD,,Major Arterial,Etobicoke York,5.0,12,43.681602000000005,-79.476726,Intersection,At Intersection,Traffic Signal,Clear,"Dark, artificial",Dry,Non-Fatal Injury,Turning Movement,40 to 44,2,,0,0,0,1,0,1,0,0,0,1,0,0,0,111,Rockcliffe-Smythe (111),15931
9001704678,-8830074.63,5435831.955,81332834,2019,2019/09/06 04:00:00+00,630,6,WARDEN AVE,MCNICOLL AVE,,Major Arterial,Scarborough,22.0,42,43.808352,-79.32191,Mid-Block,Non Intersection,No Control,Clear,Daylight,Dry,Fatal,Pedestrian Collisions,Over 95,3,43.0,1,0,1,0,0,0,0,0,0,0,0,0,0,116,Steeles (116),15933
9001708503,-8855095.021,5418664.415,81331394,2019,2019/09/06 04:00:00+00,1617,16,DIXON RD,ISLINGTON AVE,,Major Arterial,Etobicoke York,,23,43.696954999999996,-79.546672,Intersection,At Intersection,Traffic Signal,Clear,Daylight,Dry,Fatal,Pedestrian Collisions,75 to 79,3,40.0,1,0,1,0,0,0,0,0,0,0,0,0,0,6,Kingsview Village-The Westway (6),15935
9001709057,-8836762.148,5411595.061000001,81333319,2019,2019/09/06 04:00:00+00,1740,17,RICHMOND ST W,YONGE ST,57 m West of,Major Arterial,Toronto and East York,10.0,52,43.651022999999995,-79.381985,Mid-Block,Non Intersection,No Control,Clear,Daylight,Wet,Non-Fatal Injury,Pedestrian Collisions,50 to 54,2,,1,0,1,0,0,0,0,0,0,0,0,0,0,76,Bay Street Corridor (76),15937
9001711653,-8830381.204,5425404.978999999,81330782,2019,2019/09/07 04:00:00+00,17,1,LAWRENCE AVE E,UNDERHILL DR,,Major Arterial,North York,16.0,33,43.740718,-79.324664,Intersection,At Intersection,Traffic Signal,Clear,Dark,Dry,Fatal,Turning Movement,40 to 44,3,39.0,0,0,1,1,0,0,0,0,1,1,0,0,0,43,Victoria Village (43),15939
9001718859,-8838775.807,5410583.397000001,81333103,2019,2019/09/08 04:00:00+00,106,1,KING ST W,PORTLAND ST,5 m West of,Major Arterial,Toronto and East York,10.0,14,43.644447,-79.400074,Mid-Block,Non Intersection,Traffic Signal,Clear,Dark,Dry,Non-Fatal Injury,Cyclist Collisions,45 to 49,2,,0,1,1,0,0,0,0,0,0,0,0,1,0,77,Waterfront Communities-The Island (77),15941
9001722454,-8829908.207,5437715.755,81334081,2019,2019/09/08 04:00:00+00,1515,15,STEELES AV E,MOUNTCASTLE GT,,Major Arterial,Scarborough,22.0,42,43.820563,-79.320415,Intersection,At Intersection,Traffic Signal,Clear,Daylight,Dry,Non-Fatal Injury,Turning Movement,65 to 69,2,,0,0,1,0,0,0,0,1,0,1,1,0,0,116,Steeles (116),15947
9001729898,-8840502.372000001,5422560.012,81334126,2019,2019/09/09 04:00:00+00,1605,16,LAWRENCE AVENUE W,AVENUE ROAD,,Major Arterial,North York,8.0,32,43.722251,-79.415584,Intersection,At Intersection,Traffic Signal,Clear,Daylight,Dry,Non-Fatal Injury,Turning Movement,35 to 39,2,,0,0,1,0,0,0,0,0,0,1,1,0,0,39,Bedford Park-Nortown (39),15949
9001731704,-8841854.457999999,5419213.1729999995,81333097,2019,2019/09/09 04:00:00+00,2043,20,EGLINTON AV W,CHILTERN HILL RD,,Major Arterial,North York,,13,43.700519,-79.42773000000001,Intersection,At Intersection,Stop Sign,Clear,Dark,Dry,Non-Fatal Injury,Turning Movement,45 to 49,2,,0,0,1,0,0,0,0,0,0,1,0,0,0,106,Humewood-Cedarvale (106),15951
9001733746,-8849236.61,5429176.255,81334651,2019,2019/09/10 04:00:00+00,740,7,19 FOUR WINDS DRIVE,KEELE STREET,90 m East of,Collector,Etobicoke York,7.0,31,43.765189,-79.494045,Mid-Block,Non Intersection,No Control,Clear,Daylight,Dry,Non-Fatal Injury,Pedestrian Collisions,75 to 79,2,,1,0,1,0,0,0,0,0,0,0,0,0,0,27,York University Heights (27),15953
9001734593,-8838686.527999999,5420827.919,81331395,2019,2019/09/10 04:00:00+00,959,9,YONGE ST,ERSKINE AVE,,Major Arterial,North York,,53,43.711005,-79.399272,Intersection,At Intersection,No Control,Clear,Daylight,Dry,Fatal,Pedestrian Collisions,55 to 59,3,41.0,1,0,0,0,1,0,0,0,0,0,0,0,0,104,Mount Pleasant West (104),15955
9001746758,-8851579.886,5426386.062000001,81333640,2019,2019/09/11 04:00:00+00,2056,20,JANE ST,GRANDRAVINE DR,,Major Arterial,Etobicoke York,7.0,31,43.747085,-79.515095,Intersection,At Intersection,Traffic Signal,Rain,"Dark, artificial",Wet,Non-Fatal Injury,Pedestrian Collisions,60 to 64,2,,1,0,1,0,0,0,0,0,0,1,0,0,0,25,Glenfield-Jane Heights (25),15957
9001759607,-8836894.507000001,5409950.087,81334514,2019,2019/09/13 04:00:00+00,1640,16,LAKE SHORE BLVD W,LOWER SIMCOE ST,24 m East of,Expressway,Toronto and East York,10.0,52,43.64033,-79.383174,Intersection,Intersection Related,Traffic Signal,Clear,Daylight,Dry,Non-Fatal Injury,Pedestrian Collisions,50 to 54,2,,1,0,1,0,0,0,0,0,0,0,0,0,0,77,Waterfront Communities-The Island (77),15959
9001763544,-8835729.326,5413334.81,81332274,2019,2019/09/14 04:00:00+00,511,5,IN FRONT OF,333 SHERBOURNE ST,,Minor Arterial,Toronto and East York,13.0,51,43.66233,-79.37270699999999,,At/Near Private Drive,No Control,Clear,"Daylight, artificial",Dry,Non-Fatal Injury,Cyclist Collisions,unknown,2,,0,1,0,0,1,0,0,0,0,0,0,0,0,73,Moss Park (73),15961
9001771919,-8843359.498,5424658.027000001,81332761,2019,2019/09/15 04:00:00+00,1030,10,WILSON AVE,DELAHAYE ST,63 m East of,Major Arterial,North York,6.0,32,43.73587,-79.44125,Mid-Block,Non Intersection,No Control,Clear,Daylight,Wet,Non-Fatal Injury,Approaching,80 to 84,2,,0,0,1,0,0,0,0,0,0,1,0,0,1,33,Clanton Park (33),15963
9001776305,-8835802.352,5412064.624,81332759,2019,2019/09/16 04:00:00+00,42,4,JARVIS ST,RICHARD BIGLEY LANE,,Major Arterial,Toronto and East York,13.0,51,43.654075,-79.373363,Mid-Block,Non Intersection,No Control,Clear,"Dark, artificial",Dry,Non-Fatal Injury,Pedestrian Collisions,35 to 39,2,,1,0,0,0,0,0,0,0,0,0,0,0,0,73,Moss Park (73),15965
9001778423,-8824287.575,5433089.711,81332468,2019,2019/09/16 04:00:00+00,1016,10,BRIMLEY RD,HEATHER RD,,Major Arterial,Scarborough,23.0,42,43.790572,-79.269924,Intersection,At Intersection,Traffic Signal,Clear,Daylight,Dry,Non-Fatal Injury,Approaching,60 to 64,2,,0,0,1,0,1,0,0,0,0,0,0,0,0,129,Agincourt North (129),15967
9001788987,-8851522.89,5417074.677999999,81336709,2019,2019/09/17 04:00:00+00,1630,16,LA ROSE AV,Scarlett Road,25 m West of,Collector,Etobicoke York,2.0,23,43.686628999999996,-79.514583,,At/Near Private Drive,No Control,Clear,Daylight,Dry,Non-Fatal Injury,Cyclist Collisions,50 to 54,2,,0,1,1,0,0,0,0,0,0,1,0,0,0,8,Humber Heights-Westmount (8),15969
9001790358,-8826726.696,5426201.302,81332832,2019,2019/09/17 04:00:00+00,2000,20,LAWRENCE AVE E,AINSDALE RD,,Major Arterial,Scarborough,21.0,41,43.745886,-79.29183499999999,Intersection,Intersection Related,Stop Sign,Clear,Daylight,Dry,Fatal,Pedestrian Collisions,55 to 59,3,42.0,1,0,1,0,0,0,0,0,0,0,0,0,0,119,Wexford/Maryvale (119),15971
9001818682,-8816231.94,5428216.145,81333974,2019,2019/09/21 04:00:00+00,1430,14,KINGSTON RD,OVERTURE RD,170 m East of,Major Arterial,Scarborough,24.0,43,43.758959999999995,-79.197559,Mid-Block,Non Intersection,No Control,Clear,Daylight,Dry,Non-Fatal Injury,Pedestrian Collisions,60 to 64,2,,1,0,0,0,0,1,0,0,0,0,0,0,0,136,West Hill (136),15973
9001835582,-8818089.306,5427952.128,81332836,2019,2019/09/23 04:00:00+00,2019,20,SCARBOROUGH GOLF CLUB RD,CONFEDERATION DR,,Minor Arterial,Scarborough,24.0,43,43.757247,-79.214244,Intersection,Non Intersection,No Control,Clear,Dusk,Dry,Fatal,Pedestrian Collisions,20 to 24,3,44.0,1,0,1,0,0,0,0,0,0,0,0,0,0,137,Woburn (137),15975
9001837052,-8857102.891,5415161.075,81334300,2019,2019/09/24 04:00:00+00,321,3,EGLINTON AV W,HWY 401 W ON-RAMP,130 m West of,Major Arterial,Etobicoke York,,23,43.674197,-79.564709,Mid-Block,Non Intersection,Traffic Signal,Clear,"Dark, artificial",Dry,Non-Fatal Injury,SMV Other,20 to 24,2,,0,0,1,0,0,0,0,1,0,0,0,1,0,11,Eringate-Centennial-West Deane (11),15977
9001843126,-8825661.703,5417976.665,81333465,2019,2019/09/24 04:00:00+00,2046,20,DANFORTH AVE,WANSTEAD AVE,,Major Arterial,Scarborough,20.0,41,43.692488,-79.282268,Intersection,At Intersection,No Control,Clear,"Dark, artificial",Dry,Fatal,Pedestrian Collisions,65 to 69,3,45.0,1,0,1,0,0,0,0,0,0,0,0,0,0,121,Oakridge (121),15979
9001855890,-8830371.074,5422920.302999999,81334445,2019,2019/09/26 04:00:00+00,1445,14,EGLINTON AVE E,WYNFORD DR,60 m East of,Major Arterial,North York,16.0,33,43.72459,-79.324573,Mid-Block,Non Intersection,No Control,Clear,Daylight,Dry,Non-Fatal Injury,Cyclist Collisions,50 to 54,2,,0,1,1,0,0,0,0,0,0,0,0,0,0,42,Banbury-Don Mills (42),15982
9001868191,-8851367.488,5425198.667,81334208,2019,2019/09/28 04:00:00+00,649,6,SHAPPARD AVE W,JANE ST,,Major Arterial,Etobicoke York,,31,43.739379,-79.513187,Intersection,At Intersection,Traffic Signal,Rain,"Dark, artificial",Wet,Non-Fatal Injury,Approaching,55 to 59,2,,0,0,1,0,0,1,0,0,1,1,0,0,0,25,Glenfield-Jane Heights (25),15984
9001872287,-8823327.777999999,5421666.818,81333469,2019,2019/09/28 04:00:00+00,2015,20,KENNEDY RD,ST CLAIR AVE E,,Major Arterial,Scarborough,20.0,41,43.716452000000004,-79.261302,Intersection,At Intersection,Traffic Signal,Clear,"Dark, artificial",Dry,Fatal,Angle,65 to 69,3,46.0,0,0,1,0,0,0,0,1,0,1,1,0,0,120,Clairlea-Birchmount (120),15989
9001878764,-8857101.889,5420265.667,81333471,2019,2019/09/29 04:00:00+00,2031,20,KIPLING AVE,BETHRIDGE RD,,Major Arterial,Etobicoke York,1.0,23,43.707353999999995,-79.5647,Mid-Block,Non Intersection,No Control,Clear,"Daylight, artificial",Dry,Fatal,Pedestrian Collisions,55 to 59,3,47.0,1,0,1,0,0,0,0,0,0,0,0,0,0,1,West Humber-Clairville (1),15991
9001911446,-8840309.678,5419667.725,81334121,2019,2019/10/04 04:00:00+00,955,9,EGLINTON AVE W,HEDDINGTON AVE,,Major Arterial,North York,,53,43.703471,-79.413853,Intersection,At Intersection,Traffic Signal,Clear,Daylight,Dry,Non-Fatal Injury,Pedestrian Collisions,45 to 49,2,,1,0,1,0,0,0,0,0,0,1,0,0,0,103,Lawrence Park South (103),15993
9001921394,-8838825.01,5415495.834,81336300,2019,2019/10/05 04:00:00+00,1611,16,DUPONT ST,BEDFORD RD,,Minor Arterial,Toronto and East York,11.0,53,43.676372,-79.40051600000001,Intersection,At Intersection,Stop Sign,Clear,Daylight,Dry,Non-Fatal Injury,Cyclist Collisions,60 to 64,2,,0,1,1,0,0,0,0,0,0,0,0,0,0,95,Annex (95),15995
9001949959,-8810601.957,5434303.416,81333752,2019,2019/10/09 04:00:00+00,1446,14,KINGSTON RD,PORT UNION RD,82 m West of,Major Arterial,Scarborough,25.0,42,43.798442,-79.146984,,At/Near Private Drive,No Control,Clear,Daylight,Dry,Non-Fatal Injury,Turning Movement,80 to 84,2,,0,0,1,0,0,0,0,0,0,1,0,0,0,133,Centennial Scarborough (133),15997
9001955336,-8836845.304,5409823.491,81335092,2019,2019/10/10 04:00:00+00,932,9,LOWER SIMCOE ST,QUEENS QUAY W,25 m North of,Minor Arterial,Toronto and East York,10.0,52,43.639507,-79.38273199999999,Mid-Block,Non Intersection,No Control,Clear,Daylight,Dry,Non-Fatal Injury,Turning Movement,50 to 54,2,,0,0,1,1,0,0,0,0,0,1,0,0,0,77,Waterfront Communities-The Island (77),15999
9001959130,-8826660.572,5426233.199,81334953,2019,2019/10/10 04:00:00+00,1821,18,LAWRENCE AVE E,CROCKFORD BLVD,,Major Arterial,Scarborough,21.0,41,43.746093,-79.291241,Intersection,At Intersection,Traffic Signal,Clear,Daylight,Dry,Non-Fatal Injury,Pedestrian Collisions,45 to 49,2,,1,0,1,0,0,0,0,0,0,0,0,0,0,119,Wexford/Maryvale (119),16000
9001959528,-8835245.197999999,5433240.992000001,81334990,2019,2019/10/10 04:00:00+00,1918,19,LESLIE ST,RAVEL RD,20 m North of,Major Arterial,North York,17.0,33,43.791553,-79.368358,Intersection,Intersection Related,Traffic Signal,Clear,Daylight,Dry,Non-Fatal Injury,Pedestrian Collisions,80 to 84,2,,1,0,1,0,0,0,0,0,0,0,0,0,0,48,Hillcrest Village (48),15222
9001960766,-8852672.932,5407033.757999999,81334324,2019,2019/10/10 04:00:00+00,2259,22,THE QUEENSWAY,STOCK AVE,47 m East of,Major Arterial,Etobicoke York,3.0,22,43.621368,-79.524914,Mid-Block,Non Intersection,No Control,Clear,"Dark, artificial",Dry,Non-Fatal Injury,Rear End,40 to 44,2,,0,0,1,1,0,0,0,0,0,0,0,0,0,14,Islington-City Centre West (14),15431
9001963574,-8825646.452,5416616.7129999995,81335635,2019,2019/10/11 04:00:00+00,1100,11,NORTHVIEW AVE,VICTORIA PARK AVE,120 m East of,Collector,Scarborough,20.0,41,43.683654,-79.282131,,At/Near Private Drive,No Control,Clear,Daylight,Dry,Non-Fatal Injury,Pedestrian Collisions,20 to 24,2,,1,0,1,0,0,0,0,0,0,0,0,0,0,122,Birchcliffe-Cliffside (122),15435
9001964458,-8823810.237,5423251.03,81335833,2019,2019/10/11 04:00:00+00,1320,13,KENNEDY RD,678 KENNEDY RD,5 m East of,Major Arterial,Scarborough,20.0,41,43.726737,-79.265636,,At/Near Private Drive,No Control,Clear,Daylight,Dry,Non-Fatal Injury,Turning Movement,85 to 89,2,,0,0,1,0,0,0,0,0,1,1,0,0,0,124,Kennedy Park (124),15439
9001965744,-8852336.524,5410064.532000001,81335255,2019,2019/10/11 04:00:00+00,1624,16,1166 ISLINGTON AVE,,,Major Arterial,Etobicoke York,3.0,22,43.641073999999996,-79.52189200000001,Mid-Block,Non Intersection,No Control,Clear,Daylight,Dry,Fatal,SMV Unattended Vehicle,50 to 54,3,48.0,0,0,1,0,1,0,0,0,0,0,0,0,1,16,Stonegate-Queensway (16),15441
9001971045,-8845980.404,5415806.44,81336396,2019,2019/10/12 04:00:00+00,1215,12,OLD WESTON ROAD,TURNBERRY AVENUE,,Minor Arterial,Toronto and East York,9.0,12,43.67839,-79.464794,Intersection,Intersection Related,Traffic Signal,Clear,Daylight,Dry,Non-Fatal Injury,Pedestrian Collisions,55 to 59,2,,1,0,1,0,0,0,0,0,0,1,0,0,0,91,Weston-Pellam Park (91),15443
9001987118,-8846214.843,5429740.746,81333804,2019,2019/10/15 04:00:00+00,442,4,DUFFERIN ST (Z321),FINCH AV W,,Major Arterial,North York,6.0,32,43.768851,-79.4669,Intersection,At Intersection,Traffic Signal,Clear,"Dark, artificial",Dry,Non-Fatal Injury,Turning Movement,35 to 39,2,,0,0,1,0,1,1,0,1,1,1,0,0,0,34,Bathurst Manor (34),15451
9001987144,-8848975.9,5416432.302,81336229,2019,2019/10/15 04:00:00+00,457,4,LAMBTON AVE,ROCKCLIFFE ST,,Collector,Etobicoke York,5.0,12,43.682456,-79.491703,Intersection,At Intersection,Traffic Signal,Clear,Daylight,Dry,Non-Fatal Injury,SMV Other,unknown,2,,0,0,1,1,0,0,0,0,1,1,0,0,1,111,Rockcliffe-Smythe (111),15455
9001991012,-8820110.645,5422993.625,81338013,2019,2019/10/15 04:00:00+00,1548,15,MCCOWAN RD,KINGSTON RD,,Major Arterial,Scarborough,20.0,43,43.725066,-79.23240200000001,Intersection,At Intersection,Traffic Signal,Clear,Daylight,Dry,Non-Fatal Injury,Pedestrian Collisions,50 to 54,2,,1,0,1,0,0,0,0,0,0,1,0,0,0,123,Cliffcrest (123),15457
9001991874,-8836133.639,5420473.717,81339452,2019,2019/10/15 04:00:00+00,1751,17,BAYVIEW AVENUE,SOUDAN AVE,40 m North of,Major Arterial,North York,15.0,53,43.708705,-79.376339,Mid-Block,Non Intersection,Pedestrian Crossover,Clear,Daylight,Dry,Non-Fatal Injury,Pedestrian Collisions,75 to 79,2,,1,0,1,0,0,0,0,0,0,1,0,0,0,56,Leaside-Bennington (56),15459