ACCNUM,X,Y,Index_,YEAR,DATE,TIME,HOUR,STREET1,STREET2,OFFSET,ROAD_CLASS,District,WardNum,Division,LATITUDE,LONGITUDE,LOCCOORD,ACCLOC,TRAFFCTL,VISIBILITY,LIGHT,RDSFCOND,ACCLASS,IMPACTYPE,INVAGE,INJURY,FATAL_NO,PEDESTRIAN,CYCLIST,AUTOMOBILE,MOTORCYCLE,TRUCK,TRSN_CITY_VEH,EMERG_VEH,PASSENGER,SPEEDING,AG_DRIV,REDLIGHT,ALCOHOL,DISABILITY,Hood_ID,Neighbourhood,ObjectId
9001993381,-8829646.607,5415427.034,81336235,2019,2019/10/15 04:00:00+00,2216,22,GERRARD ST E,WEMBLEY DR,,Minor Arterial,Toronto and East York,19.0,55,43.675925,-79.318065,Intersection,Intersection Related,Stop Sign,Clear,"Dark, artificial",Dry,Non-Fatal Injury,Cyclist Collisions,55 to 59,2,,0,1,1,0,0,0,0,0,0,0,0,0,0,64,Woodbine Corridor (64),15461
9002000570,-8833010.682,5415787.6620000005,81336417,2019,2019/10/16 04:00:00+00,2251,22,DANFORTH AV,FERRIER AV,19 m East of,Major Arterial,Toronto and East York,14.0,54,43.678268,-79.348285,Mid-Block,Non Intersection,No Control,Clear,"Dark, artificial",Dry,Non-Fatal Injury,Turning Movement,35 to 39,2,,0,0,1,1,0,0,0,0,1,1,0,0,0,67,Playter Estates-Danforth (67),15463
9002016124,-8861571.033,5427724.645,81334427,2019,2019/10/19 04:00:00+00,248,2,CABERNET CIRCLE - W/OF,MOSELLE DRIVE - ZONE 232,13 m West of,Collector,Etobicoke York,1.0,23,43.755771,-79.60484699999999,Mid-Block,Non Intersection,No Control,Clear,"Dark, artificial",Dry,Non-Fatal Injury,Pedestrian Collisions,25 to 29,2,,1,0,1,0,0,0,0,1,0,1,0,1,0,1,West Humber-Clairville (1),15467
9002039731,-8826949.224,5437338.532000001,81337475,2019,2019/10/22 04:00:00+00,1756,17,MIDLAND AV,ARTILLERY ST,48 m North of,Major Arterial,Scarborough,,42,43.818118,-79.29383399999999,Mid-Block,Non Intersection,No Control,Clear,Daylight,Dry,Non-Fatal Injury,Pedestrian Collisions,80 to 84,2,,1,0,1,0,0,0,0,0,0,0,0,0,0,130,Milliken (130),15469
9002052338,-8843327.995,5414975.0,81335323,2019,2019/10/24 04:00:00+00,1016,10,DUFFERIN STREET,DAVENPORT ROAD,,Major Arterial,Toronto and East York,9.0,13,43.672988000000004,-79.440967,Intersection,At Intersection,Traffic Signal,Clear,Daylight,Dry,Non-Fatal Injury,Turning Movement,60 to 64,2,,0,0,1,0,0,0,0,1,0,1,0,0,0,92,Corso Italia-Davenport (92),15473
9002063791,-8839868.853,5432793.943,81334809,2019,2019/10/25 04:00:00+00,2028,20,CUMMER AV,WILLOWDALE AV,,Minor Arterial,North York,18.0,32,43.788654,-79.40989300000001,Intersection,At Intersection,Traffic Signal,Clear,"Dark, artificial",Dry,Non-Fatal Injury,Cyclist Collisions,60 to 64,2,,0,1,1,0,0,0,0,0,0,1,0,0,0,50,Newtonbrook East (50),15475
9002067554,-8825928.424,5422460.6620000005,81336637,2019,2019/10/26 04:00:00+00,1145,11,COMSTOCK RD,WARDEN AVE,25 m East of,Major Arterial,Scarborough,20.0,41,43.721606,-79.284664,Mid-Block,Non Intersection,No Control,Clear,Daylight,Dry,Non-Fatal Injury,Rear End,70 to 74,2,,0,0,1,0,0,0,0,0,0,0,0,0,1,120,Clairlea-Birchmount (120),15478
9002072643,-8857122.372000001,5408304.329,81337953,2019,2019/10/27 04:00:00+00,238,2,NEILSON DRIVE,JEFF DRIVE,112 m South of,Collector,Etobicoke York,2.0,22,43.62963,-79.56488399999999,Mid-Block,Non Intersection,No Control,Rain,Dark,Wet,Non-Fatal Injury,SMV Other,20 to 24,2,,0,0,1,0,0,0,0,0,0,0,0,0,0,12,Markland Wood (12),15479
9002072728,-8813840.352,5432923.937999999,81337972,2019,2019/10/27 04:00:00+00,255,2,3550 ELLESMERE RD,MORRISH RD,83 m West of,Minor Arterial,Scarborough,25.0,43,43.789497,-79.176075,Mid-Block,Non Intersection,No Control,Rain,"Dark, artificial",Wet,Non-Fatal Injury,SMV Other,30 to 34,2,,0,0,1,0,0,0,0,1,1,1,0,0,0,134,Highland Creek (134),15481
9002076820,-8827776.55,5428924.696,81335688,2019,2019/10/27 04:00:00+00,1820,18,WARDEN AVE,CONTINENTAL PL,2 m West of,Major Arterial,Scarborough,21.0,41,43.763557,-79.301266,Mid-Block,Non Intersection,No Control,Clear,Daylight,Dry,Non-Fatal Injury,Turning Movement,45 to 49,2,,0,0,0,1,1,0,0,0,0,0,0,0,0,119,Wexford/Maryvale (119),15483
9002079433,-8831958.377999999,5422279.06,81401745,2019,2019/10/28 04:00:00+00,629,6,EGLINTON  AVE E,DON MILLS  RD,,Major Arterial,North York,16.0,54,43.720427,-79.338832,Intersection,At Intersection,Traffic Signal,Clear,"Dark, artificial",Dry,Fatal,Pedestrian Collisions,70 to 74,3,49.0,1,0,1,0,0,0,0,0,0,0,0,0,1,44,Flemingdon Park (44),15485
9002080634,-8848300.636,5414273.367000001,81335260,2019,2019/10/28 04:00:00+00,1005,10,ST CLAIR  AVE W,CASTLETON  AVE,,Major Arterial,Etobicoke York,5.0,12,43.668428999999996,-79.485637,Intersection,Intersection Related,Stop Sign,Clear,Daylight,Dry,Fatal,Pedestrian Collisions,80 to 84,3,50.0,1,0,1,0,0,0,0,0,0,0,0,0,0,111,Rockcliffe-Smythe (111),15488
9002093475,-8835740.347000001,5411852.7639999995,81335434,2019,2019/10/30 04:00:00+00,304,3,RICHMOND ST E,JARVIS ST,,Major Arterial,Toronto and East York,13.0,51,43.652698,-79.37280600000001,Intersection,At Intersection,Traffic Signal,Clear,"Dark, artificial",Dry,Non-Fatal Injury,Pedestrian Collisions,60 to 64,2,,1,0,1,0,0,0,0,0,0,1,0,0,0,73,Moss Park (73),15490
9002099158,-8824512.662999999,5437310.916,81335307,2019,2019/10/30 04:00:00+00,2006,20,MCNICOLL AV,MCCOWAN RD,,Major Arterial,Scarborough,23.0,42,43.817939,-79.271946,Intersection,Intersection Related,Traffic Signal,Rain,"Dark, artificial",Wet,Non-Fatal Injury,Pedestrian Collisions,75 to 79,2,,1,0,1,0,0,0,0,1,0,0,0,0,0,130,Milliken (130),15493
9002099223,-8826464.316,5426908.003,81337493,2019,2019/10/30 04:00:00+00,2015,20,39 HOWDEN  RD,,,Collector,Scarborough,21.0,41,43.750471999999995,-79.289478,Mid-Block,Non Intersection,No Control,Rain,"Dark, artificial",Wet,Fatal,Pedestrian Collisions,55 to 59,3,51.0,1,0,1,0,0,0,0,0,0,0,0,0,0,119,Wexford/Maryvale (119),15495
9002113038,-8839597.901,5415417.646000001,81336941,2019,2019/11/01 04:00:00+00,1825,18,SPADINA RD,MACPHERSON AVE,,Minor Arterial,Toronto and East York,12.0,53,43.675864000000004,-79.407459,Intersection,Intersection Related,Stop Sign,Clear,Dusk,Dry,Non-Fatal Injury,Pedestrian Collisions,45 to 49,2,,1,0,1,0,0,0,0,0,0,1,0,0,0,96,Casa Loma (96),15497
9002113660,-8831596.701,5414398.484,81335982,2019,2019/11/01 04:00:00+00,1941,19,GERRARD ST E,JONES AVE,,Minor Arterial,Toronto and East York,14.0,55,43.669242,-79.335583,Intersection,At Intersection,Traffic Signal,Clear,"Dark, artificial",Dry,Non-Fatal Injury,Cyclist Collisions,60 to 64,2,,0,1,1,0,0,0,0,1,0,0,0,0,0,70,South Riverdale (70),15501
9002117462,-8838736.733,5410596.165,81337914,2019,2019/09/03 04:00:00+00,1903,19,KING ST W,PORTLAND ST,30 m East of,Major Arterial,Toronto and East York,10.0,14,43.644529999999996,-79.399723,Mid-Block,Non Intersection,No Control,Clear,Dark,Dry,Non-Fatal Injury,Cyclist Collisions,45 to 49,2,,0,1,1,0,0,0,0,0,0,0,0,0,0,77,Waterfront Communities-The Island (77),15922
9002123332,-8844046.562,5417399.5,81337819,2019,2019/11/03 04:00:00+00,618,6,DUFFERIN ST,MARTIN ST,93 m North of,Major Arterial,Toronto and East York,,13,43.688739,-79.447422,Mid-Block,Non Intersection,No Control,Clear,Daylight,Dry,Non-Fatal Injury,SMV Unattended Vehicle,70 to 74,2,,0,0,1,0,0,0,0,0,0,1,0,0,0,107,Oakwood Village (107),15502
9002133907,-8842296.953,5421500.017999999,81337240,2019,2019/11/04 05:00:00+00,720,7,GLENMOUNT AV,SHELBORNE AV,,Collector,North York,8.0,13,43.715369,-79.43170500000001,Intersection,Intersection Related,Stop Sign,Rain,Daylight,Wet,Non-Fatal Injury,Pedestrian Collisions,65 to 69,2,,1,0,1,0,0,0,0,0,0,1,0,0,0,32,Englemount-Lawrence (32),15504
9002151002,-8833456.627,5431834.535,81337270,2019,2019/11/07 05:00:00+00,710,7,DON MILLS RD W,GOODVIEW RD,168 m South of,Major Arterial,North York,17.0,33,43.782432,-79.35229100000001,,At/Near Private Drive,No Control,Clear,"Dawn, artificial",Wet,Non-Fatal Injury,Cyclist Collisions,75 to 79,2,,0,1,1,0,0,0,0,0,0,0,0,0,0,47,Don Valley Village (47),15506
9002157584,-8827639.739,5438448.643999999,81337100,2019,2019/11/08 05:00:00+00,558,5,STEELES AVENUE EAST,SILVER STAR BOULEVARD,10 m South of,Major Arterial,Scarborough,22.0,42,43.825313,-79.300037,Intersection,At Intersection,Traffic Signal,Clear,"Dark, artificial",Dry,Non-Fatal Injury,Angle,60 to 64,2,,0,0,1,0,0,0,0,1,0,1,1,0,0,130,Milliken (130),15511
9002173783,-8846275.957,5416294.381,81337948,2019,2019/11/10 05:00:00+00,1445,14,OLD WESTON RD,RODGERS RD,40 m South of,Minor Arterial,Etobicoke York,,12,43.68156,-79.467449,,At/Near Private Drive,Traffic Signal,Clear,Daylight,Dry,Non-Fatal Injury,Turning Movement,5 to 9,2,,0,0,1,1,0,0,0,1,0,1,0,0,0,110,Keelesdale-Eglinton West (110),15516
9002192000,-8845182.021,5421192.146000001,81337930,2019,2019/11/13 05:00:00+00,943,9,960 LAWRENCE AVE W,,9 m South of,Major Arterial,North York,8.0,13,43.71337,-79.457622,Mid-Block,Non Intersection,No Control,Clear,Daylight,Dry,Fatal,Angle,65 to 69,3,55.0,0,0,1,0,0,0,0,0,0,1,0,0,0,31,Yorkdale-Glen Park (31),15518
9002192530,-8847453.05,5420455.391,81337232,2019,2019/11/13 05:00:00+00,1051,10,KEELE ST,LAWRENCE AVE W,,Major Arterial,Etobicoke York,5.0,12,43.708586,-79.478023,Intersection,At Intersection,Traffic Signal,Snow,Daylight,Wet,Fatal,Pedestrian Collisions,60 to 64,3,58.0,1,0,0,0,1,0,0,0,0,1,0,0,0,30,Brookhaven-Amesbury (30),15520
9002221424,-8836760.367,5411721.834,81337902,2019,2019/11/16 05:00:00+00,1515,15,QUUEN ST W,BAY ST,36 m East of,Major Arterial,Toronto and East York,,52,43.651847,-79.381969,Mid-Block,Non Intersection,No Control,Clear,Daylight,Dry,Non-Fatal Injury,Pedestrian Collisions,unknown,2,,1,0,1,0,0,0,0,0,0,1,0,0,0,76,Bay Street Corridor (76),15522
9002239655,-8827185.332999999,5426585.311000001,81337650,2019,2019/11/20 05:00:00+00,951,9,WARDEN AVE,BOEM AVE.,,Major Arterial,Scarborough,21.0,41,43.748378,-79.295955,Mid-Block,Non Intersection,No Control,Clear,Daylight,Dry,Non-Fatal Injury,Turning Movement,80 to 84,2,,0,0,1,0,0,0,0,0,0,1,0,0,0,119,Wexford/Maryvale (119),15524
9002248311,-8824205.087000001,5436324.504,81338622,2019,2019/11/21 05:00:00+00,1340,13,MCCOWAN RD,SANDHURST CRCL,,Major Arterial,Scarborough,,42,43.811545,-79.269183,Intersection,At Intersection,Traffic Signal,Rain,Daylight,Wet,Fatal,Cyclist Collisions,80 to 84,3,57.0,0,1,1,0,0,0,0,0,0,0,0,0,0,129,Agincourt North (129),15526
9002250023,-8848856.12,5417090.072000001,81338180,2019,2019/11/21 05:00:00+00,1800,18,EGLINTON AVE W,GUESTVILLE AVE,,Major Arterial,Etobicoke York,5.0,12,43.686729,-79.490627,Intersection,At Intersection,No Control,Rain,"Dark, artificial",Wet,Non-Fatal Injury,Pedestrian Collisions,35 to 39,2,,1,0,1,0,0,0,0,0,0,1,0,0,0,115,Mount Dennis (115),15528
9002255296,-8840344.41,5422597.596,81337502,2019,2019/11/22 05:00:00+00,1352,13,LAWRENCE AVE W,ROSEWELL AVE,,Major Arterial,North York,,32,43.722495,-79.414165,Intersection,Intersection Related,No Control,Clear,Daylight,Dry,Fatal,Pedestrian Collisions,90 to 94,3,53.0,1,0,1,0,0,0,0,0,0,0,0,0,0,103,Lawrence Park South (103),15530
9002258373,-8827886.089,5424894.832,81337739,2019,2019/11/22 05:00:00+00,2135,21,PHARMACY AVE,SURREY AVE,,Minor Arterial,Scarborough,21.0,41,43.737407,-79.30225,Intersection,At Intersection,Traffic Signal,Clear,"Dark, artificial",Dry,Non-Fatal Injury,Pedestrian Collisions,unknown,2,,1,0,1,0,0,0,0,0,0,1,0,0,0,119,Wexford/Maryvale (119),15532
9002258968,-8841626.031,5416306.541,81337503,2019,2019/11/22 05:00:00+00,2321,23,ST CLAIR AVE W,CHRISTIE ST,,Major Arterial,,,13,43.681639000000004,-79.425678,Intersection,Intersection Related,Traffic Signal,Clear,"Dark, artificial",Dry,Fatal,Pedestrian Collisions,unknown,3,54.0,1,0,1,0,0,0,0,0,0,0,0,0,0,94,Wychwood (94),16004
9002262069,-8825345.777999999,5428576.039,81338745,2019,2019/11/23 05:00:00+00,1245,12,KENNEDY RD,BRIGSTOCK RD,8 m South of,Major Arterial,Scarborough,21.0,41,43.761295000000004,-79.27943,Mid-Block,Non Intersection,Stop Sign,Clear,Daylight,Dry,Non-Fatal Injury,Turning Movement,65 to 69,2,,0,0,1,1,0,0,0,1,0,1,0,0,0,126,Dorset Park (126),16007
9002262489,-8852315.374,5430759.908,81340402,2019,2019/11/22 05:00:00+00,2200,22,STEELES AVE W,JANE ST,,Major Arterial,Etobicoke York,7.0,31,43.775462,-79.521702,Intersection,At Intersection,Traffic Signal,Clear,Dark,Dry,Non-Fatal Injury,Pedestrian Collisions,65 to 69,2,,1,0,1,0,0,0,0,0,0,0,0,0,0,27,York University Heights (27),16002
9002263717,-8852521.76,5421843.17,81340119,2019,2019/11/23 05:00:00+00,1714,17,1841 WILSON AVE,#1841,,Major Arterial,Etobicoke York,7.0,31,43.717597,-79.523556,,At/Near Private Drive,No Control,Clear,Dusk,Dry,Non-Fatal Injury,Cyclist Collisions,unknown,2,,0,1,1,0,0,0,0,0,0,1,0,0,0,26,Downsview-Roding-CFB (26),16009
9002274826,-8832180.015,5423381.507,81337497,2019,2019/11/25 05:00:00+00,1210,12,DON MILLS RD,GREEN BELT DR,,Major Arterial,North York,16.0,33,43.727584,-79.340823,Intersection,At Intersection,Traffic Signal,Clear,Daylight,Dry,Fatal,Turning Movement,40 to 44,3,52.0,0,0,1,0,0,0,0,1,0,1,0,0,0,42,Banbury-Don Mills (42),16014
9002276399,-8837269.988,5409721.97,81338591,2019,2019/11/25 05:00:00+00,1609,16,QUEENS QUAY W,ROBERTSON CRESCENT,6 m  of,Minor Arterial,Toronto and East York,10.0,52,43.638847,-79.386547,Intersection,Intersection Related,Traffic Signal,Clear,Daylight,Dry,Non-Fatal Injury,Cyclist Collisions,45 to 49,2,,0,1,1,0,0,0,0,0,0,0,0,0,0,77,Waterfront Communities-The Island (77),16016
9002294353,-8857508.762,5426574.679,81337506,2019,2019/11/28 05:00:00+00,623,6,ISLINGTON AVE,AVIEMORE DR,,Major Arterial,Etobicoke York,,31,43.748309000000006,-79.56835500000001,Intersection,Intersection Related,No Control,Clear,Dark,Dry,Fatal,Pedestrian Collisions,unknown,3,56.0,1,0,0,0,0,0,0,0,0,0,0,0,0,21,Humber Summit (21),16018
9002297507,-8836773.169,5412837.024,81338691,2019,2019/11/28 05:00:00+00,1448,14,YONGE ST,GERRARD ST E,4 m North of,Major Arterial,Toronto and East York,,51,43.659095,-79.38208399999999,Intersection,Intersection Related,Traffic Signal,Clear,Daylight,Dry,Non-Fatal Injury,Pedestrian Collisions,65 to 69,2,,1,0,0,0,1,0,0,0,0,1,0,0,0,75,Church-Yonge Corridor (75),16020
9002320157,-8826776.901,5426203.151000001,81338704,2019,2019/12/01 05:00:00+00,2010,20,LAWRENCE AV E,AINSDALE RD,5 m East of,Major Arterial,Scarborough,21.0,41,43.745898,-79.292286,Mid-Block,Non Intersection,No Control,Snow,"Dark, artificial",Loose Snow,Non-Fatal Injury,Rear End,50 to 54,2,,0,0,1,0,0,0,0,1,1,1,0,0,0,119,Wexford/Maryvale (119),16028
9002330341,-8821295.53,5436542.944,81338696,2019,2019/12/03 05:00:00+00,1030,10,MARKHAM RD,FINCH AV E,1 m North of,Major Arterial,Scarborough,23.0,42,43.812961,-79.24304599999999,Intersection,Intersection Related,Traffic Signal,Clear,Daylight,Wet,Non-Fatal Injury,Pedestrian Collisions,70 to 74,2,,1,0,1,0,0,0,0,0,0,1,0,0,0,132,Malvern (132),16030
9002354607,-8848631.032,5427435.368,81393714,2019,2019/12/06 05:00:00+00,1720,17,3680 KEELE ST,,56 m South of St REGIS CR,Major Arterial,North York,,31,43.753894,-79.488605,Mid-Block,Non Intersection,No Control,Clear,Dark,Wet,Fatal,Pedestrian Collisions,75 to 79,3,64.0,1,0,1,0,0,0,0,0,0,0,0,0,0,27,York University Heights (27),16032
9002354867,-8834292.303,5421382.043,81338710,2019,2019/12/06 05:00:00+00,1800,18,EGLINTON AVE E,BRENTCLIFFE RD,,Major Arterial,North York,15.0,53,43.714603000000004,-79.359798,Intersection,At Intersection,Traffic Signal,Snow,"Dark, artificial",Wet,Non-Fatal Injury,Pedestrian Collisions,55 to 59,2,,1,0,1,0,0,0,0,0,0,0,0,0,0,56,Leaside-Bennington (56),16034
9002365700,-8826020.151,5417879.365,81339292,2019,2019/12/08 05:00:00+00,1205,12,DANFORTH AVE,ST DUSTAN DR,5 m East of,Major Arterial,Scarborough,20.0,41,43.691856,-79.285488,Mid-Block,Non Intersection,Stop Sign,Clear,Daylight,Dry,Non-Fatal Injury,Turning Movement,45 to 49,2,,0,0,1,1,0,0,0,0,1,1,0,0,0,121,Oakridge (121),16037
9002374451,-8833281.633,5415714.243,81339302,2019,2019/12/09 05:00:00+00,1732,17,DANFORTH AVE,ARUNDEL AVE,2 m East of,Major Arterial,Toronto and East York,14.0,54,43.677791,-79.350719,Intersection,Intersection Related,Stop Sign,Clear,"Dark, artificial",Wet,Non-Fatal Injury,Pedestrian Collisions,50 to 54,2,,1,0,1,0,0,0,0,1,0,0,0,0,0,67,Playter Estates-Danforth (67),16041
9002380779,-8841270.142,5428200.115,81339381,2019,2019/12/10 05:00:00+00,1454,14,SHEPPARD AVE W,SENLAC RD,,Major Arterial,North York,18.0,32,43.758856,-79.422481,Intersection,At Intersection,Traffic Signal,Clear,Daylight,Dry,Fatal,Turning Movement,80 to 84,3,63.0,0,0,1,0,0,0,0,1,0,1,1,0,0,38,Lansing-Westgate (38),16044
9002389266,-8827925.941,5422939.557999999,81340347,2019,2019/12/11 05:00:00+00,1725,17,VICTORIA PARK AVE,EGLINTON AVE E,10 m North of,Major Arterial,North York,,41,43.724715,-79.30260799999999,Intersection,At Intersection,Traffic Signal,Clear,"Dark, artificial",Dry,Non-Fatal Injury,Pedestrian Collisions,55 to 59,2,,1,0,1,0,0,0,0,0,0,1,0,0,0,119,Wexford/Maryvale (119),16046
9002389784,-8861415.519,5422075.129,81339078,2019,2019/12/11 05:00:00+00,1843,18,REXDALE BLVD,QUEENS PLATE DR,,Major Arterial,Etobicoke York,,23,43.719103000000004,-79.60345,Intersection,At Intersection,Traffic Signal,Clear,"Dark, artificial",Dry,Fatal,,75 to 79,3,59.0,0,0,1,0,0,0,0,1,0,0,0,0,0,1,West Humber-Clairville (1),16050
9002403050,-8822071.649,5427528.145,81339079,2019,2019/12/15 05:00:00+00,129,1,LAWRENCE AVE E,BARRYMORE RD,,Major Arterial,Scarborough,21.0,43,43.754496,-79.25001800000001,Mid-Block,Non Intersection,No Control,,Dark,,Fatal,Pedestrian Collisions,75 to 79,3,60.0,1,0,1,0,0,0,0,0,0,0,0,0,0,127,Bendale (127),16060
9002403770,-8852008.688,5410770.461,81340702,2019,2019/12/13 05:00:00+00,1653,16,BLOOR ST W,ABERFOYLE CR,,Major Arterial,Etobicoke York,3.0,22,43.645663,-79.518947,Intersection,At Intersection,Traffic Signal,Clear,"Dusk, artificial",Dry,Non-Fatal Injury,Cyclist Collisions,40 to 44,2,,0,1,1,0,0,0,0,0,0,1,0,0,0,14,Islington-City Centre West (14),16052
9002404959,-8848388.133,5426029.797,81339403,2019,2019/12/13 05:00:00+00,2041,20,SHEPPARD AV W,KEELE ST,1 m West of,Major Arterial,North York,6.0,31,43.744772999999995,-79.486423,Intersection,Intersection Related,Traffic Signal,Clear,"Dark, artificial",Dry,Non-Fatal Injury,Pedestrian Collisions,65 to 69,2,,1,0,1,0,0,0,0,0,0,1,0,0,0,27,York University Heights (27),16054
9002407490,-8843665.181,5421618.7639999995,81339262,2019,2019/12/14 05:00:00+00,720,7,LAWRENCE AV W,WILLIAM R ALLEN RD N,,Major Arterial,North York,8.0,32,43.71614,-79.443996,Intersection,At Intersection,Traffic Signal,Rain,Daylight,Wet,Non-Fatal Injury,Turning Movement,45 to 49,2,,0,0,1,0,0,0,0,0,0,1,1,0,0,32,Englemount-Lawrence (32),16056
9002410570,-8834031.593,5427373.106000001,81340718,2019,2019/12/14 05:00:00+00,1705,17,YORK MILSS RD,SCARSDALE RD,,Major Arterial,North York,16.0,33,43.75349,-79.357456,Intersection,At Intersection,Traffic Signal,Rain,"Dark, artificial",Wet,Non-Fatal Injury,Cyclist Collisions,50 to 54,2,,0,1,1,0,0,0,0,0,0,1,0,0,0,42,Banbury-Don Mills (42),16058
9002413473,-8837572.332,5420069.634,81339989,2019,2019/12/15 05:00:00+00,309,3,MOUNT PLEASANT ROAD,SOUDAN AV,,Major Arterial,North York,,53,43.706081,-79.389263,Intersection,Intersection Related,Traffic Signal,Clear,Dark,Dry,Non-Fatal Injury,Rear End,55 to 59,2,,0,0,1,0,0,0,0,1,1,1,0,0,0,99,Mount Pleasant East (99),16063
9002423251,-8852239.787999999,5412457.892999999,81340426,2019,2019/12/16 05:00:00+00,1555,15,DUNDAS ST W,No.4600 (Driveway),,Major Arterial,Etobicoke York,2.0,22,43.656631,-79.521023,,At/Near Private Drive,No Control,Clear,Daylight,Dry,Non-Fatal Injury,Approaching,75 to 79,2,,0,0,1,0,0,0,0,1,0,0,0,0,0,15,Kingsway South (15),16066
9002437548,-8847189.779,5408243.887,81341569,2019,2019/12/18 05:00:00+00,1538,15,E/B MARINE PARADE DR,WATERFRONT DR,96 m West of,Collector,Etobicoke York,3.0,22,43.629236999999996,-79.475658,Mid-Block,Non Intersection,Stop Sign,Clear,"Dark, artificial",Dry,Non-Fatal Injury,Rear End,70 to 74,2,,0,0,1,0,0,0,0,0,0,1,0,0,1,17,Mimico (includes Humber Bay Shores) (17),16068
9002439136,-8818843.607,5430792.9,81339644,2019,2019/12/18 05:00:00+00,1945,19,NEWARK RD,SCARBOROUGH GOLF CLUB RD,,Minor Arterial,Scarborough,24.0,43,43.775676000000004,-79.22102,Intersection,Intersection Related,Stop Sign,Clear,"Dusk, artificial",Dry,Non-Fatal Injury,SMV Other,30 to 34,2,,0,0,1,0,0,0,0,0,0,0,0,0,0,135,Morningside (135),16069
9002450194,-8822315.55,5430621.772000001,81339610,2019,2019/12/20 05:00:00+00,1230,12,McCOWAN RD,TOWN CENTRE CRT,3 m South of,Major Arterial,Scarborough,,43,43.774566,-79.252209,Intersection,Intersection Related,Traffic Signal,Clear,Daylight,Dry,Non-Fatal Injury,Rear End,80 to 84,2,,0,0,1,0,0,0,0,1,0,1,0,0,0,137,Woburn (137),16075
9002463440,-8842606.088,5410056.994,81340380,2019,2019/12/22 05:00:00+00,1055,10,QUEEN STREET WEST,DUNN AVENUE,15 m West of,Major Arterial,Toronto and East York,4.0,11,43.641025,-79.43448199999999,Mid-Block,Non Intersection,Traffic Signal,Clear,"Daylight, artificial",Wet,Non-Fatal Injury,Pedestrian Collisions,80 to 84,2,,1,0,0,0,0,1,0,0,0,0,0,0,0,86,Roncesvalles (86),16077
9002465950,-8820272.058,5431717.352999999,81339099,2019,2019/12/22 05:00:00+00,1834,18,MARKHAM RD,PROGRESS AVE,,Major Arterial,Scarborough,24.0,43,43.781672,-79.233852,Intersection,Intersection Related,Traffic Signal,,Dark,,Fatal,Pedestrian Collisions,40 to 44,3,62.0,1,0,1,0,0,0,0,0,0,0,0,0,0,137,Woburn (137),16081
9002468442,-8845980.404,5415806.44,81339874,2019,2019/12/23 05:00:00+00,657,6,OLD WESTON RD,TURNBERRY AVE,,Minor Arterial,Toronto and East York,9.0,12,43.67839,-79.464794,Intersection,Intersection Related,Traffic Signal,Clear,Dawn,Wet,Non-Fatal Injury,Pedestrian Collisions,55 to 59,2,,1,0,1,0,0,0,0,0,0,1,0,0,0,91,Weston-Pellam Park (91),16083
9002471073,-8851801.523,5413023.055,81341364,2019,2019/12/23 05:00:00+00,1415,14,ROYAL YORK RD,LAMBETH RD,,Minor Arterial,Etobicoke York,2.0,22,43.660304,-79.51708599999999,Intersection,At Intersection,No Control,Clear,Daylight,Dry,Non-Fatal Injury,Turning Movement,65 to 69,2,,0,0,1,0,0,0,0,1,0,1,0,0,0,9,Edenbridge-Humber Valley (9),16086
9002481518,-8832868.86,5430704.715,81340390,2019,2019/12/25 05:00:00+00,850,8,SHEPPARD AVE E,DON MILLS RD,,Major Arterial,North York,17.0,33,43.775104,-79.347011,Intersection,At Intersection,Traffic Signal,Clear,Daylight,Wet,Non-Fatal Injury,Pedestrian Collisions,45 to 49,2,,1,0,1,0,0,0,0,0,0,1,0,0,0,47,Don Valley Village (47),16088
9002496688,-8851734.397,5427216.682,81356468,2019,2019/12/27 05:00:00+00,2324,23,2901 JANE ST,JANE ST,3 m East of,Major Arterial,Etobicoke York,7.0,31,43.752475,-79.516483,Mid-Block,Non Intersection,No Control,Clear,"Dark, artificial",Dry,Non-Fatal Injury,Pedestrian Collisions,20 to 24,2,,1,0,1,0,0,0,0,0,0,1,0,0,0,25,Glenfield-Jane Heights (25),16090
9002500260,-8837083.082,5412746.086,81340415,2019,2019/12/28 05:00:00+00,1514,15,GERRARD ST,BAY ST,,Major Arterial,Toronto and East York,11.0,52,43.658504,-79.38486800000001,Intersection,At Intersection,Traffic Signal,Clear,Daylight,Dry,Non-Fatal Injury,Pedestrian Collisions,50 to 54,2,,1,0,1,0,0,0,0,0,0,1,1,0,0,76,Bay Street Corridor (76),16093
9085345312,-8833417.554,5415677.7639999995,81240245,2019,2019/05/10 04:00:00+00,2200,22,DANFORTH AV,CHESTER AV,22 m East of,Major Arterial,Toronto and East York,14.0,54,43.677554,-79.35194,Mid-Block,Non Intersection,No Control,Clear,"Dark, artificial",Dry,Non-Fatal Injury,Turning Movement,45 to 49,2,,0,0,1,0,0,0,0,1,0,1,0,0,1,67,Playter Estates-Danforth (67),15269